timestamp,building_id,active_power_kw,ambient_temp_c,is_mall_open,target_load_60m,load_lag_1h,load_lag_2h,load_lag_3h,load_lag_24h,load_roll_mean_6h,load_roll_max_6h,load_roll_std_6h,sin_hour,cos_hour,day_of_week,is_weekend
2026-08-21 00:00:00+00:00,urn:ngsi-ld:Building:PUNE:BLD-PHOENIX-01,1388.84,16.2,0,1383.71,2195.9,4365.2,4346.13,1151.2,3684.769166666667,4639.72,1134.6487650558452,0.0,1.0,4,0
2026-08-21 00:15:00+00:00,urn:ngsi-ld:Building:PUNE:BLD-PHOENIX-01,1165.0,15.4,0,1311.17,1933.68,2077.15,4392.38,1339.35,3552.0325,4639.72,1209.8799349279684,0.06540312923014306,0.9978589232386035,4,0
2026-08-21 00:30:00+00:00,urn:ngsi-ld:Building:PUNE:BLD-PHOENIX-01,1212.51,16.2,0,1245.37,2206.84,2070.84,4233.57,1126.29,3410.7262499999997,4639.72,1283.2985533884175,0.13052619222005157,0.9914448613738104,4,0
2026-08-21 00:45:00+00:00,urn:ngsi-ld:Building:PUNE:BLD-PHOENIX-01,1234.47,15.5,0,1134.21,1232.95,2155.1,4366.4,1219.96,3267.9258333333332,4520.41,1330.4133241735087,0.19509032201612825,0.9807852804032304,4,0
2026-08-21 01:00:00+00:00,urn:ngsi-ld:Building:PUNE:BLD-PHOENIX-01,1383.71,15.4,0,1218.26,1388.84,2195.9,4365.2,1168.96,3136.9091666666664,4520.41,1370.477035008698,0.25881904510252074,0.9659258262890683,4,0
2026-08-21 01:15:00+00:00,urn:ngsi-ld:Building:PUNE:BLD-PHOENIX-01,1311.17,15.1,0,1123.99,1165.0,1933.68,2077.15,1323.89,3015.23875,4520.41,1391.832581671631,0.3214394653031616,0.9469301294951057,4,0
2026-08-21 01:30:00+00:00,urn:ngsi-ld:Building:PUNE:BLD-PHOENIX-01,1245.37,13.6,0,1204.0,1212.51,2206.84,2070.84,1357.09,2881.5204166666667,4443.36,1395.095884239344,0.3826834323650898,0.9238795325112867,4,0
2026-08-21 01:45:00+00:00,urn:ngsi-ld:Building:PUNE:BLD-PHOENIX-01,1134.21,14.2,0,1345.26,1234.47,1232.95,2155.1,1168.37,2748.2708333333335,4392.38,1392.1557035916467,0.44228869021900125,0.8968727415326884,4,0
2026-08-21 02:00:00+00:00,urn:ngsi-ld:Building:PUNE:BLD-PHOENIX-01,1218.26,14.1,0,1377.05,1383.71,1388.84,2195.9,1158.91,2618.97,4392.38,1391.9425117439293,0.49999999999999994,0.8660254037844387,4,0
2026-08-21 02:15:00+00:00,urn:ngsi-ld:Building:PUNE:BLD-PHOENIX-01,1123.99,15.1,0,1183.89,1311.17,1165.0,1933.68,1245.26,2491.3516666666665,4392.38,1373.2067962181475,0.5555702330196022,0.8314696123025452,4,0
2026-08-21 02:30:00+00:00,urn:ngsi-ld:Building:PUNE:BLD-PHOENIX-01,1204.0,14.5,0,1273.04,1245.37,1212.51,2206.84,1185.31,2360.1858333333334,4392.38,1345.8018084848202,0.6087614290087207,0.7933533402912352,4,0
2026-08-21 02:45:00+00:00,urn:ngsi-ld:Building:PUNE:BLD-PHOENIX-01,1345.26,14.3,0,1146.98,1134.21,1234.47,1232.95,1235.32,2232.6766666666667,4392.38,1301.811633153772,0.6593458151000688,0.7518398074789774,4,0
2026-08-21 03:00:00+00:00,urn:ngsi-ld:Building:PUNE:BLD-PHOENIX-01,1377.05,14.9,0,1271.68,1218.26,1383.71,1388.84,1216.55,2105.955416666666,4392.38,1229.0198355670293,0.7071067811865476,0.7071067811865476,4,0
2026-08-21 03:15:00+00:00,urn:ngsi-ld:Building:PUNE:BLD-PHOENIX-01,1183.89,14.6,0,1428.3,1123.99,1311.17,1165.0,1284.72,1982.2437499999999,4392.38,1139.9251596403053,0.7518398074789774,0.6593458151000688,4,0
2026-08-21 03:30:00+00:00,urn:ngsi-ld:Building:PUNE:BLD-PHOENIX-01,1273.04,14.7,0,1222.7,1204.0,1245.37,1212.51,1290.93,1848.5566666666666,4366.4,1027.5880116105843,0.7933533402912352,0.6087614290087207,4,0
2026-08-21 03:45:00+00:00,urn:ngsi-ld:Building:PUNE:BLD-PHOENIX-01,1146.98,15.1,0,1193.88,1345.26,1134.21,1234.47,1211.39,1725.20125,4366.4,898.41133260358,0.8314696123025451,0.5555702330196024,4,0
2026-08-21 04:00:00+00:00,urn:ngsi-ld:Building:PUNE:BLD-PHOENIX-01,1271.68,15.3,0,1364.56,1377.05,1218.26,1383.71,1172.69,1591.0587500000001,4365.2,706.8249629047654,0.8660254037844386,0.5000000000000001,4,0
2026-08-21 04:15:00+00:00,urn:ngsi-ld:Building:PUNE:BLD-PHOENIX-01,1428.3,17.0,0,1187.86,1183.89,1123.99,1311.17,1357.25,1462.1620833333334,2206.84,389.9963123011692,0.8968727415326884,0.44228869021900125,4,0
2026-08-21 04:30:00+00:00,urn:ngsi-ld:Building:PUNE:BLD-PHOENIX-01,1222.7,15.3,0,1234.55,1273.04,1204.0,1245.37,1170.19,1435.1266666666668,2206.84,367.3423007361683,0.9238795325112867,0.38268343236508984,4,0
2026-08-21 04:45:00+00:00,urn:ngsi-ld:Building:PUNE:BLD-PHOENIX-01,1193.88,15.2,0,1199.7,1146.98,1345.26,1134.21,1311.81,1399.7875000000001,2206.84,343.55238203536067,0.9469301294951056,0.3214394653031617,4,0
2026-08-21 05:00:00+00:00,urn:ngsi-ld:Building:PUNE:BLD-PHOENIX-01,1364.56,16.7,0,1241.05,1271.68,1377.05,1218.26,1301.6,1359.7366666666667,2206.84,305.6036624476966,0.9659258262890683,0.25881904510252074,4,0
2026-08-21 05:15:00+00:00,urn:ngsi-ld:Building:PUNE:BLD-PHOENIX-01,1187.86,16.4,0,1110.63,1428.3,1183.89,1123.99,1272.06,1325.0975,2206.84,248.4832235829418,0.9807852804032304,0.19509032201612833,4,0
2026-08-21 05:30:00+00:00,urn:ngsi-ld:Building:PUNE:BLD-PHOENIX-01,1234.55,16.0,0,1127.69,1222.7,1273.04,1204.0,1270.78,1294.0216666666668,2206.84,213.19459159194034,0.9914448613738104,0.1305261922200517,4,0
2026-08-21 05:45:00+00:00,urn:ngsi-ld:Building:PUNE:BLD-PHOENIX-01,1199.7,17.1,0,1424.51,1193.88,1146.98,1345.26,1271.24,1253.5095833333332,1428.3,87.55235832141295,0.9978589232386035,0.06540312923014327,4,0
2026-08-21 06:00:00+00:00,urn:ngsi-ld:Building:PUNE:BLD-PHOENIX-01,1241.05,17.7,0,1138.7,1364.56,1271.68,1377.05,1256.42,1252.1241666666667,1428.3,88.15284773896366,1.0,6.123233995736766e-17,4,0
2026-08-21 06:15:00+00:00,urn:ngsi-ld:Building:PUNE:BLD-PHOENIX-01,1110.63,17.7,0,1282.45,1187.86,1428.3,1183.89,1309.97,1245.96625,1428.3,83.21073419530819,0.9978589232386035,-0.06540312923014314,4,0
2026-08-21 06:30:00+00:00,urn:ngsi-ld:Building:PUNE:BLD-PHOENIX-01,1127.69,20.5,0,1156.25,1234.55,1222.7,1273.04,1219.63,1243.7008333333333,1428.3,86.19739751524946,0.9914448613738104,-0.1305261922200516,4,0
2026-08-21 06:45:00+00:00,urn:ngsi-ld:Building:PUNE:BLD-PHOENIX-01,1424.51,19.1,0,1323.85,1199.7,1193.88,1146.98,1189.31,1240.1666666666667,1428.3,89.21777901713173,0.9807852804032304,-0.1950903220161282,4,0
2026-08-21 07:00:00+00:00,urn:ngsi-ld:Building:PUNE:BLD-PHOENIX-01,1138.7,22.1,0,2014.27,1241.05,1364.56,1271.68,1392.02,1248.085,1428.3,96.80120610996525,0.9659258262890683,-0.25881904510252063,4,0
2026-08-21 07:15:00+00:00,urn:ngsi-ld:Building:PUNE:BLD-PHOENIX-01,1282.45,20.7,0,1919.38,1110.63,1187.86,1428.3,1341.99,1237.87625,1428.3,94.77446509027786,0.9469301294951057,-0.3214394653031616,4,0
2026-08-21 07:30:00+00:00,urn:ngsi-ld:Building:PUNE:BLD-PHOENIX-01,1156.25,22.6,0,2024.69,1127.69,1234.55,1222.7,1218.19,1236.6795833333333,1428.3,93.98683059823816,0.9238795325112868,-0.3826834323650895,4,0
2026-08-21 07:45:00+00:00,urn:ngsi-ld:Building:PUNE:BLD-PHOENIX-01,1323.85,22.0,0,1997.24,1424.51,1199.7,1193.88,1305.69,1232.9662500000002,1428.3,95.37876934540483,0.8968727415326884,-0.44228869021900113,4,0
2026-08-21 08:00:00+00:00,urn:ngsi-ld:Building:PUNE:BLD-PHOENIX-01,2014.27,23.0,0,2146.21,1138.7,1241.05,1364.56,2125.37,1240.8679166666668,1428.3,94.69449935719932,0.8660254037844387,-0.4999999999999998,4,0
2026-08-21 08:15:00+00:00,urn:ngsi-ld:Building:PUNE:BLD-PHOENIX-01,1919.38,23.3,0,2083.42,1282.45,1110.63,1187.86,2006.08,1274.035,2014.27,183.8572749148824,0.8314696123025451,-0.5555702330196023,4,0
2026-08-21 08:30:00+00:00,urn:ngsi-ld:Building:PUNE:BLD-PHOENIX-01,2024.69,23.9,0,2050.01,1156.25,1127.69,1234.55,2031.83,1307.1762500000002,2014.27,223.12765809522918,0.7933533402912352,-0.6087614290087207,4,0
2026-08-21 08:45:00+00:00,urn:ngsi-ld:Building:PUNE:BLD-PHOENIX-01,1997.24,24.8,0,2080.07,1323.85,1424.51,1199.7,1942.34,1341.3716666666667,2024.69,265.49328149472433,0.7518398074789774,-0.6593458151000688,4,0
2026-08-21 09:00:00+00:00,urn:ngsi-ld:Building:PUNE:BLD-PHOENIX-01,2146.21,25.5,0,4615.22,2014.27,1138.7,1241.05,2097.23,1368.5375000000001,2024.69,297.35283312487155,0.7071067811865476,-0.7071067811865475,4,0
2026-08-21 09:15:00+00:00,urn:ngsi-ld:Building:PUNE:BLD-PHOENIX-01,2083.42,25.9,0,4633.42,1919.38,1282.45,1110.63,2115.6,1400.5858333333333,2146.21,337.10287605232634,0.659345815100069,-0.7518398074789773,4,0
2026-08-21 09:30:00+00:00,urn:ngsi-ld:Building:PUNE:BLD-PHOENIX-01,2050.01,26.5,0,4392.92,2024.69,1156.25,1127.69,2065.06,1438.06625,2146.21,361.1137773106746,0.6087614290087209,-0.793353340291235,4,0
2026-08-21 09:45:00+00:00,urn:ngsi-ld:Building:PUNE:BLD-PHOENIX-01,2080.07,26.6,0,4719.11,1997.24,1323.85,1424.51,2020.61,1470.4399999999998,2146.21,380.0091956095572,0.5555702330196025,-0.831469612302545,4,0
2026-08-21 10:00:00+00:00,urn:ngsi-ld:Building:PUNE:BLD-PHOENIX-01,4615.22,27.6,1,4537.47,2146.21,2014.27,1138.7,4391.72,1509.3187499999997,2146.21,392.98776027308185,0.49999999999999994,-0.8660254037844387,4,0
2026-08-21 10:15:00+00:00,urn:ngsi-ld:Building:PUNE:BLD-PHOENIX-01,4633.42,29.1,1,4832.5,2083.42,1919.38,1282.45,4426.88,1648.6329166666667,4615.22,742.3948803965086,0.4422886902190017,-0.8968727415326881,4,0
2026-08-21 10:30:00+00:00,urn:ngsi-ld:Building:PUNE:BLD-PHOENIX-01,4392.92,28.3,1,4656.1,2050.01,2024.69,1156.25,4515.0,1782.1795833333333,4633.42,958.0058067014672,0.3826834323650899,-0.9238795325112867,4,0
2026-08-21 10:45:00+00:00,urn:ngsi-ld:Building:PUNE:BLD-PHOENIX-01,4719.11,30.0,1,4849.57,2080.07,1997.24,1323.85,4580.76,1914.2720833333335,4633.42,1087.3384682472386,0.32143946530316175,-0.9469301294951056,4,0
2026-08-21 11:00:00+00:00,urn:ngsi-ld:Building:PUNE:BLD-PHOENIX-01,4537.47,30.1,1,4841.75,4615.22,2146.21,2014.27,4745.66,2061.1566666666668,4719.11,1216.2551714807303,0.258819045102521,-0.9659258262890682,4,0
2026-08-21 11:15:00+00:00,urn:ngsi-ld:Building:PUNE:BLD-PHOENIX-01,4832.5,30.8,1,4910.49,4633.42,2083.42,1919.38,4761.89,2193.36125,4719.11,1306.3518790536734,0.19509032201612816,-0.9807852804032304,4,0
2026-08-21 11:30:00+00:00,urn:ngsi-ld:Building:PUNE:BLD-PHOENIX-01,4656.1,30.1,1,4808.83,4392.92,2050.01,2024.69,4740.73,2345.22125,4832.5,1393.3275135672823,0.130526192220052,-0.9914448613738104,4,0
2026-08-21 11:45:00+00:00,urn:ngsi-ld:Building:PUNE:BLD-PHOENIX-01,4849.57,31.3,1,4985.26,4719.11,2080.07,1997.24,4572.48,2487.7858333333334,4832.5,1448.6889725749083,0.06540312923014312,-0.9978589232386035,4,0
2026-08-21 12:00:00+00:00,urn:ngsi-ld:Building:PUNE:BLD-PHOENIX-01,4841.75,31.4,1,4999.43,4537.47,4615.22,2146.21,4685.73,2639.86375,4849.57,1498.3162827590766,1.2246467991473532e-16,-1.0,4,0
2026-08-21 12:15:00+00:00,urn:ngsi-ld:Building:PUNE:BLD-PHOENIX-01,4910.49,31.7,1,4949.47,4832.5,4633.42,2083.42,4854.94,2789.892916666666,4849.57,1532.053209478617,-0.06540312923014287,-0.9978589232386035,4,0
2026-08-21 12:30:00+00:00,urn:ngsi-ld:Building:PUNE:BLD-PHOENIX-01,4808.83,33.1,1,5033.74,4656.1,4392.92,2050.01,5048.47,2948.2204166666666,4910.49,1547.2371948776508,-0.13052619222005177,-0.9914448613738104,4,0
2026-08-21 12:45:00+00:00,urn:ngsi-ld:Building:PUNE:BLD-PHOENIX-01,4985.26,32.4,1,5104.9,4849.57,4719.11,2080.07,5030.32,3101.60125,4910.49,1541.3659704056192,-0.19509032201612792,-0.9807852804032305,4,0
2026-08-21 13:00:00+00:00,urn:ngsi-ld:Building:PUNE:BLD-PHOENIX-01,4999.43,33.0,1,4983.9,4841.75,4537.47,4615.22,4930.4,3249.965833333333,4985.26,1544.286162575128,-0.2588190451025208,-0.9659258262890683,4,0
2026-08-21 13:15:00+00:00,urn:ngsi-ld:Building:PUNE:BLD-PHOENIX-01,4949.47,31.9,1,5195.59,4910.49,4832.5,4633.42,4941.76,3410.8295833333336,4999.43,1515.614156475359,-0.32143946530316153,-0.9469301294951057,4,0
2026-08-21 13:30:00+00:00,urn:ngsi-ld:Building:PUNE:BLD-PHOENIX-01,5033.74,34.2,1,5302.27,4808.83,4656.1,4392.92,4954.16,3563.6220833333336,4999.43,1476.0420897703873,-0.38268343236508967,-0.9238795325112868,4,0
2026-08-21 13:45:00+00:00,urn:ngsi-ld:Building:PUNE:BLD-PHOENIX-01,5104.9,33.8,1,5218.12,4985.26,4849.57,4719.11,5129.07,3725.1841666666664,5033.74,1411.8975321020282,-0.44228869021900147,-0.8968727415326883,4,0
2026-08-21 14:00:00+00:00,urn:ngsi-ld:Building:PUNE:BLD-PHOENIX-01,4983.9,33.4,1,5250.19,4999.43,4841.75,4537.47,4909.78,3882.7279166666667,5104.9,1341.4947203933743,-0.4999999999999997,-0.8660254037844388,4,0
2026-08-21 14:15:00+00:00,urn:ngsi-ld:Building:PUNE:BLD-PHOENIX-01,5195.59,33.3,1,5105.46,4949.47,4910.49,4832.5,5049.84,4006.4625,5104.9,1297.9077643829908,-0.555570233019602,-0.8314696123025455,4,0
2026-08-21 14:30:00+00:00,urn:ngsi-ld:Building:PUNE:BLD-PHOENIX-01,5302.27,33.8,1,4998.61,5033.74,4808.83,4656.1,5115.63,4142.97125,5195.59,1239.843337036588,-0.6087614290087207,-0.7933533402912352,4,0
2026-08-21 14:45:00+00:00,urn:ngsi-ld:Building:PUNE:BLD-PHOENIX-01,5218.12,34.2,1,4995.86,5104.9,4985.26,4849.57,5182.94,4279.537083333334,5302.27,1175.1987288501994,-0.6593458151000688,-0.7518398074789774,4,0
2026-08-21 15:00:00+00:00,urn:ngsi-ld:Building:PUNE:BLD-PHOENIX-01,5250.19,34.5,1,5050.21,4983.9,4999.43,4841.75,5034.56,4413.7404166666665,5302.27,1083.5714355234863,-0.7071067811865471,-0.7071067811865479,4,0
2026-08-21 15:15:00+00:00,urn:ngsi-ld:Building:PUNE:BLD-PHOENIX-01,5105.46,33.8,1,5136.98,5195.59,4949.47,4910.49,5220.81,4543.072916666667,5302.27,981.6009661881753,-0.7518398074789773,-0.6593458151000691,4,0
2026-08-21 15:30:00+00:00,urn:ngsi-ld:Building:PUNE:BLD-PHOENIX-01,4998.61,33.2,1,5146.18,5302.27,5033.74,4808.83,5151.8,4668.99125,5302.27,835.2892502877056,-0.7933533402912349,-0.6087614290087209,4,0
2026-08-21 15:45:00+00:00,urn:ngsi-ld:Building:PUNE:BLD-PHOENIX-01,4995.86,33.6,1,4798.55,5218.12,5104.9,4985.26,5027.56,4791.849583333334,5302.27,623.2667332794719,-0.8314696123025452,-0.5555702330196022,4,0
2026-08-21 16:00:00+00:00,urn:ngsi-ld:Building:PUNE:BLD-PHOENIX-01,5050.21,33.2,1,4741.63,5250.19,4983.9,4999.43,4882.17,4913.340833333334,5302.27,234.82106493755663,-0.8660254037844385,-0.5000000000000004,4,0
2026-08-21 16:15:00+00:00,urn:ngsi-ld:Building:PUNE:BLD-PHOENIX-01,5136.98,33.2,1,4991.23,5105.46,5195.59,4949.47,4827.15,4931.465416666667,5302.27,227.48287784548702,-0.8968727415326883,-0.44228869021900136,4,0
2026-08-21 16:30:00+00:00,urn:ngsi-ld:Building:PUNE:BLD-PHOENIX-01,5146.18,33.3,1,4632.98,4998.61,5302.27,5033.74,4973.85,4952.4470833333335,5302.27,221.95320882680886,-0.9238795325112868,-0.3826834323650895,4,0
2026-08-21 16:45:00+00:00,urn:ngsi-ld:Building:PUNE:BLD-PHOENIX-01,4798.55,31.0,1,4612.02,4995.86,5218.12,5104.9,4715.41,4983.832916666667,5302.27,190.40853242846185,-0.9469301294951056,-0.3214394653031618,4,0
2026-08-21 17:00:00+00:00,urn:ngsi-ld:Building:PUNE:BLD-PHOENIX-01,4741.63,30.8,1,4653.4,5050.21,5250.19,4983.9,4972.99,4987.142916666667,5302.27,186.25169999759837,-0.9659258262890683,-0.25881904510252063,4,0
2026-08-21 17:15:00+00:00,urn:ngsi-ld:Building:PUNE:BLD-PHOENIX-01,4991.23,32.0,1,4749.51,5136.98,5105.46,5195.59,5240.98,4995.649583333333,5302.27,168.6515756762515,-0.9807852804032303,-0.19509032201612866,4,0
2026-08-21 17:30:00+00:00,urn:ngsi-ld:Building:PUNE:BLD-PHOENIX-01,4632.98,30.3,1,4422.07,5146.18,4998.61,5302.27,4712.1,5002.263333333333,5302.27,165.04927948335222,-0.9914448613738104,-0.13052619222005163,4,0
2026-08-21 17:45:00+00:00,urn:ngsi-ld:Building:PUNE:BLD-PHOENIX-01,4612.02,30.3,1,4532.49,4798.55,4995.86,5218.12,4603.66,5001.3,5302.27,167.21087204616063,-0.9978589232386035,-0.06540312923014273,4,0
2026-08-21 18:00:00+00:00,urn:ngsi-ld:Building:PUNE:BLD-PHOENIX-01,4653.4,29.4,1,4338.59,4741.63,5050.21,5250.19,4574.52,4991.402083333333,5302.27,182.87957753145204,-1.0,-1.8369701987210297e-16,4,0
2026-08-21 18:15:00+00:00,urn:ngsi-ld:Building:PUNE:BLD-PHOENIX-01,4749.51,30.0,1,4406.14,4991.23,5136.98,5105.46,4556.35,4983.554166666667,5302.27,193.32391430642065,-0.9978589232386036,0.06540312923014237,4,0
2026-08-21 18:30:00+00:00,urn:ngsi-ld:Building:PUNE:BLD-PHOENIX-01,4422.07,27.4,1,4490.22,4632.98,5146.18,4998.61,4639.72,4976.846666666666,5302.27,198.68739380739189,-0.9914448613738105,0.13052619222005127,4,0
2026-08-21 18:45:00+00:00,urn:ngsi-ld:Building:PUNE:BLD-PHOENIX-01,4532.49,28.2,1,4430.43,4612.02,4798.55,4995.86,4378.87,4960.731666666667,5302.27,226.62730971828503,-0.9807852804032304,0.1950903220161283,4,0
2026-08-21 19:00:00+00:00,urn:ngsi-ld:Building:PUNE:BLD-PHOENIX-01,4338.59,28.6,1,4427.31,4653.4,4741.63,5050.21,4303.8,4941.86625,5302.27,242.76721306120086,-0.9659258262890684,0.2588190451025203,4,0
2026-08-21 19:15:00+00:00,urn:ngsi-ld:Building:PUNE:BLD-PHOENIX-01,4406.14,26.7,1,4372.12,4749.51,4991.23,5136.98,4520.41,4914.33125,5302.27,271.70624907301726,-0.9469301294951057,0.3214394653031615,4,0
2026-08-21 19:30:00+00:00,urn:ngsi-ld:Building:PUNE:BLD-PHOENIX-01,4490.22,25.5,1,4375.68,4422.07,4632.98,5146.18,4443.36,4891.6925,5302.27,290.6276473166049,-0.923879532511287,0.38268343236508917,4,0
2026-08-21 19:45:00+00:00,urn:ngsi-ld:Building:PUNE:BLD-PHOENIX-01,4430.43,26.1,1,4335.98,4532.49,4612.02,4798.55,4237.43,4869.045833333334,5302.27,300.0996671820144,-0.8968727415326884,0.442288690219001,4,0
2026-08-21 20:00:00+00:00,urn:ngsi-ld:Building:PUNE:BLD-PHOENIX-01,4427.31,24.9,1,4386.42,4338.59,4653.4,4741.63,4281.1,4840.942916666666,5302.27,308.51521861524475,-0.8660254037844386,0.5000000000000001,4,0
2026-08-21 20:15:00+00:00,urn:ngsi-ld:Building:PUNE:BLD-PHOENIX-01,4372.12,25.3,1,4249.44,4406.14,4749.51,4991.23,4271.97,4817.751666666667,5302.27,318.0733554258925,-0.8314696123025455,0.5555702330196018,4,0
2026-08-21 20:30:00+00:00,urn:ngsi-ld:Building:PUNE:BLD-PHOENIX-01,4375.68,24.1,1,4490.74,4490.22,4422.07,4632.98,4264.22,4783.440416666667,5302.27,319.9522150528296,-0.7933533402912357,0.6087614290087199,4,0
2026-08-21 20:45:00+00:00,urn:ngsi-ld:Building:PUNE:BLD-PHOENIX-01,4335.98,22.9,1,4271.89,4430.43,4532.49,4612.02,4386.57,4744.8324999999995,5250.19,310.3859707616535,-0.7518398074789772,0.6593458151000691,4,0
2026-08-21 21:00:00+00:00,urn:ngsi-ld:Building:PUNE:BLD-PHOENIX-01,4386.42,22.7,1,4430.22,4427.31,4338.59,4653.4,4346.13,4708.076666666667,5250.19,304.0697065200513,-0.7071067811865477,0.7071067811865474,4,0
2026-08-21 21:15:00+00:00,urn:ngsi-ld:Building:PUNE:BLD-PHOENIX-01,4249.44,22.7,1,2176.25,4372.12,4406.14,4749.51,4392.38,4672.08625,5146.18,287.79760328960475,-0.6593458151000687,0.7518398074789775,4,0
2026-08-21 21:30:00+00:00,urn:ngsi-ld:Building:PUNE:BLD-PHOENIX-01,4490.74,21.5,1,2129.97,4375.68,4490.22,4422.07,4233.57,4636.41875,5146.18,284.78188012266014,-0.608761429008721,0.7933533402912349,4,0
2026-08-21 21:45:00+00:00,urn:ngsi-ld:Building:PUNE:BLD-PHOENIX-01,4271.89,20.5,1,2271.13,4335.98,4430.43,4532.49,4366.4,4615.2575,5146.18,275.4134579808292,-0.555570233019603,0.8314696123025447,4,0
2026-08-21 22:00:00+00:00,urn:ngsi-ld:Building:PUNE:BLD-PHOENIX-01,4430.22,20.5,1,1859.67,4386.42,4427.31,4338.59,4365.2,4585.092083333333,5146.18,271.53455185665445,-0.5000000000000004,0.8660254037844384,4,0
2026-08-21 22:15:00+00:00,urn:ngsi-ld:Building:PUNE:BLD-PHOENIX-01,2176.25,19.8,0,2006.52,4249.44,4372.12,4406.14,2077.15,4559.259166666667,5146.18,254.3062029183617,-0.4422886902190014,0.8968727415326883,4,0
2026-08-21 22:30:00+00:00,urn:ngsi-ld:Building:PUNE:BLD-PHOENIX-01,2129.97,19.8,0,2174.41,4490.74,4375.68,4490.22,2070.84,4435.895416666667,5146.18,530.2654135674953,-0.38268343236508956,0.9238795325112868,4,0
2026-08-21 22:45:00+00:00,urn:ngsi-ld:Building:PUNE:BLD-PHOENIX-01,2271.13,19.1,0,1131.09,4271.89,4335.98,4430.43,2155.1,4310.22,4991.23,688.4417436880005,-0.32143946530316186,0.9469301294951056,4,0
2026-08-21 23:00:00+00:00,urn:ngsi-ld:Building:PUNE:BLD-PHOENIX-01,1859.67,18.1,0,1174.56,4430.22,4386.42,4427.31,2195.9,4204.910833333333,4991.23,795.4806623939729,-0.25881904510252157,0.9659258262890681,4,0
2026-08-21 23:15:00+00:00,urn:ngsi-ld:Building:PUNE:BLD-PHOENIX-01,2006.52,18.7,0,1299.8,2176.25,4249.44,4372.12,1933.68,4084.829166666667,4991.23,918.8881438286384,-0.19509032201612872,0.9807852804032303,4,0
2026-08-21 23:30:00+00:00,urn:ngsi-ld:Building:PUNE:BLD-PHOENIX-01,2174.41,17.3,0,1115.79,2129.97,4490.74,4375.68,2206.84,3960.46625,4749.51,990.098676693224,-0.13052619222005168,0.9914448613738104,4,0
2026-08-21 23:45:00+00:00,urn:ngsi-ld:Building:PUNE:BLD-PHOENIX-01,1131.09,15.9,0,1255.16,2271.13,4271.89,4335.98,1232.95,3858.025833333333,4749.51,1043.2528396190387,-0.0654031292301428,0.9978589232386035,4,0
2026-08-22 00:00:00+00:00,urn:ngsi-ld:Building:PUNE:BLD-PHOENIX-01,1174.56,15.5,0,1293.64,1859.67,4430.22,4386.42,1388.84,3712.9870833333334,4749.51,1168.3407280951496,0.0,1.0,5,1
2026-08-22 00:15:00+00:00,urn:ngsi-ld:Building:PUNE:BLD-PHOENIX-01,1299.8,16.4,0,1263.13,2006.52,2176.25,4249.44,1165.0,3568.035416666667,4749.51,1258.8889728437703,0.06540312923014306,0.9978589232386035,5,1
2026-08-22 00:30:00+00:00,urn:ngsi-ld:Building:PUNE:BLD-PHOENIX-01,1115.79,15.9,0,1271.78,2174.41,2129.97,4490.74,1212.51,3424.2975000000006,4532.49,1313.8656678514333,0.13052619222005157,0.9914448613738104,5,1
2026-08-22 00:45:00+00:00,urn:ngsi-ld:Building:PUNE:BLD-PHOENIX-01,1255.16,14.1,0,1183.06,1131.09,2271.13,4271.89,1234.47,3286.5358333333334,4532.49,1376.5389350797807,0.19509032201612825,0.9807852804032304,5,1
2026-08-22 01:00:00+00:00,urn:ngsi-ld:Building:PUNE:BLD-PHOENIX-01,1293.64,14.9,0,1268.69,1174.56,1859.67,4430.22,1383.71,3149.9804166666668,4490.74,1409.72269771315,0.25881904510252074,0.9659258262890683,5,1
2026-08-22 01:15:00+00:00,urn:ngsi-ld:Building:PUNE:BLD-PHOENIX-01,1263.13,15.4,0,1212.59,1299.8,2006.52,2176.25,1311.17,3023.1075,4490.74,1434.894349324684,0.3214394653031616,0.9469301294951057,5,1
2026-08-22 01:30:00+00:00,urn:ngsi-ld:Building:PUNE:BLD-PHOENIX-01,1271.78,15.3,0,1224.75,1115.79,2174.41,2129.97,1245.37,2892.14875,4490.74,1446.5602153003065,0.3826834323650898,0.9238795325112867,5,1
2026-08-22 01:45:00+00:00,urn:ngsi-ld:Building:PUNE:BLD-PHOENIX-01,1183.06,15.0,0,1328.8,1255.16,1131.09,2271.13,1134.21,2758.0470833333334,4490.74,1441.1424136411592,0.44228869021900125,0.8968727415326884,5,1
2026-08-22 02:00:00+00:00,urn:ngsi-ld:Building:PUNE:BLD-PHOENIX-01,1268.69,14.5,0,1126.84,1293.64,1174.56,1859.67,1218.26,2622.74,4490.74,1429.6979162016355,0.49999999999999994,0.8660254037844387,5,1
2026-08-22 02:15:00+00:00,urn:ngsi-ld:Building:PUNE:BLD-PHOENIX-01,1212.59,15.0,0,1100.0,1263.13,1299.8,2006.52,1123.99,2491.130833333333,4490.74,1401.4605145468965,0.5555702330196022,0.8314696123025452,5,1
2026-08-22 02:30:00+00:00,urn:ngsi-ld:Building:PUNE:BLD-PHOENIX-01,1224.75,14.8,0,1321.2,1271.78,1115.79,2174.41,1204.0,2359.48375,4490.74,1365.0085157619756,0.6087614290087207,0.7933533402912352,5,1
2026-08-22 02:45:00+00:00,urn:ngsi-ld:Building:PUNE:BLD-PHOENIX-01,1328.8,14.4,0,1268.79,1183.06,1255.16,1131.09,1345.26,2228.1949999999997,4490.74,1313.203871887044,0.6593458151000688,0.7518398074789774,5,1
2026-08-22 03:00:00+00:00,urn:ngsi-ld:Building:PUNE:BLD-PHOENIX-01,1126.84,13.4,0,1376.13,1268.69,1293.64,1174.56,1377.05,2102.8958333333335,4490.74,1245.0416096064591,0.7071067811865476,0.7071067811865476,5,1
2026-08-22 03:15:00+00:00,urn:ngsi-ld:Building:PUNE:BLD-PHOENIX-01,1100.0,13.8,0,1378.59,1212.59,1263.13,1299.8,1183.89,1967.0800000000002,4490.74,1159.9935872761246,0.7518398074789774,0.6593458151000688,5,1
2026-08-22 03:30:00+00:00,urn:ngsi-ld:Building:PUNE:BLD-PHOENIX-01,1321.2,14.4,0,1170.45,1224.75,1271.78,1115.79,1273.04,1835.8533333333335,4490.74,1064.8091860441716,0.7933533402912352,0.6087614290087207,5,1
2026-08-22 03:45:00+00:00,urn:ngsi-ld:Building:PUNE:BLD-PHOENIX-01,1268.79,14.8,0,1109.35,1328.8,1183.06,1255.16,1146.98,1703.7891666666667,4430.22,905.9151040842423,0.8314696123025451,0.5555702330196024,5,1
2026-08-22 04:00:00+00:00,urn:ngsi-ld:Building:PUNE:BLD-PHOENIX-01,1376.13,15.9,0,1215.99,1126.84,1268.69,1293.64,1271.68,1578.66,4430.22,725.1385783001225,0.8660254037844386,0.5000000000000001,5,1
2026-08-22 04:15:00+00:00,urn:ngsi-ld:Building:PUNE:BLD-PHOENIX-01,1378.59,15.4,0,1413.47,1100.0,1212.59,1263.13,1428.3,1451.40625,2271.13,396.4503691709127,0.8968727415326884,0.44228869021900125,5,1
2026-08-22 04:30:00+00:00,urn:ngsi-ld:Building:PUNE:BLD-PHOENIX-01,1170.45,15.8,0,1287.32,1321.2,1224.75,1271.78,1222.7,1418.1704166666668,2271.13,365.2497322854509,0.9238795325112867,0.38268343236508984,5,1
2026-08-22 04:45:00+00:00,urn:ngsi-ld:Building:PUNE:BLD-PHOENIX-01,1109.35,15.7,0,1295.1,1268.79,1328.8,1183.06,1193.88,1378.1904166666666,2271.13,335.22961552628044,0.9469301294951056,0.3214394653031617,5,1
2026-08-22 05:00:00+00:00,urn:ngsi-ld:Building:PUNE:BLD-PHOENIX-01,1215.99,15.9,0,1100.0,1376.13,1126.84,1268.69,1364.56,1329.7829166666668,2174.41,280.0162877790323,0.9659258262890683,0.25881904510252074,5,1
2026-08-22 05:15:00+00:00,urn:ngsi-ld:Building:PUNE:BLD-PHOENIX-01,1413.47,17.3,0,1192.52,1378.59,1100.0,1212.59,1187.86,1302.9629166666666,2174.41,256.9312885557948,0.9807852804032304,0.19509032201612833,5,1
2026-08-22 05:30:00+00:00,urn:ngsi-ld:Building:PUNE:BLD-PHOENIX-01,1287.32,16.5,0,1148.37,1170.45,1321.2,1224.75,1234.55,1278.2525,2174.41,210.68001032369395,0.9914448613738104,0.1305261922200517,5,1
2026-08-22 05:45:00+00:00,urn:ngsi-ld:Building:PUNE:BLD-PHOENIX-01,1295.1,17.1,0,1290.65,1109.35,1268.79,1328.8,1199.7,1241.2904166666667,1413.47,89.70356870794488,0.9978589232386035,0.06540312923014327,5,1
2026-08-22 06:00:00+00:00,urn:ngsi-ld:Building:PUNE:BLD-PHOENIX-01,1100.0,18.1,0,1281.22,1215.99,1376.13,1126.84,1241.05,1248.1241666666667,1413.47,87.15436869070756,1.0,6.123233995736766e-17,5,1
2026-08-22 06:15:00+00:00,urn:ngsi-ld:Building:PUNE:BLD-PHOENIX-01,1192.52,19.3,0,1375.46,1413.47,1378.59,1100.0,1110.63,1245.0175,1413.47,91.12885779984715,0.9978589232386035,-0.06540312923014314,5,1
2026-08-22 06:30:00+00:00,urn:ngsi-ld:Building:PUNE:BLD-PHOENIX-01,1148.37,18.9,0,1109.7,1287.32,1170.45,1321.2,1127.69,1240.5475,1413.47,90.95581924395788,0.9914448613738104,-0.1305261922200516,5,1
2026-08-22 06:45:00+00:00,urn:ngsi-ld:Building:PUNE:BLD-PHOENIX-01,1290.65,19.4,0,1218.51,1295.1,1109.35,1268.79,1424.51,1241.905,1413.47,89.23981724880666,0.9807852804032304,-0.1950903220161282,5,1
2026-08-22 07:00:00+00:00,urn:ngsi-ld:Building:PUNE:BLD-PHOENIX-01,1281.22,20.3,0,2086.42,1100.0,1215.99,1376.13,1138.7,1243.38375,1413.47,89.76152796554383,0.9659258262890683,-0.25881904510252063,5,1
2026-08-22 07:15:00+00:00,urn:ngsi-ld:Building:PUNE:BLD-PHOENIX-01,1375.46,21.2,0,2083.13,1192.52,1413.47,1378.59,1282.45,1242.86625,1413.47,89.49459482398424,0.9469301294951057,-0.3214394653031616,5,1
2026-08-22 07:30:00+00:00,urn:ngsi-ld:Building:PUNE:BLD-PHOENIX-01,1109.7,21.3,0,2247.31,1148.37,1287.32,1170.45,1156.25,1247.5466666666666,1413.47,93.45034238966356,0.9238795325112868,-0.3826834323650895,5,1
2026-08-22 07:45:00+00:00,urn:ngsi-ld:Building:PUNE:BLD-PHOENIX-01,1218.51,22.8,0,2065.22,1290.65,1295.1,1109.35,1323.85,1240.7933333333333,1413.47,97.39612038812623,0.8968727415326884,-0.44228869021900113,5,1
2026-08-22 08:00:00+00:00,urn:ngsi-ld:Building:PUNE:BLD-PHOENIX-01,2086.42,23.4,0,1969.66,1281.22,1100.0,1215.99,2014.27,1242.2704166666665,1413.47,96.74914777641574,0.8660254037844387,-0.4999999999999998,5,1
2026-08-22 08:15:00+00:00,urn:ngsi-ld:Building:PUNE:BLD-PHOENIX-01,2083.13,23.3,0,2047.54,1375.46,1192.52,1413.47,1919.38,1276.3425,2086.42,197.73916775144792,0.8314696123025451,-0.5555702330196023,5,1
2026-08-22 08:30:00+00:00,urn:ngsi-ld:Building:PUNE:BLD-PHOENIX-01,2247.31,25.2,0,1970.83,1109.7,1148.37,1287.32,2024.69,1312.615,2086.42,256.61533820095764,0.7933533402912352,-0.6087614290087207,5,1
2026-08-22 08:45:00+00:00,urn:ngsi-ld:Building:PUNE:BLD-PHOENIX-01,2065.22,24.7,0,1853.07,1218.51,1290.65,1295.1,1997.24,1355.2216666666666,2247.31,318.7577479456056,0.7518398074789774,-0.6593458151000688,5,1
2026-08-22 09:00:00+00:00,urn:ngsi-ld:Building:PUNE:BLD-PHOENIX-01,1969.66,25.9,0,4606.43,2086.42,1281.22,1100.0,2146.21,1385.9058333333332,2247.31,350.0156914484505,0.7071067811865476,-0.7071067811865475,5,1
2026-08-22 09:15:00+00:00,urn:ngsi-ld:Building:PUNE:BLD-PHOENIX-01,2047.54,26.1,0,4952.01,2083.13,1375.46,1192.52,2083.42,1421.0233333333333,2247.31,364.8590393523141,0.659345815100069,-0.7518398074789773,5,1
2026-08-22 09:30:00+00:00,urn:ngsi-ld:Building:PUNE:BLD-PHOENIX-01,1970.83,26.6,0,4836.16,2247.31,1109.7,1148.37,2050.01,1460.5041666666666,2247.31,379.5802150421454,0.6087614290087209,-0.793353340291235,5,1
2026-08-22 09:45:00+00:00,urn:ngsi-ld:Building:PUNE:BLD-PHOENIX-01,1853.07,26.1,0,4897.28,2065.22,1218.51,1290.65,2080.07,1487.5720833333335,2247.31,392.1683803516508,0.5555702330196025,-0.831469612302545,5,1
2026-08-22 10:00:00+00:00,urn:ngsi-ld:Building:PUNE:BLD-PHOENIX-01,4606.43,27.0,1,4968.06,1969.66,2086.42,1281.22,4615.22,1511.9170833333335,2247.31,396.1119581027376,0.49999999999999994,-0.8660254037844387,5,1
2026-08-22 10:15:00+00:00,urn:ngsi-ld:Building:PUNE:BLD-PHOENIX-01,4952.01,28.0,1,5035.83,2047.54,2083.13,1375.46,4633.42,1646.5129166666666,4606.43,744.0077972971397,0.4422886902190017,-0.8968727415326881,5,1
2026-08-22 10:30:00+00:00,urn:ngsi-ld:Building:PUNE:BLD-PHOENIX-01,4836.16,29.4,1,5042.44,1970.83,2247.31,1109.7,4392.92,1795.4054166666667,4952.01,1001.174694772089,0.3826834323650899,-0.9238795325112867,5,1
2026-08-22 10:45:00+00:00,urn:ngsi-ld:Building:PUNE:BLD-PHOENIX-01,4897.28,29.5,1,5373.6,1853.07,2065.22,1218.51,4719.11,1948.1433333333332,4952.01,1167.490693606576,0.32143946530316175,-0.9469301294951056,5,1
2026-08-22 11:00:00+00:00,urn:ngsi-ld:Building:PUNE:BLD-PHOENIX-01,4968.06,29.6,1,5323.29,4606.43,1969.66,2086.42,4537.47,2105.9737499999997,4952.01,1297.9210166322734,0.258819045102521,-0.9659258262890682,5,1
2026-08-22 11:15:00+00:00,urn:ngsi-ld:Building:PUNE:BLD-PHOENIX-01,5035.83,30.6,1,5274.87,4952.01,2047.54,2083.13,4832.5,2262.31,4968.06,1407.4129562736555,0.19509032201612816,-0.9807852804032304,5,1
2026-08-22 11:30:00+00:00,urn:ngsi-ld:Building:PUNE:BLD-PHOENIX-01,5042.44,31.4,1,5231.03,4836.16,1970.83,2247.31,4656.1,2413.241666666667,5035.83,1503.3847795085478,0.130526192220052,-0.9914448613738104,5,1
2026-08-22 11:45:00+00:00,urn:ngsi-ld:Building:PUNE:BLD-PHOENIX-01,5373.6,31.1,1,5271.93,4897.28,1853.07,2065.22,4849.57,2569.705,5042.44,1574.8189540554076,0.06540312923014312,-0.9978589232386035,5,1
2026-08-22 12:00:00+00:00,urn:ngsi-ld:Building:PUNE:BLD-PHOENIX-01,5323.29,31.7,1,5318.81,4968.06,4606.43,1969.66,4841.75,2739.6425,5373.6,1649.576732883843,1.2246467991473532e-16,-1.0,5,1
2026-08-22 12:15:00+00:00,urn:ngsi-ld:Building:PUNE:BLD-PHOENIX-01,5274.87,32.0,1,5449.23,5035.83,4952.01,2047.54,4910.49,2915.612916666667,5373.6,1691.7833518650193,-0.06540312923014287,-0.9978589232386035,5,1
2026-08-22 12:30:00+00:00,urn:ngsi-ld:Building:PUNE:BLD-PHOENIX-01,5231.03,32.2,1,5383.65,5042.44,4836.16,1970.83,4808.83,3085.710833333333,5373.6,1716.0578747408667,-0.13052619222005177,-0.9914448613738104,5,1
2026-08-22 12:45:00+00:00,urn:ngsi-ld:Building:PUNE:BLD-PHOENIX-01,5271.93,32.1,1,5444.09,5373.6,4897.28,1853.07,4985.26,3255.8216666666667,5373.6,1718.0152426961256,-0.19509032201612792,-0.9807852804032305,5,1
2026-08-22 13:00:00+00:00,urn:ngsi-ld:Building:PUNE:BLD-PHOENIX-01,5318.81,32.3,1,5229.9,5323.29,4968.06,4606.43,4999.43,3421.7083333333335,5373.6,1712.214539446722,-0.2588190451025208,-0.9659258262890683,5,1
2026-08-22 13:15:00+00:00,urn:ngsi-ld:Building:PUNE:BLD-PHOENIX-01,5449.23,33.6,1,5115.76,5274.87,5035.83,4952.01,4949.47,3589.9412500000003,5373.6,1690.9819292437164,-0.32143946530316153,-0.9469301294951057,5,1
2026-08-22 13:30:00+00:00,urn:ngsi-ld:Building:PUNE:BLD-PHOENIX-01,5383.65,33.0,1,5576.65,5231.03,5042.44,4836.16,5033.74,3759.681666666667,5449.23,1663.2629192635477,-0.38268343236508967,-0.9238795325112868,5,1
2026-08-22 13:45:00+00:00,urn:ngsi-ld:Building:PUNE:BLD-PHOENIX-01,5444.09,33.1,1,5202.78,5271.93,5373.6,4897.28,5104.9,3937.7629166666666,5449.23,1594.5826950797011,-0.44228869021900147,-0.8968727415326883,5,1
2026-08-22 14:00:00+00:00,urn:ngsi-ld:Building:PUNE:BLD-PHOENIX-01,5229.9,32.3,1,5131.97,5318.81,5323.29,4968.06,4983.9,4113.82875,5449.23,1512.4507313062475,-0.4999999999999997,-0.8660254037844388,5,1
2026-08-22 14:15:00+00:00,urn:ngsi-ld:Building:PUNE:BLD-PHOENIX-01,5115.76,32.3,1,5584.83,5449.23,5274.87,5035.83,5195.59,4244.807083333333,5449.23,1464.599172955371,-0.555570233019602,-0.8314696123025455,5,1
2026-08-22 14:30:00+00:00,urn:ngsi-ld:Building:PUNE:BLD-PHOENIX-01,5576.65,34.3,1,5365.85,5383.65,5231.03,5042.44,5302.27,4371.166666666667,5449.23,1399.3581800229351,-0.6087614290087207,-0.7933533402912352,5,1
2026-08-22 14:45:00+00:00,urn:ngsi-ld:Building:PUNE:BLD-PHOENIX-01,5202.78,33.0,1,5203.57,5444.09,5271.93,5373.6,5218.12,4509.889166666667,5576.65,1343.5715677477494,-0.6593458151000688,-0.7518398074789774,5,1
2026-08-22 15:00:00+00:00,urn:ngsi-ld:Building:PUNE:BLD-PHOENIX-01,5131.97,31.6,1,5313.02,5229.9,5318.81,5323.29,5250.19,4640.620833333333,5576.65,1244.3394746958052,-0.7071067811865471,-0.7071067811865479,5,1
2026-08-22 15:15:00+00:00,urn:ngsi-ld:Building:PUNE:BLD-PHOENIX-01,5584.83,34.8,1,5372.14,5115.76,5449.23,5274.87,5105.46,4772.38375,5576.65,1109.317725920689,-0.7518398074789773,-0.6593458151000691,5,1
2026-08-22 15:30:00+00:00,urn:ngsi-ld:Building:PUNE:BLD-PHOENIX-01,5365.85,32.8,1,5231.85,5576.65,5383.65,5231.03,4998.61,4919.770833333333,5584.83,955.9292857051943,-0.7933533402912349,-0.6087614290087209,5,1
2026-08-22 15:45:00+00:00,urn:ngsi-ld:Building:PUNE:BLD-PHOENIX-01,5203.57,32.1,1,5430.08,5202.78,5444.09,5271.93,4995.86,5061.23,5584.83,723.5148587038283,-0.8314696123025452,-0.5555702330196022,5,1
2026-08-22 16:00:00+00:00,urn:ngsi-ld:Building:PUNE:BLD-PHOENIX-01,5313.02,32.8,1,5020.47,5131.97,5229.9,5318.81,5050.21,5200.8341666666665,5584.83,237.75422066234154,-0.8660254037844385,-0.5000000000000004,5,1
2026-08-22 16:15:00+00:00,urn:ngsi-ld:Building:PUNE:BLD-PHOENIX-01,5372.14,33.0,1,5200.38,5584.83,5115.76,5449.23,5136.98,5230.275416666666,5584.83,202.0104444346687,-0.8968727415326883,-0.44228869021900136,5,1
2026-08-22 16:30:00+00:00,urn:ngsi-ld:Building:PUNE:BLD-PHOENIX-01,5231.85,32.6,1,5132.34,5365.85,5576.65,5383.65,5146.18,5247.780833333333,5584.83,194.9279041063117,-0.9238795325112868,-0.3826834323650895,5,1
2026-08-22 16:45:00+00:00,urn:ngsi-ld:Building:PUNE:BLD-PHOENIX-01,5430.08,32.4,1,5138.22,5203.57,5202.78,5444.09,4798.55,5264.267916666667,5584.83,174.23456533175255,-0.9469301294951056,-0.3214394653031618,5,1
2026-08-22 17:00:00+00:00,urn:ngsi-ld:Building:PUNE:BLD-PHOENIX-01,5020.47,31.0,1,5136.54,5313.02,5131.97,5229.9,4741.63,5286.4679166666665,5584.83,158.69194691985612,-0.9659258262890683,-0.25881904510252063,5,1
2026-08-22 17:15:00+00:00,urn:ngsi-ld:Building:PUNE:BLD-PHOENIX-01,5200.38,31.9,1,4797.59,5372.14,5584.83,5115.76,4991.23,5288.651666666667,5584.83,154.42303870880883,-0.9807852804032303,-0.19509032201612866,5,1
2026-08-22 17:30:00+00:00,urn:ngsi-ld:Building:PUNE:BLD-PHOENIX-01,5132.34,31.6,1,4863.27,5231.85,5365.85,5576.65,4632.98,5295.5079166666665,5584.83,146.14076275616472,-0.9914448613738104,-0.13052619222005163,5,1
2026-08-22 17:45:00+00:00,urn:ngsi-ld:Building:PUNE:BLD-PHOENIX-01,5138.22,31.1,1,4740.72,5430.08,5203.57,5202.78,4612.02,5299.25375,5584.83,140.41204373009063,-0.9978589232386035,-0.06540312923014273,5,1
2026-08-22 18:00:00+00:00,urn:ngsi-ld:Building:PUNE:BLD-PHOENIX-01,5136.54,29.9,1,4794.95,5020.47,5313.02,5131.97,4653.4,5289.44625,5584.83,143.18633056002037,-1.0,-1.8369701987210297e-16,5,1
2026-08-22 18:15:00+00:00,urn:ngsi-ld:Building:PUNE:BLD-PHOENIX-01,4797.59,29.1,1,4575.28,5200.38,5372.14,5584.83,4749.51,5281.665,5584.83,146.3074865688396,-0.9978589232386036,0.06540312923014237,5,1
2026-08-22 18:30:00+00:00,urn:ngsi-ld:Building:PUNE:BLD-PHOENIX-01,4863.27,28.5,1,4571.51,5132.34,5231.85,5365.85,4422.07,5261.778333333333,5584.83,176.57689293575382,-0.9914448613738105,0.13052619222005127,5,1
2026-08-22 18:45:00+00:00,urn:ngsi-ld:Building:PUNE:BLD-PHOENIX-01,4740.72,27.3,1,4632.97,5138.22,5430.08,5203.57,4532.49,5246.455,5584.83,194.4171112526622,-0.9807852804032304,0.1950903220161283,5,1
2026-08-22 19:00:00+00:00,urn:ngsi-ld:Building:PUNE:BLD-PHOENIX-01,4794.95,27.3,1,4634.88,5136.54,5020.47,5313.02,4338.59,5224.32125,5584.83,219.95212400632795,-0.9659258262890684,0.2588190451025203,5,1
2026-08-22 19:15:00+00:00,urn:ngsi-ld:Building:PUNE:BLD-PHOENIX-01,4575.28,25.6,1,4554.19,4797.59,5200.38,5372.14,4406.14,5202.49375,5584.83,235.60399162140348,-0.9469301294951057,0.3214394653031615,5,1
2026-08-22 19:30:00+00:00,urn:ngsi-ld:Building:PUNE:BLD-PHOENIX-01,4571.51,25.4,1,4712.95,4863.27,5132.34,5231.85,4490.22,5166.079166666666,5584.83,261.8833399405337,-0.923879532511287,0.38268343236508917,5,1
2026-08-22 19:45:00+00:00,urn:ngsi-ld:Building:PUNE:BLD-PHOENIX-01,4632.97,26.0,1,4702.87,4740.72,5138.22,5430.08,4430.43,5132.240000000001,5584.83,284.07742450438843,-0.8968727415326884,0.442288690219001,5,1
2026-08-22 20:00:00+00:00,urn:ngsi-ld:Building:PUNE:BLD-PHOENIX-01,4634.88,25.1,1,4843.33,4794.95,5136.54,5020.47,4427.31,5098.443333333334,5584.83,293.45813491012706,-0.8660254037844386,0.5000000000000001,5,1
2026-08-22 20:15:00+00:00,urn:ngsi-ld:Building:PUNE:BLD-PHOENIX-01,4554.19,24.7,1,4620.83,4575.28,4797.59,5200.38,4372.12,5073.650833333333,5584.83,306.7051157895021,-0.8314696123025455,0.5555702330196018,5,1
2026-08-22 20:30:00+00:00,urn:ngsi-ld:Building:PUNE:BLD-PHOENIX-01,4712.95,24.4,1,4551.94,4571.51,4863.27,5132.34,4375.68,5050.252083333334,5584.83,324.27115495978325,-0.7933533402912357,0.6087614290087199,5,1
2026-08-22 20:45:00+00:00,urn:ngsi-ld:Building:PUNE:BLD-PHOENIX-01,4702.87,23.6,1,4565.56,4632.97,4740.72,5138.22,4335.98,5014.264583333333,5584.83,310.96529301626356,-0.7518398074789772,0.6593458151000691,5,1
2026-08-22 21:00:00+00:00,urn:ngsi-ld:Building:PUNE:BLD-PHOENIX-01,4843.33,22.9,1,4681.76,4634.88,4794.95,5136.54,4386.42,4993.435,5584.83,314.51149953401153,-0.7071067811865477,0.7071067811865474,5,1
2026-08-22 21:15:00+00:00,urn:ngsi-ld:Building:PUNE:BLD-PHOENIX-01,4620.83,22.1,1,1977.27,4554.19,4575.28,4797.59,4249.44,4981.408333333334,5584.83,314.50238849811063,-0.6593458151000687,0.7518398074789775,5,1
2026-08-22 21:30:00+00:00,urn:ngsi-ld:Building:PUNE:BLD-PHOENIX-01,4551.94,21.1,1,2120.24,4712.95,4571.51,4863.27,4490.74,4941.241666666666,5430.08,295.04227143959156,-0.608761429008721,0.7933533402912349,5,1
2026-08-22 21:45:00+00:00,urn:ngsi-ld:Building:PUNE:BLD-PHOENIX-01,4565.56,20.2,1,1987.97,4702.87,4632.97,4740.72,4271.89,4907.32875,5430.08,290.8615503205826,-0.555570233019603,0.8314696123025447,5,1
2026-08-22 22:00:00+00:00,urn:ngsi-ld:Building:PUNE:BLD-PHOENIX-01,4681.76,20.3,1,2067.86,4843.33,4634.88,4794.95,4430.22,4880.745,5430.08,291.76348785185496,-0.5000000000000004,0.8660254037844384,5,1
2026-08-22 22:15:00+00:00,urn:ngsi-ld:Building:PUNE:BLD-PHOENIX-01,1977.27,19.8,0,2043.54,4620.83,4554.19,4575.28,2176.25,4854.4425,5430.08,279.2868319760501,-0.4422886902190014,0.8968727415326883,5,1
2026-08-22 22:30:00+00:00,urn:ngsi-ld:Building:PUNE:BLD-PHOENIX-01,2120.24,19.8,0,1964.53,4551.94,4712.95,4571.51,2129.97,4712.989583333334,5430.08,636.7008281109819,-0.38268343236508956,0.9238795325112868,5,1
2026-08-22 22:45:00+00:00,urn:ngsi-ld:Building:PUNE:BLD-PHOENIX-01,1987.97,18.6,0,1111.79,4565.56,4702.87,4632.97,2271.13,4583.339166666667,5430.08,817.5689164086018,-0.32143946530316186,0.9469301294951056,5,1
2026-08-22 23:00:00+00:00,urn:ngsi-ld:Building:PUNE:BLD-PHOENIX-01,2067.86,18.5,0,1368.56,4681.76,4843.33,4634.88,1859.67,4439.917916666666,5200.38,953.2310002073675,-0.25881904510252157,0.9659258262890681,5,1
2026-08-22 23:15:00+00:00,urn:ngsi-ld:Building:PUNE:BLD-PHOENIX-01,2043.54,16.9,0,1284.53,1977.27,4620.83,4554.19,2006.52,4316.8925,5200.38,1059.6411775249765,-0.19509032201612872,0.9807852804032303,5,1
2026-08-22 23:30:00+00:00,urn:ngsi-ld:Building:PUNE:BLD-PHOENIX-01,1964.53,17.4,0,1140.15,2120.24,4551.94,4712.95,2174.41,4185.3575,5138.22,1138.2223603086163,-0.13052619222005168,0.9914448613738104,5,1
2026-08-22 23:45:00+00:00,urn:ngsi-ld:Building:PUNE:BLD-PHOENIX-01,1111.79,17.0,0,1148.15,1987.97,4565.56,4702.87,1131.09,4053.365416666667,5138.22,1205.3292233388338,-0.0654031292301428,0.9978589232386035,5,1
2026-08-23 00:00:00+00:00,urn:ngsi-ld:Building:PUNE:BLD-PHOENIX-01,1368.56,17.3,0,1439.74,2067.86,4681.76,4843.33,1174.56,3885.5975,5136.54,1322.3049216663444,0.0,1.0,6,1
2026-08-23 00:15:00+00:00,urn:ngsi-ld:Building:PUNE:BLD-PHOENIX-01,1284.53,15.9,0,1170.44,2043.54,1977.27,4620.83,1299.8,3728.5983333333334,4863.27,1389.3121218310373,0.06540312923014306,0.9978589232386035,6,1
2026-08-23 00:30:00+00:00,urn:ngsi-ld:Building:PUNE:BLD-PHOENIX-01,1140.15,14.3,0,1403.06,1964.53,2120.24,4551.94,1115.79,3582.220833333333,4863.27,1455.2875384100014,0.13052619222005157,0.9914448613738104,6,1
2026-08-23 00:45:00+00:00,urn:ngsi-ld:Building:PUNE:BLD-PHOENIX-01,1148.15,15.3,0,1273.66,1111.79,1987.97,4565.56,1255.16,3427.0908333333336,4843.33,1510.1954556682408,0.19509032201612825,0.9807852804032304,6,1
2026-08-23 01:00:00+00:00,urn:ngsi-ld:Building:PUNE:BLD-PHOENIX-01,1439.74,15.7,0,1100.0,1368.56,2067.86,4681.76,1293.64,3277.400416666667,4843.33,1551.8019492567987,0.25881904510252074,0.9659258262890683,6,1
2026-08-23 01:15:00+00:00,urn:ngsi-ld:Building:PUNE:BLD-PHOENIX-01,1170.44,14.3,0,1209.76,1284.53,2043.54,1977.27,1263.13,3137.6000000000004,4843.33,1560.254062040228,0.3214394653031616,0.9469301294951057,6,1
2026-08-23 01:30:00+00:00,urn:ngsi-ld:Building:PUNE:BLD-PHOENIX-01,1403.06,15.0,0,1327.2,1140.15,1964.53,2120.24,1271.78,2995.731666666667,4843.33,1578.5352137446512,0.3826834323650898,0.9238795325112867,6,1
2026-08-23 01:45:00+00:00,urn:ngsi-ld:Building:PUNE:BLD-PHOENIX-01,1273.66,13.9,0,1100.0,1148.15,1111.79,1987.97,1183.06,2863.712916666667,4843.33,1573.5036999624303,0.44228869021900125,0.8968727415326884,6,1
2026-08-23 02:00:00+00:00,urn:ngsi-ld:Building:PUNE:BLD-PHOENIX-01,1100.0,15.7,0,1195.13,1439.74,1368.56,2067.86,1268.69,2723.7416666666663,4843.33,1558.6199356612135,0.49999999999999994,0.8660254037844387,6,1
2026-08-23 02:15:00+00:00,urn:ngsi-ld:Building:PUNE:BLD-PHOENIX-01,1209.76,13.8,0,1190.38,1170.44,1284.53,2043.54,1212.59,2576.455,4843.33,1537.039177557882,0.5555702330196022,0.8314696123025452,6,1
2026-08-23 02:30:00+00:00,urn:ngsi-ld:Building:PUNE:BLD-PHOENIX-01,1327.2,14.2,0,1301.41,1403.06,1140.15,1964.53,1224.75,2437.1037499999998,4843.33,1501.1245923258034,0.6087614290087207,0.7933533402912352,6,1
2026-08-23 02:45:00+00:00,urn:ngsi-ld:Building:PUNE:BLD-PHOENIX-01,1100.0,14.7,0,1292.57,1273.66,1148.15,1111.79,1328.8,2296.0308333333332,4843.33,1435.6092254991916,0.6593458151000688,0.7518398074789774,6,1
2026-08-23 03:00:00+00:00,urn:ngsi-ld:Building:PUNE:BLD-PHOENIX-01,1195.13,14.9,0,1301.11,1100.0,1439.74,1368.56,1126.84,2145.9112499999997,4843.33,1359.3341104580848,0.7071067811865476,0.7071067811865476,6,1
2026-08-23 03:15:00+00:00,urn:ngsi-ld:Building:PUNE:BLD-PHOENIX-01,1190.38,15.4,0,1272.35,1209.76,1170.44,1284.53,1100.0,1993.902916666667,4681.76,1243.6361906766258,0.7518398074789774,0.6593458151000688,6,1
2026-08-23 03:30:00+00:00,urn:ngsi-ld:Building:PUNE:BLD-PHOENIX-01,1301.41,14.4,0,1292.4,1327.2,1403.06,1140.15,1321.2,1850.9675,4681.76,1119.531788698517,0.7933533402912352,0.6087614290087207,6,1
2026-08-23 03:45:00+00:00,urn:ngsi-ld:Building:PUNE:BLD-PHOENIX-01,1292.57,15.5,0,1128.15,1100.0,1273.66,1148.15,1268.79,1715.5287499999997,4681.76,964.4461369741884,0.8314696123025451,0.5555702330196024,6,1
2026-08-23 04:00:00+00:00,urn:ngsi-ld:Building:PUNE:BLD-PHOENIX-01,1301.11,14.2,0,1272.96,1195.13,1100.0,1439.74,1376.13,1579.1541666666665,4681.76,751.9094362263379,0.8660254037844386,0.5000000000000001,6,1
2026-08-23 04:15:00+00:00,urn:ngsi-ld:Building:PUNE:BLD-PHOENIX-01,1272.35,14.9,0,1387.86,1190.38,1209.76,1170.44,1378.59,1438.2937499999998,2120.24,359.8553598662007,0.8968727415326884,0.44228869021900125,6,1
2026-08-23 04:30:00+00:00,urn:ngsi-ld:Building:PUNE:BLD-PHOENIX-01,1292.4,14.9,0,1253.05,1301.41,1327.2,1403.06,1170.45,1408.9220833333336,2120.24,342.290398917497,0.9238795325112867,0.38268343236508984,6,1
2026-08-23 04:45:00+00:00,urn:ngsi-ld:Building:PUNE:BLD-PHOENIX-01,1128.15,15.6,0,1191.13,1292.57,1100.0,1273.66,1109.35,1374.42875,2067.86,307.42915420445576,0.9469301294951056,0.3214394653031617,6,1
2026-08-23 05:00:00+00:00,urn:ngsi-ld:Building:PUNE:BLD-PHOENIX-01,1272.96,16.9,0,1199.32,1301.11,1195.13,1100.0,1215.99,1338.6029166666665,2067.86,281.8578381178887,0.9659258262890683,0.25881904510252074,6,1
2026-08-23 05:15:00+00:00,urn:ngsi-ld:Building:PUNE:BLD-PHOENIX-01,1387.86,16.5,0,1379.45,1272.35,1190.38,1209.76,1413.47,1305.4820833333335,2043.54,235.29571490353993,0.9807852804032304,0.19509032201612833,6,1
2026-08-23 05:30:00+00:00,urn:ngsi-ld:Building:PUNE:BLD-PHOENIX-01,1253.05,17.0,0,1100.0,1292.4,1301.41,1327.2,1287.32,1278.1620833333334,1964.53,176.625019720022,0.9914448613738104,0.1305261922200517,6,1
2026-08-23 05:45:00+00:00,urn:ngsi-ld:Building:PUNE:BLD-PHOENIX-01,1191.13,17.9,0,1492.19,1128.15,1292.57,1100.0,1295.1,1248.5170833333334,1439.74,99.11675585438586,0.9978589232386035,0.06540312923014327,6,1
2026-08-23 06:00:00+00:00,urn:ngsi-ld:Building:PUNE:BLD-PHOENIX-01,1199.32,18.5,0,1100.0,1272.96,1301.11,1195.13,1100.0,1251.8229166666667,1439.74,95.61965344990834,1.0,6.123233995736766e-17,6,1
2026-08-23 06:15:00+00:00,urn:ngsi-ld:Building:PUNE:BLD-PHOENIX-01,1379.45,18.5,0,1222.81,1387.86,1272.35,1190.38,1192.52,1244.77125,1439.74,92.83629876244258,0.9978589232386035,-0.06540312923014314,6,1
2026-08-23 06:30:00+00:00,urn:ngsi-ld:Building:PUNE:BLD-PHOENIX-01,1100.0,18.6,0,1144.23,1253.05,1292.4,1301.41,1148.37,1248.72625,1439.74,96.55129327526858,0.9914448613738104,-0.1305261922200516,6,1
2026-08-23 06:45:00+00:00,urn:ngsi-ld:Building:PUNE:BLD-PHOENIX-01,1492.19,20.8,0,1299.83,1191.13,1128.15,1292.57,1290.65,1247.0533333333333,1439.74,98.83517881295722,0.9807852804032304,-0.1950903220161282,6,1
2026-08-23 07:00:00+00:00,urn:ngsi-ld:Building:PUNE:BLD-PHOENIX-01,1100.0,20.1,0,2116.42,1199.32,1272.96,1301.11,1281.22,1261.3883333333333,1492.19,108.35756664511351,0.9659258262890683,-0.25881904510252063,6,1
2026-08-23 07:15:00+00:00,urn:ngsi-ld:Building:PUNE:BLD-PHOENIX-01,1222.81,20.8,0,2066.34,1379.45,1387.86,1272.35,1375.46,1247.2325,1492.19,106.21530759436722,0.9469301294951057,-0.3214394653031616,6,1
2026-08-23 07:30:00+00:00,urn:ngsi-ld:Building:PUNE:BLD-PHOENIX-01,1144.23,21.4,0,2036.51,1100.0,1253.05,1292.4,1109.7,1249.4145833333334,1492.19,105.10119363804306,0.9238795325112868,-0.3826834323650895,6,1
2026-08-23 07:45:00+00:00,urn:ngsi-ld:Building:PUNE:BLD-PHOENIX-01,1299.83,22.5,0,1885.59,1492.19,1191.13,1128.15,1218.51,1238.6299999999999,1492.19,101.88004660200566,0.8968727415326884,-0.44228869021900113,6,1
2026-08-23 08:00:00+00:00,urn:ngsi-ld:Building:PUNE:BLD-PHOENIX-01,2116.42,21.9,0,2012.91,1100.0,1199.32,1272.96,2086.42,1239.7204166666668,1492.19,102.4099418779529,0.8660254037844387,-0.4999999999999998,6,1
2026-08-23 08:15:00+00:00,urn:ngsi-ld:Building:PUNE:BLD-PHOENIX-01,2066.34,24.6,0,2033.45,1222.81,1379.45,1387.86,2083.13,1282.07125,2116.42,202.94071131007755,0.8314696123025451,-0.5555702330196023,6,1
2026-08-23 08:30:00+00:00,urn:ngsi-ld:Building:PUNE:BLD-PHOENIX-01,2036.51,23.8,0,1945.14,1144.23,1100.0,1253.05,2247.31,1317.7620833333333,2116.42,257.62543963595715,0.7933533402912352,-0.6087614290087207,6,1
2026-08-23 08:45:00+00:00,urn:ngsi-ld:Building:PUNE:BLD-PHOENIX-01,1885.59,25.0,0,2080.34,1299.83,1492.19,1191.13,2065.22,1347.3166666666668,2116.42,296.506915846668,0.7518398074789774,-0.6593458151000688,6,1
2026-08-23 09:00:00+00:00,urn:ngsi-ld:Building:PUNE:BLD-PHOENIX-01,2012.91,25.3,0,4679.97,2116.42,1100.0,1199.32,1969.66,1380.0495833333334,2116.42,311.02453923146066,0.7071067811865476,-0.7071067811865475,6,1
2026-08-23 09:15:00+00:00,urn:ngsi-ld:Building:PUNE:BLD-PHOENIX-01,2033.45,27.0,0,4841.1,2066.34,1222.81,1379.45,2047.54,1414.12375,2116.42,333.84362095226487,0.659345815100069,-0.7518398074789773,6,1
2026-08-23 09:30:00+00:00,urn:ngsi-ld:Building:PUNE:BLD-PHOENIX-01,1945.14,27.5,0,4732.84,2036.51,1144.23,1100.0,1970.83,1449.2516666666668,2116.42,353.0780428776266,0.6087614290087209,-0.793353340291235,6,1
2026-08-23 09:45:00+00:00,urn:ngsi-ld:Building:PUNE:BLD-PHOENIX-01,2080.34,27.4,0,4817.17,1885.59,1299.83,1492.19,1853.07,1476.0737500000002,2116.42,365.5880493100753,0.5555702330196025,-0.831469612302545,6,1
2026-08-23 10:00:00+00:00,urn:ngsi-ld:Building:PUNE:BLD-PHOENIX-01,4679.97,27.1,1,4802.41,2012.91,2116.42,1100.0,4606.43,1508.8974999999998,2116.42,383.3299640308461,0.49999999999999994,-0.8660254037844387,6,1
2026-08-23 10:15:00+00:00,urn:ngsi-ld:Building:PUNE:BLD-PHOENIX-01,4841.1,28.9,1,4959.65,2033.45,2066.34,1222.81,4952.01,1649.6833333333334,4679.97,749.3908350680811,0.4422886902190017,-0.8968727415326881,6,1
2026-08-23 10:30:00+00:00,urn:ngsi-ld:Building:PUNE:BLD-PHOENIX-01,4732.84,27.7,1,4797.8,1945.14,2036.51,1144.23,4836.16,1798.3812500000001,4841.1,987.4998415071314,0.3826834323650899,-0.9238795325112867,6,1
2026-08-23 10:45:00+00:00,urn:ngsi-ld:Building:PUNE:BLD-PHOENIX-01,4817.17,28.7,1,5206.41,2080.34,1885.59,1299.83,4897.28,1941.7329166666668,4841.1,1147.5953095304637,0.32143946530316175,-0.9469301294951056,6,1
2026-08-23 11:00:00+00:00,urn:ngsi-ld:Building:PUNE:BLD-PHOENIX-01,4802.41,29.7,1,4997.38,4679.97,2012.91,2116.42,4968.06,2095.4420833333334,4841.1,1273.98058036519,0.258819045102521,-0.9659258262890682,6,1
2026-08-23 11:15:00+00:00,urn:ngsi-ld:Building:PUNE:BLD-PHOENIX-01,4959.65,29.3,1,5304.24,4841.1,2033.45,2066.34,5035.83,2242.5025,4841.1,1374.6425002009353,0.19509032201612816,-0.9807852804032304,6,1
2026-08-23 11:30:00+00:00,urn:ngsi-ld:Building:PUNE:BLD-PHOENIX-01,4797.8,30.4,1,5455.45,4732.84,1945.14,2036.51,5042.44,2391.3270833333336,4959.65,1468.253512239678,0.130526192220052,-0.9914448613738104,6,1
2026-08-23 11:45:00+00:00,urn:ngsi-ld:Building:PUNE:BLD-PHOENIX-01,5206.41,31.6,1,5295.73,4817.17,2080.34,1885.59,5373.6,2539.025,4959.65,1525.9289065837277,0.06540312923014312,-0.9978589232386035,6,1
2026-08-23 12:00:00+00:00,urn:ngsi-ld:Building:PUNE:BLD-PHOENIX-01,4997.38,31.1,1,5430.08,4802.41,4679.97,2012.91,5323.29,2706.3283333333334,5206.41,1590.473127880547,1.2246467991473532e-16,-1.0,6,1
2026-08-23 12:15:00+00:00,urn:ngsi-ld:Building:PUNE:BLD-PHOENIX-01,5304.24,32.4,1,5376.36,4959.65,4841.1,2033.45,5274.87,2864.5808333333334,5206.41,1622.634744913119,-0.06540312923014287,-0.9978589232386035,6,1
2026-08-23 12:30:00+00:00,urn:ngsi-ld:Building:PUNE:BLD-PHOENIX-01,5455.45,33.7,1,5284.72,4797.8,4732.84,1945.14,5231.03,3028.1137500000004,5304.24,1663.7071198611309,-0.13052619222005177,-0.9914448613738104,6,1
2026-08-23 12:45:00+00:00,urn:ngsi-ld:Building:PUNE:BLD-PHOENIX-01,5295.73,32.8,1,5573.42,5206.41,4817.17,2080.34,5271.93,3209.5908333333336,5455.45,1681.6931947682076,-0.19509032201612792,-0.9807852804032305,6,1
2026-08-23 13:00:00+00:00,urn:ngsi-ld:Building:PUNE:BLD-PHOENIX-01,5430.08,33.3,1,5316.14,4997.38,4802.41,4679.97,5318.81,3368.0716666666667,5455.45,1691.999573981511,-0.2588190451025208,-0.9659258262890683,6,1
2026-08-23 13:15:00+00:00,urn:ngsi-ld:Building:PUNE:BLD-PHOENIX-01,5376.36,33.7,1,5393.48,5304.24,4959.65,4841.1,5449.23,3548.491666666667,5455.45,1670.3596994833072,-0.32143946530316153,-0.9469301294951057,6,1
2026-08-23 13:30:00+00:00,urn:ngsi-ld:Building:PUNE:BLD-PHOENIX-01,5284.72,32.9,1,5249.27,5455.45,4797.8,4732.84,5383.65,3721.55625,5455.45,1633.6916067787192,-0.38268343236508967,-0.9238795325112868,6,1
2026-08-23 13:45:00+00:00,urn:ngsi-ld:Building:PUNE:BLD-PHOENIX-01,5573.42,33.8,1,5263.79,5295.73,5206.41,4817.17,5444.09,3894.0766666666664,5455.45,1566.9460933783328,-0.44228869021900147,-0.8968727415326883,6,1
2026-08-23 14:00:00+00:00,urn:ngsi-ld:Building:PUNE:BLD-PHOENIX-01,5316.14,33.1,1,5136.5,5430.08,4997.38,4802.41,5229.9,4072.142916666667,5573.42,1500.745575402813,-0.4999999999999997,-0.8660254037844388,6,1
2026-08-23 14:15:00+00:00,urn:ngsi-ld:Building:PUNE:BLD-PHOENIX-01,5393.48,33.7,1,5294.26,5376.36,5304.24,4959.65,5115.76,4205.464583333333,5573.42,1461.0529571302156,-0.555570233019602,-0.8314696123025455,6,1
2026-08-23 14:30:00+00:00,urn:ngsi-ld:Building:PUNE:BLD-PHOENIX-01,5249.27,34.1,1,5413.79,5284.72,5455.45,4797.8,5576.65,4344.095416666666,5573.42,1406.0710687369074,-0.6087614290087207,-0.7933533402912352,6,1
2026-08-23 14:45:00+00:00,urn:ngsi-ld:Building:PUNE:BLD-PHOENIX-01,5263.79,33.0,1,5262.98,5573.42,5295.73,5206.41,5202.78,4477.960416666667,5573.42,1327.5695185513925,-0.6593458151000688,-0.7518398074789774,6,1
2026-08-23 15:00:00+00:00,urn:ngsi-ld:Building:PUNE:BLD-PHOENIX-01,5136.5,32.0,1,5294.02,5316.14,5430.08,4997.38,5131.97,4618.71875,5573.42,1215.0822653606726,-0.7071067811865471,-0.7071067811865479,6,1
2026-08-23 15:15:00+00:00,urn:ngsi-ld:Building:PUNE:BLD-PHOENIX-01,5294.26,32.8,1,5275.07,5393.48,5376.36,5304.24,5584.83,4748.868333333333,5573.42,1084.0563359926462,-0.7518398074789773,-0.6593458151000691,6,1
2026-08-23 15:30:00+00:00,urn:ngsi-ld:Building:PUNE:BLD-PHOENIX-01,5413.79,33.8,1,5297.36,5249.27,5284.72,5455.45,5365.85,4884.735416666667,5573.42,921.0111601079011,-0.7933533402912349,-0.6087614290087209,6,1
2026-08-23 15:45:00+00:00,urn:ngsi-ld:Building:PUNE:BLD-PHOENIX-01,5262.98,32.4,1,5279.1,5263.79,5573.42,5295.73,5203.57,5029.2625,5573.42,680.3892582431139,-0.8314696123025452,-0.5555702330196022,6,1
2026-08-23 16:00:00+00:00,urn:ngsi-ld:Building:PUNE:BLD-PHOENIX-01,5294.02,33.4,1,5099.17,5136.5,5316.14,5430.08,5313.02,5161.8725,5573.42,262.41433809333574,-0.8660254037844385,-0.5000000000000004,6,1
2026-08-23 16:15:00+00:00,urn:ngsi-ld:Building:PUNE:BLD-PHOENIX-01,5275.07,32.0,1,4996.34,5294.26,5393.48,5376.36,5372.14,5187.457916666666,5573.42,242.57063233085583,-0.8968727415326883,-0.44228869021900136,6,1
2026-08-23 16:30:00+00:00,urn:ngsi-ld:Building:PUNE:BLD-PHOENIX-01,5297.36,32.1,1,5034.78,5413.79,5249.27,5284.72,5231.85,5205.54,5573.42,231.55399007952,-0.9238795325112868,-0.3826834323650895,6,1
2026-08-23 16:45:00+00:00,urn:ngsi-ld:Building:PUNE:BLD-PHOENIX-01,5279.1,31.9,1,4904.0,5262.98,5263.79,5573.42,5430.08,5229.0616666666665,5573.42,209.02505867390798,-0.9469301294951056,-0.3214394653031618,6,1
2026-08-23 17:00:00+00:00,urn:ngsi-ld:Building:PUNE:BLD-PHOENIX-01,5099.17,30.9,1,5070.6,5294.02,5136.5,5316.14,5020.47,5248.308749999999,5573.42,189.83542220687943,-0.9659258262890683,-0.25881904510252063,6,1
2026-08-23 17:15:00+00:00,urn:ngsi-ld:Building:PUNE:BLD-PHOENIX-01,4996.34,31.0,1,4612.41,5275.07,5294.26,5393.48,5200.38,5260.673750000001,5573.42,167.92977921203672,-0.9807852804032303,-0.19509032201612866,6,1
2026-08-23 17:30:00+00:00,urn:ngsi-ld:Building:PUNE:BLD-PHOENIX-01,5034.78,29.8,1,4926.38,5297.36,5413.79,5249.27,5132.34,5262.2025,5573.42,165.21532598797273,-0.9914448613738104,-0.13052619222005163,6,1
2026-08-23 17:45:00+00:00,urn:ngsi-ld:Building:PUNE:BLD-PHOENIX-01,4904.0,30.1,1,4880.59,5279.1,5262.98,5263.79,5138.22,5272.076666666667,5573.42,141.65508050151928,-0.9978589232386035,-0.06540312923014273,6,1
2026-08-23 18:00:00+00:00,urn:ngsi-ld:Building:PUNE:BLD-PHOENIX-01,5070.6,29.7,1,4543.64,5099.17,5294.02,5136.5,5136.54,5259.476250000001,5573.42,160.0108082711749,-1.0,-1.8369701987210297e-16,6,1
2026-08-23 18:15:00+00:00,urn:ngsi-ld:Building:PUNE:BLD-PHOENIX-01,4612.41,27.9,1,4692.61,4996.34,5275.07,5294.26,4797.59,5262.527083333333,5573.42,155.428714695839,-0.9978589232386036,0.06540312923014237,6,1
2026-08-23 18:30:00+00:00,urn:ngsi-ld:Building:PUNE:BLD-PHOENIX-01,4926.38,28.2,1,4632.17,5034.78,5297.36,5413.79,4863.27,5233.700833333333,5573.42,203.94003308554966,-0.9914448613738105,0.13052619222005127,6,1
2026-08-23 18:45:00+00:00,urn:ngsi-ld:Building:PUNE:BLD-PHOENIX-01,4880.59,28.4,1,4665.02,4904.0,5279.1,5262.98,4740.72,5211.65625,5573.42,207.491815151583,-0.9807852804032304,0.1950903220161283,6,1
2026-08-23 19:00:00+00:00,urn:ngsi-ld:Building:PUNE:BLD-PHOENIX-01,4543.64,27.0,1,4726.67,5070.6,5099.17,5294.02,4794.95,5194.35875,5573.42,217.25272895295757,-0.9659258262890684,0.2588190451025203,6,1
2026-08-23 19:15:00+00:00,urn:ngsi-ld:Building:PUNE:BLD-PHOENIX-01,4692.61,27.3,1,4436.51,4612.41,4996.34,5275.07,4575.28,5157.42375,5573.42,248.53491854769007,-0.9469301294951057,0.3214394653031615,6,1
2026-08-23 19:30:00+00:00,urn:ngsi-ld:Building:PUNE:BLD-PHOENIX-01,4632.17,26.8,1,4762.83,4926.38,5034.78,5297.36,4571.51,5128.934166666667,5573.42,261.21288336156914,-0.923879532511287,0.38268343236508917,6,1
2026-08-23 19:45:00+00:00,urn:ngsi-ld:Building:PUNE:BLD-PHOENIX-01,4665.02,26.0,1,4473.32,4880.59,4904.0,5279.1,4632.97,5101.744583333333,5573.42,277.7317104529653,-0.8968727415326884,0.442288690219001,6,1
2026-08-23 20:00:00+00:00,urn:ngsi-ld:Building:PUNE:BLD-PHOENIX-01,4726.67,25.7,1,4738.43,4543.64,5070.6,5099.17,4634.88,5063.894583333334,5413.79,272.50612213274246,-0.8660254037844386,0.5000000000000001,6,1
2026-08-23 20:15:00+00:00,urn:ngsi-ld:Building:PUNE:BLD-PHOENIX-01,4436.51,23.6,1,4699.05,4692.61,4612.41,4996.34,4554.19,5039.333333333333,5413.79,275.332608433278,-0.8314696123025455,0.5555702330196018,6,1
2026-08-23 20:30:00+00:00,urn:ngsi-ld:Building:PUNE:BLD-PHOENIX-01,4762.83,24.6,1,4565.15,4632.17,4926.38,5034.78,4712.95,4999.459583333333,5413.79,290.6815954371925,-0.7933533402912357,0.6087614290087199,6,1
2026-08-23 20:45:00+00:00,urn:ngsi-ld:Building:PUNE:BLD-PHOENIX-01,4473.32,22.8,1,4621.57,4665.02,4880.59,4904.0,4702.87,4979.19125,5413.79,289.462181630049,-0.7518398074789772,0.6593458151000691,6,1
2026-08-23 21:00:00+00:00,urn:ngsi-ld:Building:PUNE:BLD-PHOENIX-01,4738.43,22.8,1,4844.63,4726.67,4543.64,5070.6,4843.33,4946.255,5413.79,300.4349246762483,-0.7071067811865477,0.7071067811865474,6,1
2026-08-23 21:15:00+00:00,urn:ngsi-ld:Building:PUNE:BLD-PHOENIX-01,4699.05,23.2,1,2157.92,4436.51,4692.61,4612.41,4620.83,4929.66875,5413.79,300.4635471822357,-0.6593458151000687,0.7518398074789775,6,1
2026-08-23 21:30:00+00:00,urn:ngsi-ld:Building:PUNE:BLD-PHOENIX-01,4565.15,21.3,1,2131.23,4762.83,4632.17,4926.38,4551.94,4904.868333333333,5413.79,293.5464310754037,-0.608761429008721,0.7933533402912349,6,1
2026-08-23 21:45:00+00:00,urn:ngsi-ld:Building:PUNE:BLD-PHOENIX-01,4621.57,21.0,1,2092.04,4473.32,4665.02,4880.59,4565.56,4869.508333333334,5297.36,280.39553106386126,-0.555570233019603,0.8314696123025447,6,1
2026-08-23 22:00:00+00:00,urn:ngsi-ld:Building:PUNE:BLD-PHOENIX-01,4844.63,19.8,1,2110.36,4738.43,4726.67,4543.64,4681.76,4842.782916666666,5297.36,271.69432580334984,-0.5000000000000004,0.8660254037844384,6,1
2026-08-23 22:15:00+00:00,urn:ngsi-ld:Building:PUNE:BLD-PHOENIX-01,2157.92,20.9,0,2110.51,4699.05,4436.51,4692.61,1977.27,4824.058333333333,5297.36,254.16388237012376,-0.4422886902190014,0.8968727415326883,6,1
2026-08-23 22:30:00+00:00,urn:ngsi-ld:Building:PUNE:BLD-PHOENIX-01,2131.23,18.7,0,1880.56,4565.15,4762.83,4632.17,2120.24,4694.177083333333,5297.36,589.2444008291627,-0.38268343236508956,0.9238795325112868,6,1
2026-08-23 22:45:00+00:00,urn:ngsi-ld:Building:PUNE:BLD-PHOENIX-01,2092.04,19.1,0,1197.16,4621.57,4473.32,4665.02,1987.97,4562.255,5279.1,773.8383109735772,-0.32143946530316186,0.9469301294951056,6,1
2026-08-23 23:00:00+00:00,urn:ngsi-ld:Building:PUNE:BLD-PHOENIX-01,2110.36,19.0,0,1409.77,4844.63,4738.43,4726.67,2067.86,4429.4608333333335,5099.17,907.4058638583377,-0.25881904510252157,0.9659258262890681,6,1
2026-08-23 23:15:00+00:00,urn:ngsi-ld:Building:PUNE:BLD-PHOENIX-01,2110.51,18.2,0,1379.13,2157.92,4699.05,4436.51,2043.54,4304.927083333334,5070.6,1010.7116483490815,-0.19509032201612872,0.9807852804032303,6,1
2026-08-23 23:30:00+00:00,urn:ngsi-ld:Building:PUNE:BLD-PHOENIX-01,1880.56,17.5,0,1378.31,2131.23,4565.15,4762.83,1964.53,4184.684166666667,5070.6,1093.176240387205,-0.13052619222005168,0.9914448613738104,6,1
2026-08-23 23:45:00+00:00,urn:ngsi-ld:Building:PUNE:BLD-PHOENIX-01,1197.16,16.9,0,1269.27,2092.04,4621.57,4473.32,1111.79,4053.258333333333,5070.6,1173.207568760577,-0.0654031292301428,0.9978589232386035,6,1
2026-08-24 00:00:00+00:00,urn:ngsi-ld:Building:PUNE:BLD-PHOENIX-01,1409.77,15.7,0,1287.71,2110.36,4844.63,4738.43,1368.56,3898.806666666667,5070.6,1294.1100127338375,0.0,1.0,0,0
2026-08-24 00:15:00+00:00,urn:ngsi-ld:Building:PUNE:BLD-PHOENIX-01,1379.13,17.1,0,1126.25,2110.51,2157.92,4699.05,1284.53,3746.2720833333337,4926.38,1363.8560648523742,0.06540312923014306,0.9978589232386035,0,0
2026-08-24 00:30:00+00:00,urn:ngsi-ld:Building:PUNE:BLD-PHOENIX-01,1378.31,15.9,0,1242.43,1880.56,2131.23,4565.15,1140.15,3611.5520833333335,4926.38,1432.5404111455416,0.13052619222005157,0.9914448613738104,0,0
2026-08-24 00:45:00+00:00,urn:ngsi-ld:Building:PUNE:BLD-PHOENIX-01,1269.27,15.5,0,1334.95,1197.16,2092.04,4621.57,1148.15,3463.715833333333,4880.59,1473.4464341451062,0.19509032201612825,0.9807852804032304,0,0
2026-08-24 01:00:00+00:00,urn:ngsi-ld:Building:PUNE:BLD-PHOENIX-01,1287.71,14.6,0,1273.63,1409.77,2110.36,4844.63,1439.74,3313.244166666667,4844.63,1506.4885725303373,0.25881904510252074,0.9659258262890683,0,0
2026-08-24 01:15:00+00:00,urn:ngsi-ld:Building:PUNE:BLD-PHOENIX-01,1126.25,15.0,0,1230.72,1379.13,2110.51,2157.92,1170.44,3177.580416666667,4844.63,1537.1611739897537,0.3214394653031616,0.9469301294951057,0,0
2026-08-24 01:30:00+00:00,urn:ngsi-ld:Building:PUNE:BLD-PHOENIX-01,1242.43,14.8,0,1235.65,1378.31,1880.56,2131.23,1403.06,3028.982083333334,4844.63,1556.592845717514,0.3826834323650898,0.9238795325112867,0,0
2026-08-24 01:45:00+00:00,urn:ngsi-ld:Building:PUNE:BLD-PHOENIX-01,1334.95,15.8,0,1131.22,1269.27,1197.16,2092.04,1273.66,2887.7429166666666,4844.63,1558.5857916197451,0.44228869021900125,0.8968727415326884,0,0
2026-08-24 02:00:00+00:00,urn:ngsi-ld:Building:PUNE:BLD-PHOENIX-01,1273.63,14.6,0,1287.17,1287.71,1409.77,2110.36,1100.0,2748.99,4844.63,1541.621922468275,0.49999999999999994,0.8660254037844387,0,0
2026-08-24 02:15:00+00:00,urn:ngsi-ld:Building:PUNE:BLD-PHOENIX-01,1230.72,14.5,0,1238.34,1126.25,1379.13,2110.51,1209.76,2605.1133333333332,4844.63,1509.8288782152601,0.5555702330196022,0.8314696123025452,0,0
2026-08-24 02:30:00+00:00,urn:ngsi-ld:Building:PUNE:BLD-PHOENIX-01,1235.65,13.9,0,1350.63,1242.43,1378.31,1880.56,1327.2,2471.53875,4844.63,1482.3181870309472,0.6087614290087207,0.7933533402912352,0,0
2026-08-24 02:45:00+00:00,urn:ngsi-ld:Building:PUNE:BLD-PHOENIX-01,1131.22,14.1,0,1253.7,1334.95,1269.27,1197.16,1100.0,2324.5729166666665,4844.63,1418.7590449724432,0.6593458151000688,0.7518398074789774,0,0
2026-08-24 03:00:00+00:00,urn:ngsi-ld:Building:PUNE:BLD-PHOENIX-01,1287.17,14.9,0,1147.05,1273.63,1287.71,1409.77,1195.13,2185.31875,4844.63,1361.5488629412555,0.7071067811865476,0.7071067811865476,0,0
2026-08-24 03:15:00+00:00,urn:ngsi-ld:Building:PUNE:BLD-PHOENIX-01,1238.34,13.6,0,1286.03,1230.72,1126.25,1379.13,1190.38,2041.51625,4844.63,1258.5316901602018,0.7518398074789774,0.6593458151000688,0,0
2026-08-24 03:30:00+00:00,urn:ngsi-ld:Building:PUNE:BLD-PHOENIX-01,1350.63,15.4,0,1354.5,1235.65,1242.43,1378.31,1301.41,1897.32,4844.63,1132.7790259971819,0.7933533402912352,0.6087614290087207,0,0
2026-08-24 03:45:00+00:00,urn:ngsi-ld:Building:PUNE:BLD-PHOENIX-01,1253.7,15.6,0,1131.8,1131.22,1334.95,1269.27,1292.57,1763.381666666667,4844.63,983.8773561766195,0.8314696123025451,0.5555702330196024,0,0
2026-08-24 04:00:00+00:00,urn:ngsi-ld:Building:PUNE:BLD-PHOENIX-01,1147.05,14.7,0,1270.64,1287.17,1273.63,1287.71,1301.11,1623.05375,4844.63,776.9020325392253,0.8660254037844386,0.5000000000000001,0,0
2026-08-24 04:15:00+00:00,urn:ngsi-ld:Building:PUNE:BLD-PHOENIX-01,1286.03,15.7,0,1195.1,1238.34,1230.72,1126.25,1272.35,1468.987916666667,2157.92,370.69974719943286,0.8968727415326884,0.44228869021900125,0,0
2026-08-24 04:30:00+00:00,urn:ngsi-ld:Building:PUNE:BLD-PHOENIX-01,1354.5,16.5,0,1202.12,1350.63,1235.65,1242.43,1292.4,1432.6591666666666,2131.23,341.8487123544524,0.9238795325112867,0.38268343236508984,0,0
2026-08-24 04:45:00+00:00,urn:ngsi-ld:Building:PUNE:BLD-PHOENIX-01,1131.8,16.0,0,1279.59,1253.7,1131.22,1334.95,1128.15,1400.2954166666666,2110.51,307.9216599831303,0.9469301294951056,0.3214394653031617,0,0
2026-08-24 05:00:00+00:00,urn:ngsi-ld:Building:PUNE:BLD-PHOENIX-01,1270.64,16.3,0,1273.19,1147.05,1287.17,1273.63,1272.96,1360.2854166666668,2110.51,274.7269187674589,0.9659258262890683,0.25881904510252074,0,0
2026-08-24 05:15:00+00:00,urn:ngsi-ld:Building:PUNE:BLD-PHOENIX-01,1195.1,16.7,0,1141.75,1286.03,1238.34,1230.72,1387.86,1325.2970833333334,2110.51,223.79787605313987,0.9807852804032304,0.19509032201612833,0,0
2026-08-24 05:30:00+00:00,urn:ngsi-ld:Building:PUNE:BLD-PHOENIX-01,1202.12,17.4,0,1386.59,1354.5,1350.63,1235.65,1253.05,1287.155,1880.56,149.99167600088938,0.9914448613738104,0.1305261922200517,0,0
2026-08-24 05:45:00+00:00,urn:ngsi-ld:Building:PUNE:BLD-PHOENIX-01,1279.59,17.4,0,1100.0,1131.8,1253.7,1131.22,1191.13,1258.8866666666668,1409.77,81.65826328247043,0.9978589232386035,0.06540312923014327,0,0
2026-08-24 06:00:00+00:00,urn:ngsi-ld:Building:PUNE:BLD-PHOENIX-01,1273.19,18.0,0,1252.77,1270.64,1147.05,1287.17,1199.32,1262.3212500000002,1409.77,80.67675411716647,1.0,6.123233995736766e-17,0,0
2026-08-24 06:15:00+00:00,urn:ngsi-ld:Building:PUNE:BLD-PHOENIX-01,1141.75,18.9,0,1238.83,1195.1,1286.03,1238.34,1379.45,1256.6304166666666,1379.13,74.3963331540323,0.9978589232386035,-0.06540312923014314,0,0
2026-08-24 06:30:00+00:00,urn:ngsi-ld:Building:PUNE:BLD-PHOENIX-01,1386.59,19.0,0,1100.0,1202.12,1354.5,1350.63,1100.0,1246.7395833333333,1378.31,73.17168824537781,0.9914448613738104,-0.1305261922200516,0,0
2026-08-24 06:45:00+00:00,urn:ngsi-ld:Building:PUNE:BLD-PHOENIX-01,1100.0,19.1,0,1398.34,1279.59,1131.8,1253.7,1492.19,1247.0845833333333,1386.59,73.83551490088468,0.9807852804032304,-0.1950903220161282,0,0
2026-08-24 07:00:00+00:00,urn:ngsi-ld:Building:PUNE:BLD-PHOENIX-01,1252.77,19.2,0,2013.92,1273.19,1270.64,1147.05,1100.0,1240.0316666666665,1386.59,79.49201483909393,0.9659258262890683,-0.25881904510252063,0,0
2026-08-24 07:15:00+00:00,urn:ngsi-ld:Building:PUNE:BLD-PHOENIX-01,1238.83,21.0,0,1965.04,1141.75,1195.1,1286.03,1222.81,1238.5758333333333,1386.59,78.89859330401673,0.9469301294951057,-0.3214394653031616,0,0
2026-08-24 07:30:00+00:00,urn:ngsi-ld:Building:PUNE:BLD-PHOENIX-01,1100.0,22.3,0,2185.61,1386.59,1202.12,1354.5,1144.23,1243.2666666666667,1386.59,75.1895004040114,0.9238795325112868,-0.3826834323650895,0,0
2026-08-24 07:45:00+00:00,urn:ngsi-ld:Building:PUNE:BLD-PHOENIX-01,1398.34,22.4,0,2018.09,1100.0,1279.59,1131.8,1299.83,1237.3320833333332,1386.59,80.67890662200494,0.8968727415326884,-0.44228869021900113,0,0
2026-08-24 08:00:00+00:00,urn:ngsi-ld:Building:PUNE:BLD-PHOENIX-01,2013.92,22.1,0,2053.38,1252.77,1273.19,1270.64,2116.42,1239.9733333333331,1398.34,84.93881177010812,0.8660254037844387,-0.4999999999999998,0,0
2026-08-24 08:15:00+00:00,urn:ngsi-ld:Building:PUNE:BLD-PHOENIX-01,1965.04,22.9,0,2041.14,1238.83,1141.75,1195.1,2066.34,1270.8187500000001,2013.92,179.48742940872302,0.8314696123025451,-0.5555702330196023,0,0
2026-08-24 08:30:00+00:00,urn:ngsi-ld:Building:PUNE:BLD-PHOENIX-01,2185.61,23.8,0,2084.72,1100.0,1386.59,1202.12,2036.51,1301.4154166666667,2013.92,228.304663742916,0.7933533402912352,-0.6087614290087207,0,0
2026-08-24 08:45:00+00:00,urn:ngsi-ld:Building:PUNE:BLD-PHOENIX-01,2018.09,25.7,0,2169.31,1398.34,1100.0,1279.59,1885.59,1340.9970833333334,2185.61,290.3299037523574,0.7518398074789774,-0.6593458151000688,0,0
2026-08-24 09:00:00+00:00,urn:ngsi-ld:Building:PUNE:BLD-PHOENIX-01,2053.38,26.4,0,4466.34,2013.92,1252.77,1273.19,2012.91,1377.95,2185.61,317.6256601177057,0.7071067811865476,-0.7071067811865475,0,0
2026-08-24 09:15:00+00:00,urn:ngsi-ld:Building:PUNE:BLD-PHOENIX-01,2041.14,26.9,0,4416.71,1965.04,1238.83,1141.75,2033.45,1409.8754166666668,2185.61,345.39721822320985,0.659345815100069,-0.7518398074789773,0,0
2026-08-24 09:30:00+00:00,urn:ngsi-ld:Building:PUNE:BLD-PHOENIX-01,2084.72,26.5,0,4616.9,2185.61,1100.0,1386.59,1945.14,1443.3254166666666,2185.61,366.3034734488326,0.6087614290087209,-0.793353340291235,0,0
2026-08-24 09:45:00+00:00,urn:ngsi-ld:Building:PUNE:BLD-PHOENIX-01,2169.31,29.0,0,4632.51,2018.09,1398.34,1100.0,2080.34,1473.9125000000001,2185.61,388.22003490007756,0.5555702330196025,-0.831469612302545,0,0
2026-08-24 10:00:00+00:00,urn:ngsi-ld:Building:PUNE:BLD-PHOENIX-01,4466.34,27.2,1,4733.67,2053.38,2013.92,1252.77,4679.97,1512.0629166666665,2185.61,410.0155634000314,0.49999999999999994,-0.8660254037844387,0,0
2026-08-24 10:15:00+00:00,urn:ngsi-ld:Building:PUNE:BLD-PHOENIX-01,4416.71,28.0,1,4655.01,2041.14,1965.04,1238.83,4841.1,1650.3666666666668,4466.34,722.3765708540337,0.4422886902190017,-0.8968727415326881,0,0
2026-08-24 10:30:00+00:00,urn:ngsi-ld:Building:PUNE:BLD-PHOENIX-01,4616.9,29.3,1,4572.74,2084.72,2185.61,1100.0,4732.84,1780.8116666666667,4466.34,911.6057169091482,0.3826834323650899,-0.9238795325112867,0,0
2026-08-24 10:45:00+00:00,urn:ngsi-ld:Building:PUNE:BLD-PHOENIX-01,4632.51,29.4,1,4830.33,2169.31,2018.09,1398.34,4817.17,1916.7450000000001,4616.9,1074.036698871008,0.32143946530316175,-0.9469301294951056,0,0
2026-08-24 11:00:00+00:00,urn:ngsi-ld:Building:PUNE:BLD-PHOENIX-01,4733.67,30.0,1,4902.83,4466.34,2053.38,2013.92,4802.41,2062.6079166666664,4632.51,1193.8315774665766,0.258819045102521,-0.9659258262890682,0,0
2026-08-24 11:15:00+00:00,urn:ngsi-ld:Building:PUNE:BLD-PHOENIX-01,4655.01,29.1,1,4782.11,4416.71,2041.14,1965.04,4959.65,2206.9008333333336,4733.67,1298.628825137318,0.19509032201612816,-0.9807852804032304,0,0
2026-08-24 11:30:00+00:00,urn:ngsi-ld:Building:PUNE:BLD-PHOENIX-01,4572.74,30.1,1,4906.35,4616.9,2084.72,2185.61,4797.8,2351.06375,4733.67,1371.4282278381938,0.130526192220052,-0.9914448613738104,0,0
2026-08-24 11:45:00+00:00,urn:ngsi-ld:Building:PUNE:BLD-PHOENIX-01,4830.33,31.1,1,4908.33,4632.51,2169.31,2018.09,5206.41,2491.50625,4733.67,1420.3665961930303,0.06540312923014312,-0.9978589232386035,0,0
2026-08-24 12:00:00+00:00,urn:ngsi-ld:Building:PUNE:BLD-PHOENIX-01,4902.83,31.1,1,5070.3,4733.67,4466.34,2053.38,4997.38,2639.45375,4830.33,1472.6075894076382,1.2246467991473532e-16,-1.0,0,0
2026-08-24 12:15:00+00:00,urn:ngsi-ld:Building:PUNE:BLD-PHOENIX-01,4782.11,31.1,1,4722.91,4655.01,4416.71,2041.14,5304.24,2790.68875,4902.83,1512.0450935572462,-0.06540312923014287,-0.9978589232386035,0,0
2026-08-24 12:30:00+00:00,urn:ngsi-ld:Building:PUNE:BLD-PHOENIX-01,4906.35,31.9,1,5038.43,4572.74,4616.9,2084.72,5455.45,2942.3704166666666,4902.83,1521.998573322416,-0.13052619222005177,-0.9914448613738104,0,0
2026-08-24 12:45:00+00:00,urn:ngsi-ld:Building:PUNE:BLD-PHOENIX-01,4908.33,32.7,1,5066.71,4830.33,4632.51,2169.31,5295.73,3089.027083333334,4906.35,1535.0909751442694,-0.19509032201612792,-0.9807852804032305,0,0
2026-08-24 13:00:00+00:00,urn:ngsi-ld:Building:PUNE:BLD-PHOENIX-01,5070.3,33.2,1,5193.74,4902.83,4733.67,4466.34,5430.08,3247.7075000000004,4908.33,1517.2762483627207,-0.2588190451025208,-0.9659258262890683,0,0
2026-08-24 13:15:00+00:00,urn:ngsi-ld:Building:PUNE:BLD-PHOENIX-01,4722.91,31.9,1,4907.16,4782.11,4655.01,4416.71,5376.36,3406.77125,5070.3,1499.0397371689032,-0.32143946530316153,-0.9469301294951057,0,0
2026-08-24 13:30:00+00:00,urn:ngsi-ld:Building:PUNE:BLD-PHOENIX-01,5038.43,33.2,1,5049.51,4906.35,4572.74,4616.9,5284.72,3551.94125,5070.3,1447.7903872612906,-0.38268343236508967,-0.9238795325112868,0,0
2026-08-24 13:45:00+00:00,urn:ngsi-ld:Building:PUNE:BLD-PHOENIX-01,5066.71,33.3,1,5140.08,4908.33,4830.33,4632.51,5573.42,3716.0425,5070.3,1379.3754533444232,-0.44228869021900147,-0.8968727415326883,0,0
2026-08-24 14:00:00+00:00,urn:ngsi-ld:Building:PUNE:BLD-PHOENIX-01,5193.74,33.6,1,4753.66,5070.3,4902.83,4733.67,5316.14,3868.89125,5070.3,1313.0352291320485,-0.4999999999999997,-0.8660254037844388,0,0
2026-08-24 14:15:00+00:00,urn:ngsi-ld:Building:PUNE:BLD-PHOENIX-01,4907.16,32.8,1,4966.04,4722.91,4782.11,4655.01,5393.48,4001.3837500000004,5193.74,1277.6748305173364,-0.555570233019602,-0.8314696123025455,0,0
2026-08-24 14:30:00+00:00,urn:ngsi-ld:Building:PUNE:BLD-PHOENIX-01,5049.51,32.8,1,5035.76,5038.43,4906.35,4572.74,5249.27,4123.972083333333,5193.74,1213.3224871150103,-0.6087614290087207,-0.7933533402912352,0,0
2026-08-24 14:45:00+00:00,urn:ngsi-ld:Building:PUNE:BLD-PHOENIX-01,5140.08,34.2,1,5117.7,5066.71,4908.33,4830.33,5263.79,4243.3012499999995,5193.74,1153.7671680697829,-0.6593458151000688,-0.7518398074789774,0,0
2026-08-24 15:00:00+00:00,urn:ngsi-ld:Building:PUNE:BLD-PHOENIX-01,4753.66,31.9,1,4885.77,5193.74,5070.3,4902.83,5136.5,4373.384166666667,5193.74,1064.519468055351,-0.7071067811865471,-0.7071067811865479,0,0
2026-08-24 15:15:00+00:00,urn:ngsi-ld:Building:PUNE:BLD-PHOENIX-01,4966.04,32.8,1,4871.99,4907.16,4722.91,4782.11,5294.26,4485.895833333333,5193.74,944.5959896393597,-0.7518398074789773,-0.6593458151000691,0,0
2026-08-24 15:30:00+00:00,urn:ngsi-ld:Building:PUNE:BLD-PHOENIX-01,5035.76,32.9,1,4987.76,5049.51,5038.43,4906.35,5413.79,4607.766666666666,5193.74,791.785647308706,-0.7933533402912349,-0.6087614290087209,0,0
2026-08-24 15:45:00+00:00,urn:ngsi-ld:Building:PUNE:BLD-PHOENIX-01,5117.7,32.8,1,5054.09,5140.08,5066.71,4908.33,5262.98,4730.7266666666665,5193.74,585.098196601798,-0.8314696123025452,-0.5555702330196022,0,0
2026-08-24 16:00:00+00:00,urn:ngsi-ld:Building:PUNE:BLD-PHOENIX-01,4885.77,32.4,1,5024.53,4753.66,5193.74,5070.3,5294.02,4853.576249999999,5193.74,218.7416810604754,-0.8660254037844385,-0.5000000000000004,0,0
2026-08-24 16:15:00+00:00,urn:ngsi-ld:Building:PUNE:BLD-PHOENIX-01,4871.99,32.8,1,4689.51,4966.04,4907.16,4722.91,5275.07,4871.0525,5193.74,202.61944308290882,-0.8968727415326883,-0.44228869021900136,0,0
2026-08-24 16:30:00+00:00,urn:ngsi-ld:Building:PUNE:BLD-PHOENIX-01,4987.76,32.5,1,4680.1,5035.76,5049.51,5038.43,5297.36,4890.0225,5193.74,178.05639073182883,-0.9238795325112868,-0.3826834323650895,0,0
2026-08-24 16:45:00+00:00,urn:ngsi-ld:Building:PUNE:BLD-PHOENIX-01,5054.09,31.8,1,4711.18,5117.7,5140.08,5066.71,5279.1,4905.474999999999,5193.74,169.1950000803362,-0.9469301294951056,-0.3214394653031618,0,0
2026-08-24 17:00:00+00:00,urn:ngsi-ld:Building:PUNE:BLD-PHOENIX-01,5024.53,31.2,1,4649.3,4885.77,4753.66,5193.74,5099.17,4923.0408333333335,5193.74,161.32480444656176,-0.9659258262890683,-0.25881904510252063,0,0
2026-08-24 17:15:00+00:00,urn:ngsi-ld:Building:PUNE:BLD-PHOENIX-01,4689.51,31.0,1,4790.05,4871.99,4966.04,4907.16,4996.34,4935.160000000001,5193.74,157.35651653383638,-0.9807852804032303,-0.19509032201612866,0,0
2026-08-24 17:30:00+00:00,urn:ngsi-ld:Building:PUNE:BLD-PHOENIX-01,4680.1,30.8,1,4700.65,4987.76,5035.76,5049.51,5034.78,4936.5975,5193.74,154.82317993654416,-0.9914448613738104,-0.13052619222005163,0,0
2026-08-24 17:45:00+00:00,urn:ngsi-ld:Building:PUNE:BLD-PHOENIX-01,4711.18,29.8,1,4403.6,5054.09,5117.7,5140.08,4904.0,4941.070833333334,5193.74,145.09868039186523,-0.9978589232386035,-0.06540312923014273,0,0
2026-08-24 18:00:00+00:00,urn:ngsi-ld:Building:PUNE:BLD-PHOENIX-01,4649.3,30.1,1,4318.78,5024.53,4885.77,4753.66,5070.6,4936.10625,5193.74,150.97194602089957,-1.0,-1.8369701987210297e-16,0,0
2026-08-24 18:15:00+00:00,urn:ngsi-ld:Building:PUNE:BLD-PHOENIX-01,4790.05,29.9,1,4310.11,4689.51,4871.99,4966.04,4612.41,4925.5425000000005,5193.74,161.877630091141,-0.9978589232386036,0.06540312923014237,0,0
2026-08-24 18:30:00+00:00,urn:ngsi-ld:Building:PUNE:BLD-PHOENIX-01,4700.65,29.6,1,4528.81,4680.1,4987.76,5035.76,4926.38,4925.873333333334,5193.74,161.5795876762731,-0.9914448613738105,0.13052619222005127,0,0
2026-08-24 18:45:00+00:00,urn:ngsi-ld:Building:PUNE:BLD-PHOENIX-01,4403.6,29.0,1,4389.31,4711.18,5054.09,5117.7,4880.59,4917.3025,5193.74,167.98867993050538,-0.9807852804032304,0.1950903220161283,0,0
2026-08-24 19:00:00+00:00,urn:ngsi-ld:Building:PUNE:BLD-PHOENIX-01,4318.78,27.4,1,4357.19,4649.3,5024.53,4885.77,4543.64,4896.272083333333,5193.74,198.06230815799685,-0.9659258262890684,0.2588190451025203,0,0
2026-08-24 19:15:00+00:00,urn:ngsi-ld:Building:PUNE:BLD-PHOENIX-01,4310.11,27.1,1,4392.59,4790.05,4689.51,4871.99,4692.61,4864.958750000001,5193.74,226.69059418000717,-0.9469301294951057,0.3214394653031615,0,0
2026-08-24 19:30:00+00:00,urn:ngsi-ld:Building:PUNE:BLD-PHOENIX-01,4528.81,26.4,1,4506.5,4700.65,4680.1,4987.76,4632.17,4847.75875,5193.74,252.16605245636003,-0.923879532511287,0.38268343236508917,0,0
2026-08-24 19:45:00+00:00,urn:ngsi-ld:Building:PUNE:BLD-PHOENIX-01,4389.31,25.8,1,4406.01,4403.6,4711.18,5054.09,4665.02,4826.524583333333,5193.74,256.82585351675937,-0.8968727415326884,0.442288690219001,0,0
2026-08-24 20:00:00+00:00,urn:ngsi-ld:Building:PUNE:BLD-PHOENIX-01,4357.19,25.1,1,4341.65,4318.78,4649.3,5024.53,4726.67,4798.299583333333,5193.74,266.3290609537847,-0.8660254037844386,0.5000000000000001,0,0
2026-08-24 20:15:00+00:00,urn:ngsi-ld:Building:PUNE:BLD-PHOENIX-01,4392.59,24.6,1,4432.27,4310.11,4790.05,4689.51,4436.51,4763.443333333334,5140.08,267.06638368159264,-0.8314696123025455,0.5555702330196018,0,0
2026-08-24 20:30:00+00:00,urn:ngsi-ld:Building:PUNE:BLD-PHOENIX-01,4506.5,24.7,1,4434.21,4528.81,4700.65,4680.1,4762.83,4742.002916666667,5140.08,275.54748230418755,-0.7933533402912357,0.6087614290087199,0,0
2026-08-24 20:45:00+00:00,urn:ngsi-ld:Building:PUNE:BLD-PHOENIX-01,4406.01,23.6,1,4464.03,4389.31,4403.6,4711.18,4473.32,4719.3775,5140.08,271.4632439728639,-0.7518398074789772,0.6593458151000691,0,0
2026-08-24 21:00:00+00:00,urn:ngsi-ld:Building:PUNE:BLD-PHOENIX-01,4341.65,22.1,1,4316.21,4357.19,4318.78,4649.3,4738.43,4688.791249999999,5117.7,263.23067112348105,-0.7071067811865477,0.7071067811865474,0,0
2026-08-24 21:15:00+00:00,urn:ngsi-ld:Building:PUNE:BLD-PHOENIX-01,4432.27,22.7,1,1771.59,4392.59,4310.11,4790.05,4699.05,4671.6241666666665,5117.7,272.1017205723169,-0.6593458151000687,0.7518398074789775,0,0
2026-08-24 21:30:00+00:00,urn:ngsi-ld:Building:PUNE:BLD-PHOENIX-01,4434.21,21.7,1,1703.4,4506.5,4528.81,4700.65,4565.15,4649.38375,5117.7,268.7849821732179,-0.608761429008721,0.7933533402912349,0,0
2026-08-24 21:45:00+00:00,urn:ngsi-ld:Building:PUNE:BLD-PHOENIX-01,4464.03,21.2,1,2092.92,4406.01,4389.31,4403.6,4621.57,4624.319166666667,5117.7,259.0600877741402,-0.555570233019603,0.8314696123025447,0,0
2026-08-24 22:00:00+00:00,urn:ngsi-ld:Building:PUNE:BLD-PHOENIX-01,4316.21,20.5,1,1939.57,4341.65,4357.19,4318.78,4844.63,4597.082916666666,5054.09,238.4773637508741,-0.5000000000000004,0.8660254037844384,0,0
2026-08-24 22:15:00+00:00,urn:ngsi-ld:Building:PUNE:BLD-PHOENIX-01,1771.59,20.0,0,2180.2,4432.27,4392.59,4310.11,2157.92,4573.351250000001,5054.09,236.83384146611203,-0.4422886902190014,0.8968727415326883,0,0
2026-08-24 22:30:00+00:00,urn:ngsi-ld:Building:PUNE:BLD-PHOENIX-01,1703.4,19.5,0,2263.08,4434.21,4506.5,4528.81,2131.23,4444.167916666666,5054.09,613.2676969564442,-0.38268343236508956,0.9238795325112868,0,0
2026-08-24 22:45:00+00:00,urn:ngsi-ld:Building:PUNE:BLD-PHOENIX-01,2092.92,17.7,0,1288.76,4464.03,4406.01,4389.31,2092.04,4307.319583333333,5054.09,818.7236725244965,-0.32143946530316186,0.9469301294951056,0,0
2026-08-24 23:00:00+00:00,urn:ngsi-ld:Building:PUNE:BLD-PHOENIX-01,1939.57,18.5,0,1262.45,4316.21,4341.65,4357.19,2110.36,4183.9375,5024.53,918.3548270081317,-0.25881904510252157,0.9659258262890681,0,0
2026-08-24 23:15:00+00:00,urn:ngsi-ld:Building:PUNE:BLD-PHOENIX-01,2180.2,17.3,0,1239.58,1771.59,4432.27,4392.59,2110.51,4055.3974999999996,4790.05,1007.1847871612906,-0.19509032201612872,0.9807852804032303,0,0
2026-08-24 23:30:00+00:00,urn:ngsi-ld:Building:PUNE:BLD-PHOENIX-01,2263.08,17.0,0,1120.35,1703.4,4434.21,4506.5,1880.56,3950.8429166666665,4790.05,1066.9663340945326,-0.13052619222005168,0.9914448613738104,0,0
2026-08-24 23:45:00+00:00,urn:ngsi-ld:Building:PUNE:BLD-PHOENIX-01,1288.76,16.9,0,1179.49,2092.92,4464.03,4406.01,1197.16,3850.1337499999995,4790.05,1108.4047748975834,-0.0654031292301428,0.9978589232386035,0,0
2026-08-25 00:00:00+00:00,urn:ngsi-ld:Building:PUNE:BLD-PHOENIX-01,1262.45,17.4,0,1253.29,1939.57,4316.21,4341.65,1409.77,3707.5329166666666,4790.05,1208.4503413714144,0.0,1.0,1,0
2026-08-25 00:15:00+00:00,urn:ngsi-ld:Building:PUNE:BLD-PHOENIX-01,1239.58,15.5,0,1239.91,2180.2,1771.59,4432.27,1379.13,3566.414166666667,4790.05,1288.775259957117,0.06540312923014306,0.9978589232386035,1,0
2026-08-25 00:30:00+00:00,urn:ngsi-ld:Building:PUNE:BLD-PHOENIX-01,1120.35,15.8,0,1308.6,2263.08,1703.4,4434.21,1378.31,3418.4779166666667,4700.65,1344.7690571828077,0.13052619222005157,0.9914448613738104,1,0
2026-08-25 00:45:00+00:00,urn:ngsi-ld:Building:PUNE:BLD-PHOENIX-01,1179.49,15.3,0,1151.05,1288.76,2092.92,4464.03,1269.27,3269.29875,4528.81,1394.0340008058315,0.19509032201612825,0.9807852804032304,1,0
2026-08-25 01:00:00+00:00,urn:ngsi-ld:Building:PUNE:BLD-PHOENIX-01,1253.29,15.8,0,1210.83,1262.45,1939.57,4316.21,1287.71,3134.960833333333,4528.81,1434.7268996236244,0.25881904510252074,0.9659258262890683,1,0
2026-08-25 01:15:00+00:00,urn:ngsi-ld:Building:PUNE:BLD-PHOENIX-01,1239.91,14.8,0,1292.16,1239.58,2180.2,1771.59,1126.25,3007.232083333333,4528.81,1460.9683426531167,0.3214394653031616,0.9469301294951057,1,0
2026-08-25 01:30:00+00:00,urn:ngsi-ld:Building:PUNE:BLD-PHOENIX-01,1308.6,15.0,0,1104.58,1120.35,2263.08,1703.4,1242.43,2879.307083333333,4528.81,1476.2619745845107,0.3826834323650898,0.9238795325112867,1,0
2026-08-25 01:45:00+00:00,urn:ngsi-ld:Building:PUNE:BLD-PHOENIX-01,1151.05,14.1,0,1319.88,1179.49,1288.76,2092.92,1334.95,2745.1316666666667,4506.5,1466.1280633300928,0.44228869021900125,0.8968727415326884,1,0
2026-08-25 02:00:00+00:00,urn:ngsi-ld:Building:PUNE:BLD-PHOENIX-01,1210.83,15.2,0,1310.04,1253.29,1262.45,1939.57,1273.63,2610.204166666667,4506.5,1457.2169439213358,0.49999999999999994,0.8660254037844387,1,0
2026-08-25 02:15:00+00:00,urn:ngsi-ld:Building:PUNE:BLD-PHOENIX-01,1292.16,13.7,0,1281.45,1239.91,1239.58,2180.2,1230.72,2479.1058333333335,4506.5,1434.571199414852,0.5555702330196022,0.8314696123025452,1,0
2026-08-25 02:30:00+00:00,urn:ngsi-ld:Building:PUNE:BLD-PHOENIX-01,1104.58,14.8,0,1204.13,1308.6,1120.35,2263.08,1235.65,2349.92125,4506.5,1393.7869137223138,0.6087614290087207,0.7933533402912352,1,0
2026-08-25 02:45:00+00:00,urn:ngsi-ld:Building:PUNE:BLD-PHOENIX-01,1319.88,14.7,0,1390.53,1151.05,1179.49,1288.76,1131.22,2208.1745833333334,4464.03,1336.7481178558312,0.6593458151000688,0.7518398074789774,1,0
2026-08-25 03:00:00+00:00,urn:ngsi-ld:Building:PUNE:BLD-PHOENIX-01,1310.04,14.8,0,1374.91,1210.83,1253.29,1262.45,1287.17,2079.585833333333,4464.03,1262.508585465133,0.7071067811865476,0.7071067811865476,1,0
2026-08-25 03:15:00+00:00,urn:ngsi-ld:Building:PUNE:BLD-PHOENIX-01,1281.45,13.8,0,1283.51,1292.16,1239.91,1239.58,1238.34,1953.26875,4464.03,1174.9683569293716,0.7518398074789774,0.6593458151000688,1,0
2026-08-25 03:30:00+00:00,urn:ngsi-ld:Building:PUNE:BLD-PHOENIX-01,1204.13,14.6,0,1261.51,1104.58,1308.6,1120.35,1350.63,1821.9845833333331,4464.03,1055.9336518269827,0.7933533402912352,0.6087614290087207,1,0
2026-08-25 03:45:00+00:00,urn:ngsi-ld:Building:PUNE:BLD-PHOENIX-01,1390.53,15.5,0,1328.26,1319.88,1151.05,1179.49,1253.7,1687.3979166666668,4464.03,903.3320476410923,0.8314696123025451,0.5555702330196024,1,0
2026-08-25 04:00:00+00:00,urn:ngsi-ld:Building:PUNE:BLD-PHOENIX-01,1374.91,16.3,0,1180.72,1310.04,1210.83,1253.29,1147.05,1559.3354166666668,4316.21,683.7571037957114,0.8660254037844386,0.5000000000000001,1,0
2026-08-25 04:15:00+00:00,urn:ngsi-ld:Building:PUNE:BLD-PHOENIX-01,1283.51,15.4,0,1310.22,1281.45,1292.16,1239.91,1286.03,1436.78125,2263.08,350.54203782278773,0.8968727415326884,0.44228869021900125,1,0
2026-08-25 04:30:00+00:00,urn:ngsi-ld:Building:PUNE:BLD-PHOENIX-01,1261.51,16.2,0,1282.32,1204.13,1104.58,1308.6,1354.5,1416.4445833333332,2263.08,344.37737283615513,0.9238795325112867,0.38268343236508984,1,0
2026-08-25 04:45:00+00:00,urn:ngsi-ld:Building:PUNE:BLD-PHOENIX-01,1328.26,16.2,0,1214.39,1390.53,1319.88,1151.05,1131.8,1398.0325,2263.08,340.1552089247931,0.9469301294951056,0.3214394653031617,1,0
2026-08-25 05:00:00+00:00,urn:ngsi-ld:Building:PUNE:BLD-PHOENIX-01,1180.72,16.4,0,1285.99,1374.91,1310.04,1210.83,1270.64,1366.1716666666669,2263.08,306.37181736467846,0.9659258262890683,0.25881904510252074,1,0
2026-08-25 05:15:00+00:00,urn:ngsi-ld:Building:PUNE:BLD-PHOENIX-01,1310.22,16.6,0,1387.02,1283.51,1281.45,1292.16,1195.1,1334.5529166666668,2263.08,282.8794231143919,0.9807852804032304,0.19509032201612833,1,0
2026-08-25 05:30:00+00:00,urn:ngsi-ld:Building:PUNE:BLD-PHOENIX-01,1282.32,17.3,0,1100.0,1261.51,1204.13,1104.58,1202.12,1298.30375,2263.08,218.13584875344486,0.9914448613738104,0.1305261922200517,1,0
2026-08-25 05:45:00+00:00,urn:ngsi-ld:Building:PUNE:BLD-PHOENIX-01,1214.39,18.1,0,1153.0,1328.26,1390.53,1319.88,1279.59,1257.43875,1390.53,73.36573837907576,0.9978589232386035,0.06540312923014327,1,0
2026-08-25 06:00:00+00:00,urn:ngsi-ld:Building:PUNE:BLD-PHOENIX-01,1285.99,18.7,0,1223.98,1180.72,1374.91,1310.04,1273.19,1254.34,1390.53,73.55564181930863,1.0,6.123233995736766e-17,1,0
2026-08-25 06:15:00+00:00,urn:ngsi-ld:Building:PUNE:BLD-PHOENIX-01,1387.02,18.0,0,1308.87,1310.22,1283.51,1281.45,1141.75,1255.3208333333334,1390.53,73.8249421097532,0.9978589232386035,-0.06540312923014314,1,0
2026-08-25 06:30:00+00:00,urn:ngsi-ld:Building:PUNE:BLD-PHOENIX-01,1100.0,18.9,0,1280.02,1282.32,1261.51,1204.13,1386.59,1261.4641666666666,1390.53,78.44796984728585,0.9914448613738104,-0.1305261922200516,1,0
2026-08-25 06:45:00+00:00,urn:ngsi-ld:Building:PUNE:BLD-PHOENIX-01,1153.0,19.2,0,1308.53,1214.39,1328.26,1390.53,1100.0,1260.6162499999998,1390.53,80.13145323992207,0.9807852804032304,-0.1950903220161282,1,0
2026-08-25 07:00:00+00:00,urn:ngsi-ld:Building:PUNE:BLD-PHOENIX-01,1223.98,20.4,0,2015.38,1285.99,1180.72,1374.91,1252.77,1259.5125,1390.53,81.46877125072325,0.9659258262890683,-0.25881904510252063,1,0
2026-08-25 07:15:00+00:00,urn:ngsi-ld:Building:PUNE:BLD-PHOENIX-01,1308.87,20.7,0,2053.43,1387.02,1310.22,1283.51,1238.83,1258.29125,1390.53,81.78517460578234,0.9469301294951057,-0.3214394653031616,1,0
2026-08-25 07:30:00+00:00,urn:ngsi-ld:Building:PUNE:BLD-PHOENIX-01,1280.02,21.7,0,2149.33,1100.0,1282.32,1261.51,1100.0,1261.1645833333334,1390.53,82.32093468096447,0.9238795325112868,-0.3826834323650895,1,0
2026-08-25 07:45:00+00:00,urn:ngsi-ld:Building:PUNE:BLD-PHOENIX-01,1308.53,22.4,0,2069.26,1153.0,1214.39,1328.26,1398.34,1259.97375,1390.53,81.8100420544477,0.8968727415326884,-0.44228869021900113,1,0
2026-08-25 08:00:00+00:00,urn:ngsi-ld:Building:PUNE:BLD-PHOENIX-01,2015.38,21.5,0,2096.09,1223.98,1285.99,1180.72,2013.92,1266.5354166666666,1390.53,78.9596218756631,0.8660254037844387,-0.4999999999999998,1,0
2026-08-25 08:15:00+00:00,urn:ngsi-ld:Building:PUNE:BLD-PHOENIX-01,2053.43,22.1,0,2049.87,1308.87,1387.02,1310.22,1965.04,1300.0583333333334,2015.38,171.19662701531848,0.8314696123025451,-0.5555702330196023,1,0
2026-08-25 08:30:00+00:00,urn:ngsi-ld:Building:PUNE:BLD-PHOENIX-01,2149.33,24.0,0,1997.01,1280.02,1100.0,1282.32,2185.61,1331.7779166666667,2053.43,230.07086569852845,0.7933533402912352,-0.6087614290087207,1,0
2026-08-25 08:45:00+00:00,urn:ngsi-ld:Building:PUNE:BLD-PHOENIX-01,2069.26,25.3,0,2114.35,1308.53,1153.0,1214.39,2018.09,1375.3091666666667,2149.33,278.87531238910105,0.7518398074789774,-0.6593458151000688,1,0
2026-08-25 09:00:00+00:00,urn:ngsi-ld:Building:PUNE:BLD-PHOENIX-01,2096.09,24.9,0,4449.72,2015.38,1223.98,1285.99,2053.38,1406.5333333333335,2149.33,312.34315836861924,0.7071067811865476,-0.7071067811865475,1,0
2026-08-25 09:15:00+00:00,urn:ngsi-ld:Building:PUNE:BLD-PHOENIX-01,2049.87,25.5,0,4546.08,2053.43,1308.87,1387.02,2041.14,1439.2854166666666,2149.33,341.6247862529916,0.659345815100069,-0.7518398074789773,1,0
2026-08-25 09:30:00+00:00,urn:ngsi-ld:Building:PUNE:BLD-PHOENIX-01,1997.01,27.1,0,4417.03,2149.33,1280.02,1100.0,2084.72,1471.3029166666668,2149.33,361.6129929066769,0.6087614290087209,-0.793353340291235,1,0
2026-08-25 09:45:00+00:00,urn:ngsi-ld:Building:PUNE:BLD-PHOENIX-01,2114.35,27.5,0,4626.41,2069.26,1308.53,1153.0,2169.31,1504.3395833333334,2149.33,372.2063161214005,0.5555702330196025,-0.831469612302545,1,0
2026-08-25 10:00:00+00:00,urn:ngsi-ld:Building:PUNE:BLD-PHOENIX-01,4449.72,27.1,1,4645.7,2096.09,2015.38,1223.98,4466.34,1534.49875,2149.33,391.4129221646571,0.49999999999999994,-0.8660254037844387,1,0
2026-08-25 10:15:00+00:00,urn:ngsi-ld:Building:PUNE:BLD-PHOENIX-01,4546.08,28.6,1,4620.27,2049.87,2053.43,1308.87,4416.71,1662.6158333333333,4449.72,710.260344735366,0.4422886902190017,-0.8968727415326881,1,0
2026-08-25 10:30:00+00:00,urn:ngsi-ld:Building:PUNE:BLD-PHOENIX-01,4417.03,28.3,1,5017.37,1997.01,2149.33,1280.02,4616.9,1798.5562500000003,4546.08,916.7507285389033,0.3826834323650899,-0.9238795325112867,1,0
2026-08-25 10:45:00+00:00,urn:ngsi-ld:Building:PUNE:BLD-PHOENIX-01,4626.41,29.0,1,4871.19,2114.35,2069.26,1308.53,4632.51,1930.03625,4546.08,1052.5957974695343,0.32143946530316175,-0.9469301294951056,1,0
2026-08-25 11:00:00+00:00,urn:ngsi-ld:Building:PUNE:BLD-PHOENIX-01,4645.7,29.2,1,4921.14,4449.72,2096.09,2015.38,4733.67,2067.4591666666665,4626.41,1178.3940314568688,0.258819045102521,-0.9659258262890682,1,0
2026-08-25 11:15:00+00:00,urn:ngsi-ld:Building:PUNE:BLD-PHOENIX-01,4620.27,29.5,1,4963.8,4546.08,2049.87,2053.43,4655.01,2211.8333333333335,4645.7,1273.4556408609471,0.19509032201612816,-0.9807852804032304,1,0
2026-08-25 11:30:00+00:00,urn:ngsi-ld:Building:PUNE:BLD-PHOENIX-01,5017.37,30.8,1,5078.66,4417.03,1997.01,2149.33,4572.74,2349.7520833333333,4645.7,1348.590178645439,0.130526192220052,-0.9914448613738104,1,0
2026-08-25 11:45:00+00:00,urn:ngsi-ld:Building:PUNE:BLD-PHOENIX-01,4871.19,30.3,1,5060.9,4626.41,2114.35,2069.26,4830.33,2505.379166666667,5017.37,1432.9279081320224,0.06540312923014312,-0.9978589232386035,1,0
2026-08-25 12:00:00+00:00,urn:ngsi-ld:Building:PUNE:BLD-PHOENIX-01,4921.14,31.6,1,4964.15,4645.7,4449.72,2096.09,4902.83,2657.7458333333334,5017.37,1483.2210602455016,1.2246467991473532e-16,-1.0,1,0
2026-08-25 12:15:00+00:00,urn:ngsi-ld:Building:PUNE:BLD-PHOENIX-01,4963.8,32.0,1,5008.78,4620.27,4546.08,2049.87,4782.11,2809.210416666667,5017.37,1522.146239604885,-0.06540312923014287,-0.9978589232386035,1,0
2026-08-25 12:30:00+00:00,urn:ngsi-ld:Building:PUNE:BLD-PHOENIX-01,5078.66,32.1,1,5152.64,5017.37,4417.03,1997.01,4906.35,2958.242916666666,5017.37,1551.6603343725178,-0.13052619222005177,-0.9914448613738104,1,0
2026-08-25 12:45:00+00:00,urn:ngsi-ld:Building:PUNE:BLD-PHOENIX-01,5060.9,32.2,1,4957.03,4871.19,4626.41,2114.35,4908.33,3124.0204166666663,5078.66,1557.0244030214062,-0.19509032201612792,-0.9807852804032305,1,0
2026-08-25 13:00:00+00:00,urn:ngsi-ld:Building:PUNE:BLD-PHOENIX-01,4964.15,32.4,1,4921.02,4921.14,4645.7,4449.72,5070.3,3286.849583333333,5078.66,1546.2399800230105,-0.2588190451025208,-0.9659258262890683,1,0
2026-08-25 13:15:00+00:00,urn:ngsi-ld:Building:PUNE:BLD-PHOENIX-01,5008.78,32.4,1,5053.72,4963.8,4620.27,4546.08,4722.91,3442.69,5078.66,1517.503267851221,-0.32143946530316153,-0.9469301294951057,1,0
2026-08-25 13:30:00+00:00,urn:ngsi-ld:Building:PUNE:BLD-PHOENIX-01,5152.64,34.0,1,5455.39,5078.66,5017.37,4417.03,5038.43,3596.8529166666667,5078.66,1478.7455471107344,-0.38268343236508967,-0.9238795325112868,1,0
2026-08-25 13:45:00+00:00,urn:ngsi-ld:Building:PUNE:BLD-PHOENIX-01,4957.03,33.2,1,5191.04,5060.9,4871.19,4626.41,5066.71,3758.2120833333333,5152.64,1425.264414678081,-0.44228869021900147,-0.8968727415326883,1,0
2026-08-25 14:00:00+00:00,urn:ngsi-ld:Building:PUNE:BLD-PHOENIX-01,4921.02,33.3,1,5090.6,4964.15,4921.14,4645.7,5193.74,3910.2329166666664,5152.64,1344.9306280428204,-0.4999999999999997,-0.8660254037844388,1,0
2026-08-25 14:15:00+00:00,urn:ngsi-ld:Building:PUNE:BLD-PHOENIX-01,5053.72,32.9,1,5112.24,5008.78,4963.8,4620.27,4907.16,4031.30125,5152.64,1296.8645302800064,-0.555570233019602,-0.8314696123025455,1,0
2026-08-25 14:30:00+00:00,urn:ngsi-ld:Building:PUNE:BLD-PHOENIX-01,5455.39,34.3,1,5029.1,5152.64,5078.66,5017.37,5049.51,4156.3133333333335,5152.64,1241.3355000183517,-0.6087614290087207,-0.7933533402912352,1,0
2026-08-25 14:45:00+00:00,urn:ngsi-ld:Building:PUNE:BLD-PHOENIX-01,5191.04,33.1,1,4796.41,4957.03,5060.9,4871.19,5140.08,4294.065833333333,5455.39,1191.3678291264844,-0.6593458151000688,-0.7518398074789774,1,0
2026-08-25 15:00:00+00:00,urn:ngsi-ld:Building:PUNE:BLD-PHOENIX-01,5090.6,33.6,1,5033.13,4921.02,4964.15,4921.14,4753.66,4424.14,5455.39,1105.2042251961043,-0.7071067811865471,-0.7071067811865479,1,0
2026-08-25 15:15:00+00:00,urn:ngsi-ld:Building:PUNE:BLD-PHOENIX-01,5112.24,33.6,1,4944.51,5053.72,5008.78,4963.8,4966.04,4548.91125,5455.39,994.4340776293631,-0.7518398074789773,-0.6593458151000691,1,0
2026-08-25 15:30:00+00:00,urn:ngsi-ld:Building:PUNE:BLD-PHOENIX-01,5029.1,33.2,1,5023.12,5455.39,5152.64,5078.66,5035.76,4676.51,5455.39,845.0895920243283,-0.7933533402912349,-0.6087614290087209,1,0
2026-08-25 15:45:00+00:00,urn:ngsi-ld:Building:PUNE:BLD-PHOENIX-01,4796.41,32.2,1,4984.61,5191.04,4957.03,5060.9,5117.7,4802.847083333333,5455.39,625.1118744289006,-0.8314696123025452,-0.5555702330196022,1,0
2026-08-25 16:00:00+00:00,urn:ngsi-ld:Building:PUNE:BLD-PHOENIX-01,5033.13,33.2,1,5027.69,5090.6,4921.02,4964.15,4885.77,4914.599583333334,5455.39,251.93940234977595,-0.8660254037844385,-0.5000000000000004,1,0
2026-08-25 16:15:00+00:00,urn:ngsi-ld:Building:PUNE:BLD-PHOENIX-01,4944.51,32.2,1,5011.55,5112.24,5053.72,5008.78,4871.99,4938.908333333334,5455.39,232.5327561155386,-0.8968727415326883,-0.44228869021900136,1,0
2026-08-25 16:30:00+00:00,urn:ngsi-ld:Building:PUNE:BLD-PHOENIX-01,5023.12,32.7,1,4913.83,5029.1,5455.39,5152.64,4987.76,4955.5095833333335,5455.39,216.96993825997302,-0.9238795325112868,-0.3826834323650895,1,0
2026-08-25 16:45:00+00:00,urn:ngsi-ld:Building:PUNE:BLD-PHOENIX-01,4984.61,31.5,1,4815.99,4796.41,5191.04,4957.03,5054.09,4980.763333333333,5455.39,184.39699680826214,-0.9469301294951056,-0.3214394653031618,1,0
2026-08-25 17:00:00+00:00,urn:ngsi-ld:Building:PUNE:BLD-PHOENIX-01,5027.69,32.5,1,4660.92,5033.13,5090.6,4921.02,5024.53,4995.688333333333,5455.39,168.2588821783455,-0.9659258262890683,-0.25881904510252063,1,0
2026-08-25 17:15:00+00:00,urn:ngsi-ld:Building:PUNE:BLD-PHOENIX-01,5011.55,31.7,1,4442.92,4944.51,5112.24,5053.72,4689.51,5011.604583333333,5455.39,150.88242007204735,-0.9807852804032303,-0.19509032201612866,1,0
2026-08-25 17:30:00+00:00,urn:ngsi-ld:Building:PUNE:BLD-PHOENIX-01,4913.83,31.4,1,4721.02,5023.12,5029.1,5455.39,4680.1,5027.907916666666,5455.39,125.8164097952028,-0.9914448613738104,-0.13052619222005163,1,0
2026-08-25 17:45:00+00:00,urn:ngsi-ld:Building:PUNE:BLD-PHOENIX-01,4815.99,30.6,1,4565.02,4984.61,4796.41,5191.04,4711.18,5023.59375,5455.39,127.950520491494,-0.9978589232386035,-0.06540312923014273,1,0
2026-08-25 18:00:00+00:00,urn:ngsi-ld:Building:PUNE:BLD-PHOENIX-01,4660.92,29.1,1,4327.16,5027.69,5033.13,5090.6,4649.3,5021.29375,5455.39,131.26246110005792,-1.0,-1.8369701987210297e-16,1,0
2026-08-25 18:15:00+00:00,urn:ngsi-ld:Building:PUNE:BLD-PHOENIX-01,4442.92,28.5,1,4370.72,5011.55,4944.51,5112.24,4790.05,5010.45125,5455.39,149.39053076082394,-0.9978589232386036,0.06540312923014237,1,0
2026-08-25 18:30:00+00:00,urn:ngsi-ld:Building:PUNE:BLD-PHOENIX-01,4721.02,29.5,1,4331.66,4913.83,5023.12,5029.1,4700.65,4988.747916666666,5455.39,189.0380401097536,-0.9914448613738105,0.13052619222005127,1,0
2026-08-25 18:45:00+00:00,urn:ngsi-ld:Building:PUNE:BLD-PHOENIX-01,4565.02,29.1,1,4256.08,4815.99,4984.61,4796.41,4403.6,4973.84625,5455.39,195.6236822778802,-0.9807852804032304,0.1950903220161283,1,0
2026-08-25 19:00:00+00:00,urn:ngsi-ld:Building:PUNE:BLD-PHOENIX-01,4327.16,26.9,1,4350.3,4660.92,5027.69,5033.13,4318.78,4953.184583333333,5455.39,211.56695071448084,-0.9659258262890684,0.2588190451025203,1,0
2026-08-25 19:15:00+00:00,urn:ngsi-ld:Building:PUNE:BLD-PHOENIX-01,4370.72,27.1,1,4327.6,4442.92,5011.55,4944.51,4310.11,4926.643333333333,5455.39,247.102622963384,-0.9469301294951057,0.3214394653031615,1,0
2026-08-25 19:30:00+00:00,urn:ngsi-ld:Building:PUNE:BLD-PHOENIX-01,4331.66,27.1,1,4324.34,4721.02,4913.83,5023.12,4528.81,4900.0575,5455.39,271.04581740478955,-0.923879532511287,0.38268343236508917,1,0
2026-08-25 19:45:00+00:00,urn:ngsi-ld:Building:PUNE:BLD-PHOENIX-01,4256.08,26.1,1,4340.65,4565.02,4815.99,4984.61,4389.31,4865.85,5455.39,288.99438338159547,-0.8968727415326884,0.442288690219001,1,0
2026-08-25 20:00:00+00:00,urn:ngsi-ld:Building:PUNE:BLD-PHOENIX-01,4350.3,25.5,1,4150.74,4327.16,4660.92,5027.69,4357.19,4836.64375,5455.39,313.739151758618,-0.8660254037844386,0.5000000000000001,1,0
2026-08-25 20:15:00+00:00,urn:ngsi-ld:Building:PUNE:BLD-PHOENIX-01,4327.6,24.2,1,4325.01,4370.72,4442.92,5011.55,4392.59,4812.8637499999995,5455.39,328.3543316074077,-0.8314696123025455,0.5555702330196018,1,0
2026-08-25 20:30:00+00:00,urn:ngsi-ld:Building:PUNE:BLD-PHOENIX-01,4324.34,23.9,1,4481.26,4331.66,4721.02,4913.83,4506.5,4782.60875,5455.39,338.49291664690696,-0.7933533402912357,0.6087614290087199,1,0
2026-08-25 20:45:00+00:00,urn:ngsi-ld:Building:PUNE:BLD-PHOENIX-01,4340.65,24.4,1,4472.4,4256.08,4565.02,4815.99,4406.01,4735.481666666667,5191.04,318.9216890066612,-0.7518398074789772,0.6593458151000691,1,0
2026-08-25 21:00:00+00:00,urn:ngsi-ld:Building:PUNE:BLD-PHOENIX-01,4150.74,22.6,1,4353.54,4350.3,4327.16,4660.92,4341.65,4700.048750000001,5112.24,313.2980840268771,-0.7071067811865477,0.7071067811865474,1,0
2026-08-25 21:15:00+00:00,urn:ngsi-ld:Building:PUNE:BLD-PHOENIX-01,4325.01,21.6,1,2050.36,4327.6,4370.72,4442.92,4432.27,4660.887916666667,5112.24,321.0028430455372,-0.6593458151000687,0.7518398074789775,1,0
2026-08-25 21:30:00+00:00,urn:ngsi-ld:Building:PUNE:BLD-PHOENIX-01,4481.26,21.1,1,1829.64,4324.34,4331.66,4721.02,4434.21,4628.086666666667,5033.13,312.99799446043176,-0.608761429008721,0.7933533402912349,1,0
2026-08-25 21:45:00+00:00,urn:ngsi-ld:Building:PUNE:BLD-PHOENIX-01,4472.4,20.8,1,1998.4,4340.65,4256.08,4565.02,4464.03,4605.26,5033.13,302.2739284447334,-0.555570233019603,0.8314696123025447,1,0
2026-08-25 22:00:00+00:00,urn:ngsi-ld:Building:PUNE:BLD-PHOENIX-01,4353.54,20.4,1,2115.56,4150.74,4350.3,4327.16,4316.21,4591.7595833333335,5033.13,300.59638741329917,-0.5000000000000004,0.8660254037844384,1,0
2026-08-25 22:15:00+00:00,urn:ngsi-ld:Building:PUNE:BLD-PHOENIX-01,2050.36,19.7,0,2013.5,4325.01,4327.6,4370.72,1771.59,4563.443333333334,5027.69,288.9964353423759,-0.4422886902190014,0.8968727415326883,1,0
2026-08-25 22:30:00+00:00,urn:ngsi-ld:Building:PUNE:BLD-PHOENIX-01,1829.64,20.3,0,2147.87,4481.26,4324.34,4331.66,1703.4,4442.85375,5027.69,580.191396642108,-0.38268343236508956,0.9238795325112868,1,0
2026-08-25 22:45:00+00:00,urn:ngsi-ld:Building:PUNE:BLD-PHOENIX-01,1998.4,17.5,0,1341.45,4472.4,4340.65,4256.08,2092.92,4309.792083333334,5027.69,774.864776870533,-0.32143946530316186,0.9469301294951056,1,0
2026-08-25 23:00:00+00:00,urn:ngsi-ld:Building:PUNE:BLD-PHOENIX-01,2115.56,18.2,0,1196.66,4353.54,4150.74,4350.3,1939.57,4185.366666666667,5027.69,892.6060632321852,-0.25881904510252157,0.9659258262890681,1,0
2026-08-25 23:15:00+00:00,urn:ngsi-ld:Building:PUNE:BLD-PHOENIX-01,2013.5,18.0,0,1260.51,2050.36,4325.01,4327.6,2180.2,4064.0279166666664,5011.55,967.8839595421385,-0.19509032201612872,0.9807852804032303,1,0
2026-08-25 23:30:00+00:00,urn:ngsi-ld:Building:PUNE:BLD-PHOENIX-01,2147.87,17.9,0,1389.93,1829.64,4481.26,4324.34,2263.08,3939.1091666666666,4913.83,1031.6457776056025,-0.13052619222005168,0.9914448613738104,1,0
2026-08-25 23:45:00+00:00,urn:ngsi-ld:Building:PUNE:BLD-PHOENIX-01,1341.45,17.0,0,1115.32,1998.4,4472.4,4340.65,1288.76,3823.8608333333336,4815.99,1071.7402347824157,-0.0654031292301428,0.9978589232386035,1,0
2026-08-26 00:00:00+00:00,urn:ngsi-ld:Building:PUNE:BLD-PHOENIX-01,1196.66,16.6,0,1215.49,2115.56,4353.54,4150.74,1262.45,3679.0883333333336,4721.02,1162.7076612940598,0.0,1.0,2,0
2026-08-26 00:15:00+00:00,urn:ngsi-ld:Building:PUNE:BLD-PHOENIX-01,1260.51,16.5,0,1106.8,2013.5,2050.36,4325.01,1239.58,3534.744166666667,4721.02,1247.4645715137171,0.06540312923014306,0.9978589232386035,2,0
2026-08-26 00:30:00+00:00,urn:ngsi-ld:Building:PUNE:BLD-PHOENIX-01,1389.93,15.8,0,1168.22,2147.87,1829.64,4481.26,1120.35,3402.1437499999997,4721.02,1314.091346235322,0.13052619222005157,0.9914448613738104,2,0
2026-08-26 00:45:00+00:00,urn:ngsi-ld:Building:PUNE:BLD-PHOENIX-01,1115.32,14.0,0,1421.17,1341.45,1998.4,4472.4,1179.49,3263.3483333333334,4565.02,1344.3029406274936,0.19509032201612825,0.9807852804032304,2,0
2026-08-26 01:00:00+00:00,urn:ngsi-ld:Building:PUNE:BLD-PHOENIX-01,1215.49,14.5,0,1215.46,1196.66,2115.56,4353.54,1253.29,3119.6108333333336,4481.26,1382.9439997996667,0.25881904510252074,0.9659258262890683,2,0
2026-08-26 01:15:00+00:00,urn:ngsi-ld:Building:PUNE:BLD-PHOENIX-01,1106.8,14.9,0,1100.0,1260.51,2013.5,2050.36,1239.91,2989.9579166666667,4481.26,1410.4015542636785,0.3214394653031616,0.9469301294951057,2,0
2026-08-26 01:30:00+00:00,urn:ngsi-ld:Building:PUNE:BLD-PHOENIX-01,1168.22,14.2,0,1155.2,1389.93,2147.87,1829.64,1308.6,2853.96125,4481.26,1428.715538764481,0.3826834323650898,0.9238795325112867,2,0
2026-08-26 01:45:00+00:00,urn:ngsi-ld:Building:PUNE:BLD-PHOENIX-01,1421.17,16.2,0,1100.0,1115.32,1341.45,1998.4,1151.05,2722.1512500000003,4481.26,1432.3802480648117,0.44228869021900125,0.8968727415326884,2,0
2026-08-26 02:00:00+00:00,urn:ngsi-ld:Building:PUNE:BLD-PHOENIX-01,1215.46,14.3,0,1264.12,1215.49,1196.66,2115.56,1210.83,2604.03,4481.26,1417.1949440325138,0.49999999999999994,0.8660254037844387,2,0
2026-08-26 02:15:00+00:00,urn:ngsi-ld:Building:PUNE:BLD-PHOENIX-01,1100.0,13.8,0,1289.66,1106.8,1260.51,2013.5,1292.16,2473.4116666666664,4481.26,1393.51533699199,0.5555702330196022,0.8314696123025452,2,0
2026-08-26 02:30:00+00:00,urn:ngsi-ld:Building:PUNE:BLD-PHOENIX-01,1155.2,14.4,0,1331.2,1168.22,1389.93,2147.87,1104.58,2338.9283333333333,4481.26,1362.1840151490367,0.6087614290087207,0.7933533402912352,2,0
2026-08-26 02:45:00+00:00,urn:ngsi-ld:Building:PUNE:BLD-PHOENIX-01,1100.0,14.5,0,1310.12,1421.17,1115.32,1341.45,1319.88,2206.880833333333,4481.26,1314.1110065410508,0.6593458151000688,0.7518398074789774,2,0
2026-08-26 03:00:00+00:00,urn:ngsi-ld:Building:PUNE:BLD-PHOENIX-01,1264.12,14.1,0,1119.24,1215.46,1215.49,1196.66,1310.04,2071.8537499999998,4481.26,1250.2705232097094,0.7071067811865476,0.7071067811865476,2,0
2026-08-26 03:15:00+00:00,urn:ngsi-ld:Building:PUNE:BLD-PHOENIX-01,1289.66,14.9,0,1284.71,1100.0,1106.8,1260.51,1281.45,1951.5779166666669,4481.26,1178.3653362805867,0.7518398074789774,0.6593458151000688,2,0
2026-08-26 03:30:00+00:00,urn:ngsi-ld:Building:PUNE:BLD-PHOENIX-01,1331.2,14.0,0,1236.61,1155.2,1168.22,1389.93,1204.13,1825.1050000000002,4481.26,1070.5057280841072,0.7933533402912352,0.6087614290087207,2,0
2026-08-26 03:45:00+00:00,urn:ngsi-ld:Building:PUNE:BLD-PHOENIX-01,1310.12,14.5,0,1345.71,1100.0,1421.17,1115.32,1390.53,1693.8525,4472.4,912.0671059800832,0.8314696123025451,0.5555702330196024,2,0
2026-08-26 04:00:00+00:00,urn:ngsi-ld:Building:PUNE:BLD-PHOENIX-01,1119.24,15.2,0,1321.26,1264.12,1215.46,1215.49,1374.91,1562.0908333333334,4353.54,696.0504876798018,0.8660254037844386,0.5000000000000001,2,0
2026-08-26 04:15:00+00:00,urn:ngsi-ld:Building:PUNE:BLD-PHOENIX-01,1284.71,15.3,0,1436.25,1289.66,1100.0,1106.8,1283.51,1427.3283333333331,2147.87,367.7930969003504,0.8968727415326884,0.44228869021900125,2,0
2026-08-26 04:30:00+00:00,urn:ngsi-ld:Building:PUNE:BLD-PHOENIX-01,1236.61,16.1,0,1161.98,1331.2,1155.2,1168.22,1261.51,1395.4262499999998,2147.87,343.8273220649921,0.9238795325112867,0.38268343236508984,2,0
2026-08-26 04:45:00+00:00,urn:ngsi-ld:Building:PUNE:BLD-PHOENIX-01,1345.71,17.0,0,1149.46,1310.12,1100.0,1421.17,1328.26,1370.7166666666665,2147.87,332.3842542269191,0.9469301294951056,0.3214394653031617,2,0
2026-08-26 05:00:00+00:00,urn:ngsi-ld:Building:PUNE:BLD-PHOENIX-01,1321.26,16.3,0,1203.81,1119.24,1264.12,1215.46,1180.72,1343.52125,2147.87,304.31051907570134,0.9659258262890683,0.25881904510252074,2,0
2026-08-26 05:15:00+00:00,urn:ngsi-ld:Building:PUNE:BLD-PHOENIX-01,1436.25,18.0,0,1240.27,1284.71,1289.66,1100.0,1310.22,1310.4254166666667,2147.87,256.0635304827908,0.9807852804032304,0.19509032201612833,2,0
2026-08-26 05:30:00+00:00,urn:ngsi-ld:Building:PUNE:BLD-PHOENIX-01,1161.98,16.5,0,1185.95,1236.61,1331.2,1155.2,1282.32,1286.3733333333332,2147.87,210.14592432440583,0.9914448613738104,0.1305261922200517,2,0
2026-08-26 05:45:00+00:00,urn:ngsi-ld:Building:PUNE:BLD-PHOENIX-01,1149.46,18.6,0,1166.45,1345.71,1310.12,1100.0,1214.39,1245.2945833333333,1436.25,103.94567657239814,0.9978589232386035,0.06540312923014327,2,0
2026-08-26 06:00:00+00:00,urn:ngsi-ld:Building:PUNE:BLD-PHOENIX-01,1203.81,17.4,0,1278.26,1321.26,1119.24,1264.12,1285.99,1237.295,1436.25,103.61105107256512,1.0,6.123233995736766e-17,2,0
2026-08-26 06:15:00+00:00,urn:ngsi-ld:Building:PUNE:BLD-PHOENIX-01,1240.27,19.0,0,1203.54,1436.25,1284.71,1289.66,1387.02,1237.5929166666667,1436.25,103.4993509108301,0.9978589232386035,-0.06540312923014314,2,0
2026-08-26 06:30:00+00:00,urn:ngsi-ld:Building:PUNE:BLD-PHOENIX-01,1185.95,18.9,0,1182.21,1161.98,1236.61,1331.2,1100.0,1236.7495833333332,1436.25,103.38689781090805,0.9914448613738104,-0.1305261922200516,2,0
2026-08-26 06:45:00+00:00,urn:ngsi-ld:Building:PUNE:BLD-PHOENIX-01,1166.45,19.4,0,1119.09,1149.46,1345.71,1310.12,1153.0,1228.2504166666665,1436.25,98.51644362770145,0.9807852804032304,-0.1950903220161282,2,0
2026-08-26 07:00:00+00:00,urn:ngsi-ld:Building:PUNE:BLD-PHOENIX-01,1278.26,21.7,0,1836.27,1203.81,1321.26,1119.24,1223.98,1230.3808333333334,1436.25,96.5003596712495,0.9659258262890683,-0.25881904510252063,2,0
2026-08-26 07:15:00+00:00,urn:ngsi-ld:Building:PUNE:BLD-PHOENIX-01,1203.54,21.5,0,2175.87,1240.27,1436.25,1284.71,1308.87,1232.99625,1436.25,96.92889697065905,0.9469301294951057,-0.3214394653031616,2,0
2026-08-26 07:30:00+00:00,urn:ngsi-ld:Building:PUNE:BLD-PHOENIX-01,1182.21,21.4,0,2172.6,1185.95,1161.98,1236.61,1280.02,1237.0270833333332,1436.25,93.40004862119399,0.9238795325112868,-0.3826834323650895,2,0
2026-08-26 07:45:00+00:00,urn:ngsi-ld:Building:PUNE:BLD-PHOENIX-01,1119.09,20.6,0,2124.34,1166.45,1149.46,1345.71,1308.53,1237.61,1436.25,92.99472444137307,0.8968727415326884,-0.44228869021900113,2,0
2026-08-26 08:00:00+00:00,urn:ngsi-ld:Building:PUNE:BLD-PHOENIX-01,1836.27,21.7,0,2099.78,1278.26,1203.81,1321.26,2015.38,1225.0233333333333,1436.25,87.34115229416084,0.8660254037844387,-0.4999999999999998,2,0
2026-08-26 08:15:00+00:00,urn:ngsi-ld:Building:PUNE:BLD-PHOENIX-01,2175.87,22.7,0,1995.22,1203.54,1240.27,1436.25,2053.43,1250.8904166666666,1836.27,152.21944320991685,0.8314696123025451,-0.5555702330196023,2,0
2026-08-26 08:30:00+00:00,urn:ngsi-ld:Building:PUNE:BLD-PHOENIX-01,2172.6,24.0,0,2103.79,1182.21,1185.95,1161.98,2149.33,1295.7183333333332,2175.87,239.33946744190848,0.7933533402912352,-0.6087614290087207,2,0
2026-08-26 08:45:00+00:00,urn:ngsi-ld:Building:PUNE:BLD-PHOENIX-01,2124.34,24.9,0,1943.34,1119.09,1166.45,1149.46,2069.26,1338.11,2175.87,296.6160253374229,0.7518398074789774,-0.6593458151000688,2,0
2026-08-26 09:00:00+00:00,urn:ngsi-ld:Building:PUNE:BLD-PHOENIX-01,2099.78,24.7,0,4358.22,1836.27,1278.26,1203.81,2096.09,1380.7908333333332,2175.87,332.4027209892074,0.7071067811865476,-0.7071067811865475,2,0
2026-08-26 09:15:00+00:00,urn:ngsi-ld:Building:PUNE:BLD-PHOENIX-01,1995.22,26.3,0,4435.47,2175.87,1203.54,1240.27,2049.87,1415.61,2175.87,362.09189554228607,0.659345815100069,-0.7518398074789773,2,0
2026-08-26 09:30:00+00:00,urn:ngsi-ld:Building:PUNE:BLD-PHOENIX-01,2103.79,26.8,0,4607.29,2172.6,1182.21,1185.95,1997.01,1445.0083333333332,2175.87,379.63852946979137,0.6087614290087209,-0.793353340291235,2,0
2026-08-26 09:45:00+00:00,urn:ngsi-ld:Building:PUNE:BLD-PHOENIX-01,1943.34,26.7,0,4802.04,2124.34,1119.09,1166.45,2114.35,1477.1995833333333,2175.87,401.6842156901565,0.5555702330196025,-0.831469612302545,2,0
2026-08-26 10:00:00+00:00,urn:ngsi-ld:Building:PUNE:BLD-PHOENIX-01,4358.22,26.9,1,4663.06,2099.78,1836.27,1278.26,4449.72,1503.58375,2175.87,410.9225637917283,0.49999999999999994,-0.8660254037844387,2,0
2026-08-26 10:15:00+00:00,urn:ngsi-ld:Building:PUNE:BLD-PHOENIX-01,4435.47,28.4,1,4791.06,1995.22,2175.87,1203.54,4546.08,1638.5412500000002,4358.22,705.500823875982,0.4422886902190017,-0.8968727415326881,2,0
2026-08-26 10:30:00+00:00,urn:ngsi-ld:Building:PUNE:BLD-PHOENIX-01,4607.29,28.8,1,4856.07,2103.79,2172.6,1182.21,4417.03,1769.8229166666667,4435.47,902.4555714054317,0.3826834323650899,-0.9238795325112867,2,0
2026-08-26 10:45:00+00:00,urn:ngsi-ld:Building:PUNE:BLD-PHOENIX-01,4802.04,29.6,1,4626.22,1943.34,2124.34,1119.09,4626.41,1910.267916666667,4607.29,1063.7363931423458,0.32143946530316175,-0.9469301294951056,2,0
2026-08-26 11:00:00+00:00,urn:ngsi-ld:Building:PUNE:BLD-PHOENIX-01,4663.06,30.5,1,4711.76,4358.22,2099.78,1836.27,4645.7,2054.2816666666663,4802.04,1208.1456995407702,0.258819045102521,-0.9659258262890682,2,0
2026-08-26 11:15:00+00:00,urn:ngsi-ld:Building:PUNE:BLD-PHOENIX-01,4791.06,31.3,1,5124.22,4435.47,1995.22,2175.87,4620.27,2193.5233333333335,4802.04,1308.4051783578511,0.19509032201612816,-0.9807852804032304,2,0
2026-08-26 11:30:00+00:00,urn:ngsi-ld:Building:PUNE:BLD-PHOENIX-01,4856.07,31.3,1,4924.83,4607.29,2103.79,2172.6,5017.37,2333.3070833333336,4802.04,1399.985100204816,0.130526192220052,-0.9914448613738104,2,0
2026-08-26 11:45:00+00:00,urn:ngsi-ld:Building:PUNE:BLD-PHOENIX-01,4626.22,30.9,1,4875.08,4802.04,1943.34,2124.34,4871.19,2487.2275,4856.07,1467.069990088947,0.06540312923014312,-0.9978589232386035,2,0
2026-08-26 12:00:00+00:00,urn:ngsi-ld:Building:PUNE:BLD-PHOENIX-01,4711.76,31.4,1,5064.12,4663.06,4358.22,2099.78,4921.14,2632.0925,4856.07,1500.5039208248966,1.2246467991473532e-16,-1.0,2,0
2026-08-26 12:15:00+00:00,urn:ngsi-ld:Building:PUNE:BLD-PHOENIX-01,5124.22,32.5,1,5113.74,4791.06,4435.47,1995.22,4963.8,2778.2570833333334,4856.07,1525.964617774553,-0.06540312923014287,-0.9978589232386035,2,0
2026-08-26 12:30:00+00:00,urn:ngsi-ld:Building:PUNE:BLD-PHOENIX-01,4924.83,31.7,1,5138.48,4856.07,4607.29,2103.79,5078.66,2940.088333333333,5124.22,1561.307389623444,-0.13052619222005177,-0.9914448613738104,2,0
2026-08-26 12:45:00+00:00,urn:ngsi-ld:Building:PUNE:BLD-PHOENIX-01,4875.08,32.1,1,5088.94,4626.22,4802.04,1943.34,5060.9,3095.875,5124.22,1565.1974195692076,-0.19509032201612792,-0.9807852804032305,2,0
2026-08-26 13:00:00+00:00,urn:ngsi-ld:Building:PUNE:BLD-PHOENIX-01,5064.12,33.2,1,5073.76,4711.76,4663.06,4358.22,4964.15,3250.4012500000003,5124.22,1549.4206076446903,-0.2588190451025208,-0.9659258262890683,2,0
2026-08-26 13:15:00+00:00,urn:ngsi-ld:Building:PUNE:BLD-PHOENIX-01,5113.74,34.0,1,5100.37,5124.22,4791.06,4435.47,5008.78,3408.1454166666663,5124.22,1532.5346199280784,-0.32143946530316153,-0.9469301294951057,2,0
2026-08-26 13:30:00+00:00,urn:ngsi-ld:Building:PUNE:BLD-PHOENIX-01,5138.48,33.8,1,5198.75,4924.83,4856.07,4607.29,5152.64,3571.070416666667,5124.22,1495.3686881995577,-0.38268343236508967,-0.9238795325112868,2,0
2026-08-26 13:45:00+00:00,urn:ngsi-ld:Building:PUNE:BLD-PHOENIX-01,5088.94,33.8,1,5338.9,4875.08,4626.22,4802.04,4957.03,3735.9149999999995,5138.48,1437.5232602397975,-0.44228869021900147,-0.8968727415326883,2,0
2026-08-26 14:00:00+00:00,urn:ngsi-ld:Building:PUNE:BLD-PHOENIX-01,5073.76,33.4,1,5097.72,5064.12,4711.76,4663.06,4921.02,3901.3254166666666,5138.48,1348.9952923693336,-0.4999999999999997,-0.8660254037844388,2,0
2026-08-26 14:15:00+00:00,urn:ngsi-ld:Building:PUNE:BLD-PHOENIX-01,5100.37,33.0,1,5035.7,5113.74,5124.22,4791.06,5053.72,4036.220833333333,5138.48,1294.2776613765798,-0.555570233019602,-0.8314696123025455,2,0
2026-08-26 14:30:00+00:00,urn:ngsi-ld:Building:PUNE:BLD-PHOENIX-01,5198.75,33.9,1,5172.8,5138.48,4924.83,4856.07,5455.39,4158.075,5138.48,1248.3676821179508,-0.6087614290087207,-0.7933533402912352,2,0
2026-08-26 14:45:00+00:00,urn:ngsi-ld:Building:PUNE:BLD-PHOENIX-01,5338.9,34.4,1,5043.9,5088.94,4875.08,4626.22,5191.04,4284.164583333334,5198.75,1190.59777627069,-0.6593458151000688,-0.7518398074789774,2,0
2026-08-26 15:00:00+00:00,urn:ngsi-ld:Building:PUNE:BLD-PHOENIX-01,5097.72,33.2,1,4890.49,5073.76,5064.12,4711.76,5090.6,4418.104583333333,5338.9,1115.505284102551,-0.7071067811865471,-0.7071067811865479,2,0
2026-08-26 15:15:00+00:00,urn:ngsi-ld:Building:PUNE:BLD-PHOENIX-01,5035.7,32.9,1,4921.47,5100.37,5113.74,5124.22,5112.24,4543.01875,5338.9,1007.2100933176769,-0.7518398074789773,-0.6593458151000691,2,0
2026-08-26 15:30:00+00:00,urn:ngsi-ld:Building:PUNE:BLD-PHOENIX-01,5172.8,32.8,1,4979.1,5198.75,5138.48,4924.83,5029.1,4669.705416666667,5338.9,852.0851158034376,-0.7933533402912349,-0.6087614290087209,2,0
2026-08-26 15:45:00+00:00,urn:ngsi-ld:Building:PUNE:BLD-PHOENIX-01,5043.9,33.2,1,4819.65,5338.9,5088.94,4875.08,4796.41,4797.580833333333,5338.9,658.5840980593846,-0.8314696123025452,-0.5555702330196022,2,0
2026-08-26 16:00:00+00:00,urn:ngsi-ld:Building:PUNE:BLD-PHOENIX-01,4890.49,33.5,1,5088.28,5097.72,5073.76,5064.12,5033.13,4926.770833333333,5338.9,254.4628082318036,-0.8660254037844385,-0.5000000000000004,2,0
2026-08-26 16:15:00+00:00,urn:ngsi-ld:Building:PUNE:BLD-PHOENIX-01,4921.47,31.3,1,4796.38,5035.7,5100.37,5113.74,4944.51,4948.9487500000005,5338.9,224.1449440664921,-0.8968727415326883,-0.44228869021900136,2,0
2026-08-26 16:30:00+00:00,urn:ngsi-ld:Building:PUNE:BLD-PHOENIX-01,4979.1,32.3,1,4548.01,5172.8,5198.75,5138.48,5023.12,4969.1987500000005,5338.9,195.9142605128838,-0.9238795325112868,-0.3826834323650895,2,0
2026-08-26 16:45:00+00:00,urn:ngsi-ld:Building:PUNE:BLD-PHOENIX-01,4819.65,31.1,1,4823.43,5043.9,5338.9,5088.94,4984.61,4984.690833333333,5338.9,180.1153159342246,-0.9469301294951056,-0.3214394653031618,2,0
2026-08-26 17:00:00+00:00,urn:ngsi-ld:Building:PUNE:BLD-PHOENIX-01,5088.28,32.7,1,4498.52,4890.49,5097.72,5073.76,5027.69,4985.424583333333,5338.9,179.37322642013265,-0.9659258262890683,-0.25881904510252063,2,0
2026-08-26 17:15:00+00:00,urn:ngsi-ld:Building:PUNE:BLD-PHOENIX-01,4796.38,31.2,1,4440.39,4921.47,5035.7,5100.37,5011.55,5003.142083333333,5338.9,166.70017696405287,-0.9807852804032303,-0.19509032201612866,2,0
2026-08-26 17:30:00+00:00,urn:ngsi-ld:Building:PUNE:BLD-PHOENIX-01,4548.01,30.5,1,4356.92,4979.1,5172.8,5198.75,4913.83,5003.3637499999995,5338.9,166.40918619646934,-0.9914448613738104,-0.13052619222005163,2,0
2026-08-26 17:45:00+00:00,urn:ngsi-ld:Building:PUNE:BLD-PHOENIX-01,4823.43,30.4,1,4602.2,4819.65,5043.9,5338.9,4815.99,4990.527916666667,5338.9,188.65816554269108,-0.9978589232386035,-0.06540312923014273,2,0
2026-08-26 18:00:00+00:00,urn:ngsi-ld:Building:PUNE:BLD-PHOENIX-01,4498.52,28.8,1,4170.09,5088.28,4890.49,5097.72,4660.92,4998.745,5338.9,175.9687155249647,-1.0,-1.8369701987210297e-16,2,0
2026-08-26 18:15:00+00:00,urn:ngsi-ld:Building:PUNE:BLD-PHOENIX-01,4440.39,28.6,1,4467.13,4796.38,4921.47,5035.7,4442.92,4989.86,5338.9,195.39978710333236,-0.9978589232386036,0.06540312923014237,2,0
2026-08-26 18:30:00+00:00,urn:ngsi-ld:Building:PUNE:BLD-PHOENIX-01,4356.92,28.8,1,4316.99,4548.01,4979.1,5172.8,4721.02,4961.3670833333335,5338.9,222.88085396701007,-0.9914448613738105,0.13052619222005127,2,0
2026-08-26 18:45:00+00:00,urn:ngsi-ld:Building:PUNE:BLD-PHOENIX-01,4602.2,28.6,1,4426.43,4823.43,4819.65,5043.9,4565.02,4937.704166666667,5338.9,254.7913074061544,-0.9807852804032304,0.1950903220161283,2,0
2026-08-26 19:00:00+00:00,urn:ngsi-ld:Building:PUNE:BLD-PHOENIX-01,4170.09,27.5,1,4388.38,4498.52,5088.28,4890.49,4327.16,4926.3341666666665,5338.9,263.6422684643754,-0.9659258262890684,0.2588190451025203,2,0
2026-08-26 19:15:00+00:00,urn:ngsi-ld:Building:PUNE:BLD-PHOENIX-01,4467.13,26.5,1,4524.44,4440.39,4796.38,4921.47,4370.72,4889.082916666667,5338.9,303.47861612916324,-0.9469301294951057,0.3214394653031615,2,0
2026-08-26 19:30:00+00:00,urn:ngsi-ld:Building:PUNE:BLD-PHOENIX-01,4316.99,24.8,1,4385.72,4356.92,4548.01,4979.1,4331.66,4862.140833333334,5338.9,311.2691871916565,-0.923879532511287,0.38268343236508917,2,0
2026-08-26 19:45:00+00:00,urn:ngsi-ld:Building:PUNE:BLD-PHOENIX-01,4426.43,25.1,1,4463.09,4602.2,4823.43,4819.65,4256.08,4827.912083333334,5338.9,324.4489092758372,-0.8968727415326884,0.442288690219001,2,0
2026-08-26 20:00:00+00:00,urn:ngsi-ld:Building:PUNE:BLD-PHOENIX-01,4388.38,24.8,1,4296.73,4170.09,4498.52,5088.28,4350.3,4800.3075,5338.9,329.42025202722255,-0.8660254037844386,0.5000000000000001,2,0
2026-08-26 20:15:00+00:00,urn:ngsi-ld:Building:PUNE:BLD-PHOENIX-01,4524.44,25.0,1,4201.53,4467.13,4440.39,4796.38,4327.6,4771.75,5338.9,334.35482404960726,-0.8314696123025455,0.5555702330196018,2,0
2026-08-26 20:30:00+00:00,urn:ngsi-ld:Building:PUNE:BLD-PHOENIX-01,4385.72,23.9,1,4441.91,4316.99,4356.92,4548.01,4324.34,4747.752916666666,5338.9,330.38797377157755,-0.7933533402912357,0.6087614290087199,2,0
2026-08-26 20:45:00+00:00,urn:ngsi-ld:Building:PUNE:BLD-PHOENIX-01,4463.09,22.5,1,4199.05,4426.43,4602.2,4823.43,4340.65,4713.876666666666,5338.9,323.7497664886807,-0.7518398074789772,0.6593458151000691,2,0
2026-08-26 21:00:00+00:00,urn:ngsi-ld:Building:PUNE:BLD-PHOENIX-01,4296.73,22.3,1,4420.49,4388.38,4170.09,4498.52,4150.74,4677.3845833333335,5172.8,298.6199863281544,-0.7071067811865477,0.7071067811865474,2,0
2026-08-26 21:15:00+00:00,urn:ngsi-ld:Building:PUNE:BLD-PHOENIX-01,4201.53,22.1,1,1947.9,4524.44,4467.13,4440.39,4325.01,4644.01,5172.8,294.32922672472284,-0.6593458151000687,0.7518398074789775,2,0
2026-08-26 21:30:00+00:00,urn:ngsi-ld:Building:PUNE:BLD-PHOENIX-01,4441.91,21.7,1,2075.66,4385.72,4316.99,4356.92,4481.26,4609.252916666667,5172.8,295.3153902331197,-0.608761429008721,0.7933533402912349,2,0
2026-08-26 21:45:00+00:00,urn:ngsi-ld:Building:PUNE:BLD-PHOENIX-01,4199.05,21.1,1,2226.65,4463.09,4426.43,4602.2,4472.4,4578.799166666667,5088.28,271.39071213673293,-0.555570233019603,0.8314696123025447,2,0
2026-08-26 22:00:00+00:00,urn:ngsi-ld:Building:PUNE:BLD-PHOENIX-01,4420.49,20.3,1,2112.5,4296.73,4388.38,4170.09,4353.54,4543.597083333333,5088.28,263.1058055394053,-0.5000000000000004,0.8660254037844384,2,0
2026-08-26 22:15:00+00:00,urn:ngsi-ld:Building:PUNE:BLD-PHOENIX-01,1947.9,18.7,0,2029.69,4201.53,4524.44,4467.13,2050.36,4524.01375,5088.28,253.47873459926868,-0.4422886902190014,0.8968727415326883,2,0
2026-08-26 22:30:00+00:00,urn:ngsi-ld:Building:PUNE:BLD-PHOENIX-01,2075.66,19.8,0,2090.64,4441.91,4385.72,4316.99,1829.64,4400.115,5088.28,574.3712161554145,-0.38268343236508956,0.9238795325112868,2,0
2026-08-26 22:45:00+00:00,urn:ngsi-ld:Building:PUNE:BLD-PHOENIX-01,2226.65,19.0,0,1199.96,4199.05,4463.09,4426.43,1998.4,4279.138333333333,5088.28,731.4182674340684,-0.32143946530316186,0.9469301294951056,2,0
2026-08-26 23:00:00+00:00,urn:ngsi-ld:Building:PUNE:BLD-PHOENIX-01,2112.5,18.5,0,1469.44,4420.49,4296.73,4388.38,2115.56,4171.096666666667,5088.28,832.6170146130872,-0.25881904510252157,0.9659258262890681,2,0
2026-08-26 23:15:00+00:00,urn:ngsi-ld:Building:PUNE:BLD-PHOENIX-01,2029.69,19.4,0,1180.43,1947.9,4201.53,4524.44,2013.5,4047.1058333333335,4823.43,908.2328916658125,-0.19509032201612872,0.9807852804032303,2,0
2026-08-26 23:30:00+00:00,urn:ngsi-ld:Building:PUNE:BLD-PHOENIX-01,2090.64,16.8,0,1239.63,2075.66,4441.91,4385.72,2147.87,3931.827083333333,4823.43,981.6139099661173,-0.13052619222005168,0.9914448613738104,2,0
2026-08-26 23:45:00+00:00,urn:ngsi-ld:Building:PUNE:BLD-PHOENIX-01,1199.96,17.1,0,1303.42,2226.65,4199.05,4463.09,1341.45,3829.4366666666665,4823.43,1040.9170772706354,-0.0654031292301428,0.9978589232386035,2,0
2026-08-27 00:00:00+00:00,urn:ngsi-ld:Building:PUNE:BLD-PHOENIX-01,1469.44,15.8,0,1283.5,2112.5,4420.49,4296.73,1196.66,3678.45875,4602.2,1147.7720036143917,0.0,1.0,3,0
2026-08-27 00:15:00+00:00,urn:ngsi-ld:Building:PUNE:BLD-PHOENIX-01,1180.43,16.3,0,1294.29,2029.69,1947.9,4201.53,1260.51,3552.2470833333336,4602.2,1218.0653104374737,0.06540312923014306,0.9978589232386035,3,0
2026-08-27 00:30:00+00:00,urn:ngsi-ld:Building:PUNE:BLD-PHOENIX-01,1239.63,16.3,0,1201.82,2090.64,2075.66,4441.91,1389.93,3416.4154166666667,4602.2,1294.1108068207561,0.13052619222005157,0.9914448613738104,3,0
2026-08-27 00:45:00+00:00,urn:ngsi-ld:Building:PUNE:BLD-PHOENIX-01,1303.42,15.3,0,1225.87,1199.96,2226.65,4199.05,1115.32,3286.528333333333,4602.2,1350.8061058772926,0.19509032201612825,0.9807852804032304,3,0
2026-08-27 01:00:00+00:00,urn:ngsi-ld:Building:PUNE:BLD-PHOENIX-01,1283.5,14.4,0,1337.05,1469.44,2112.5,4420.49,1215.49,3149.0791666666664,4524.44,1378.655398595874,0.25881904510252074,0.9659258262890683,3,0
2026-08-27 01:15:00+00:00,urn:ngsi-ld:Building:PUNE:BLD-PHOENIX-01,1294.29,16.2,0,1331.89,1180.43,2029.69,1947.9,1106.8,3028.804583333333,4524.44,1411.2378991139237,0.3214394653031616,0.9469301294951057,3,0
2026-08-27 01:30:00+00:00,urn:ngsi-ld:Building:PUNE:BLD-PHOENIX-01,1201.82,14.6,0,1285.81,1239.63,2090.64,2075.66,1168.22,2896.6029166666667,4524.44,1419.2302181892715,0.3826834323650898,0.9238795325112867,3,0
2026-08-27 01:45:00+00:00,urn:ngsi-ld:Building:PUNE:BLD-PHOENIX-01,1225.87,14.4,0,1376.22,1303.42,1199.96,2226.65,1421.17,2766.804166666667,4524.44,1426.1132337685244,0.44228869021900125,0.8968727415326884,3,0
2026-08-27 02:00:00+00:00,urn:ngsi-ld:Building:PUNE:BLD-PHOENIX-01,1337.05,14.4,0,1341.16,1283.5,1469.44,2112.5,1215.46,2633.4474999999998,4524.44,1413.762789331305,0.49999999999999994,0.8660254037844387,3,0
2026-08-27 02:15:00+00:00,urn:ngsi-ld:Building:PUNE:BLD-PHOENIX-01,1331.89,13.5,0,1328.77,1294.29,1180.43,2029.69,1100.0,2506.3087499999997,4524.44,1386.0107954887715,0.5555702330196022,0.8314696123025452,3,0
2026-08-27 02:30:00+00:00,urn:ngsi-ld:Building:PUNE:BLD-PHOENIX-01,1285.81,14.3,0,1100.0,1201.82,1239.63,2090.64,1155.2,2373.2858333333334,4463.09,1336.2068250703164,0.6087614290087207,0.7933533402912352,3,0
2026-08-27 02:45:00+00:00,urn:ngsi-ld:Building:PUNE:BLD-PHOENIX-01,1376.22,13.8,0,1284.63,1225.87,1303.42,1199.96,1100.0,2244.1229166666667,4463.09,1281.9421173478365,0.6593458151000688,0.7518398074789774,3,0
2026-08-27 03:00:00+00:00,urn:ngsi-ld:Building:PUNE:BLD-PHOENIX-01,1341.16,15.3,0,1266.84,1337.05,1283.5,1469.44,1264.12,2115.5033333333336,4441.91,1201.9919562042458,0.7071067811865476,0.7071067811865476,3,0
2026-08-27 03:15:00+00:00,urn:ngsi-ld:Building:PUNE:BLD-PHOENIX-01,1328.77,13.8,0,1389.99,1331.89,1294.29,1180.43,1289.66,1992.3545833333335,4441.91,1117.215683497144,0.7518398074789774,0.6593458151000688,3,0
2026-08-27 03:30:00+00:00,urn:ngsi-ld:Building:PUNE:BLD-PHOENIX-01,1100.0,15.1,0,1100.0,1285.81,1201.82,1239.63,1331.2,1872.65625,4441.91,1019.8881910791565,0.7933533402912352,0.6087614290087207,3,0
2026-08-27 03:45:00+00:00,urn:ngsi-ld:Building:PUNE:BLD-PHOENIX-01,1284.63,15.0,0,1234.36,1376.22,1225.87,1303.42,1310.12,1733.41,4420.49,871.1446399746237,0.8314696123025451,0.5555702330196024,3,0
2026-08-27 04:00:00+00:00,urn:ngsi-ld:Building:PUNE:BLD-PHOENIX-01,1266.84,15.6,0,1258.95,1341.16,1337.05,1283.5,1119.24,1611.9758333333332,4420.49,698.5279970481774,0.8660254037844386,0.5000000000000001,3,0
2026-08-27 04:15:00+00:00,urn:ngsi-ld:Building:PUNE:BLD-PHOENIX-01,1389.99,15.7,0,1146.78,1328.77,1331.89,1294.29,1284.71,1480.5737499999998,2226.65,363.53470500928483,0.8968727415326884,0.44228869021900125,3,0
2026-08-27 04:30:00+00:00,urn:ngsi-ld:Building:PUNE:BLD-PHOENIX-01,1100.0,16.5,0,1163.0,1100.0,1285.81,1201.82,1236.61,1457.3275,2226.65,349.93566841385666,0.9238795325112867,0.38268343236508984,3,0
2026-08-27 04:45:00+00:00,urn:ngsi-ld:Building:PUNE:BLD-PHOENIX-01,1234.36,15.9,0,1390.35,1284.63,1376.22,1225.87,1345.71,1416.6750000000002,2226.65,331.14749112480405,0.9469301294951056,0.3214394653031617,3,0
2026-08-27 05:00:00+00:00,urn:ngsi-ld:Building:PUNE:BLD-PHOENIX-01,1258.95,15.4,0,1293.91,1266.84,1341.16,1337.05,1321.26,1375.3295833333334,2112.5,284.2458990026235,0.9659258262890683,0.25881904510252074,3,0
2026-08-27 05:15:00+00:00,urn:ngsi-ld:Building:PUNE:BLD-PHOENIX-01,1146.78,17.6,0,1426.92,1389.99,1328.77,1331.89,1436.25,1339.765,2090.64,237.5664345892926,0.9807852804032304,0.19509032201612833,3,0
2026-08-27 05:30:00+00:00,urn:ngsi-ld:Building:PUNE:BLD-PHOENIX-01,1163.0,17.5,0,1232.66,1100.0,1100.0,1285.81,1161.98,1302.9770833333332,2090.64,189.60323957235153,0.9914448613738104,0.1305261922200517,3,0
2026-08-27 05:45:00+00:00,urn:ngsi-ld:Building:PUNE:BLD-PHOENIX-01,1390.35,17.3,0,1116.07,1234.36,1284.63,1376.22,1149.46,1264.3254166666666,1469.44,90.9280212216598,0.9978589232386035,0.06540312923014327,3,0
2026-08-27 06:00:00+00:00,urn:ngsi-ld:Building:PUNE:BLD-PHOENIX-01,1293.91,17.9,0,1219.22,1258.95,1266.84,1341.16,1203.81,1272.2583333333334,1469.44,93.34153200527113,1.0,6.123233995736766e-17,3,0
2026-08-27 06:15:00+00:00,urn:ngsi-ld:Building:PUNE:BLD-PHOENIX-01,1426.92,17.6,0,1203.29,1146.78,1389.99,1328.77,1240.27,1264.9445833333334,1390.35,83.58675763529935,0.9978589232386035,-0.06540312923014314,3,0
2026-08-27 06:30:00+00:00,urn:ngsi-ld:Building:PUNE:BLD-PHOENIX-01,1232.66,19.6,0,1315.99,1163.0,1100.0,1100.0,1185.95,1275.215,1426.92,87.78851192540287,0.9914448613738104,-0.1305261922200516,3,0
2026-08-27 06:45:00+00:00,urn:ngsi-ld:Building:PUNE:BLD-PHOENIX-01,1116.07,20.1,0,1311.92,1390.35,1234.36,1284.63,1166.45,1274.9245833333332,1426.92,87.92277654050224,0.9807852804032304,-0.1950903220161282,3,0
2026-08-27 07:00:00+00:00,urn:ngsi-ld:Building:PUNE:BLD-PHOENIX-01,1219.22,21.1,0,2098.75,1293.91,1258.95,1266.84,1278.26,1267.118333333333,1426.92,93.42744814376668,0.9659258262890683,-0.25881904510252063,3,0
2026-08-27 07:15:00+00:00,urn:ngsi-ld:Building:PUNE:BLD-PHOENIX-01,1203.29,20.8,0,2261.82,1426.92,1146.78,1389.99,1203.54,1264.4399999999998,1426.92,93.85779104112747,0.9469301294951057,-0.3214394653031616,3,0
2026-08-27 07:30:00+00:00,urn:ngsi-ld:Building:PUNE:BLD-PHOENIX-01,1315.99,21.2,0,2169.79,1232.66,1163.0,1100.0,1182.21,1260.6483333333333,1426.92,94.43581025204624,0.9238795325112868,-0.3826834323650895,3,0
2026-08-27 07:45:00+00:00,urn:ngsi-ld:Building:PUNE:BLD-PHOENIX-01,1311.92,22.3,0,1969.04,1116.07,1390.35,1234.36,1119.09,1265.4054166666667,1426.92,94.21889937697408,0.8968727415326884,-0.44228869021900113,3,0
2026-08-27 08:00:00+00:00,urn:ngsi-ld:Building:PUNE:BLD-PHOENIX-01,2098.75,22.8,0,2144.57,1219.22,1293.91,1258.95,1836.27,1268.9908333333333,1426.92,94.28625589893178,0.8660254037844387,-0.4999999999999998,3,0
2026-08-27 08:15:00+00:00,urn:ngsi-ld:Building:PUNE:BLD-PHOENIX-01,2261.82,23.1,0,2052.66,1203.29,1426.92,1146.78,2175.87,1300.7283333333332,2098.75,193.83558989549599,0.8314696123025451,-0.5555702330196023,3,0
2026-08-27 08:30:00+00:00,urn:ngsi-ld:Building:PUNE:BLD-PHOENIX-01,2169.79,23.1,0,2030.11,1315.99,1232.66,1163.0,2172.6,1339.4754166666667,2261.82,275.90605623902957,0.7933533402912352,-0.6087614290087207,3,0
2026-08-27 08:45:00+00:00,urn:ngsi-ld:Building:PUNE:BLD-PHOENIX-01,1969.04,25.4,0,2183.11,1311.92,1116.07,1390.35,2124.34,1376.3079166666666,2261.82,323.3546061279437,0.7518398074789774,-0.6593458151000688,3,0
2026-08-27 09:00:00+00:00,urn:ngsi-ld:Building:PUNE:BLD-PHOENIX-01,2144.57,26.6,0,4349.01,2098.75,1219.22,1293.91,2099.78,1401.00875,2261.82,345.24892071501483,0.7071067811865476,-0.7071067811865475,3,0
2026-08-27 09:15:00+00:00,urn:ngsi-ld:Building:PUNE:BLD-PHOENIX-01,2052.66,26.4,0,4632.6,2261.82,1203.29,1426.92,1995.22,1434.4841666666669,2261.82,376.7096547730986,0.659345815100069,-0.7518398074789773,3,0
2026-08-27 09:30:00+00:00,urn:ngsi-ld:Building:PUNE:BLD-PHOENIX-01,2030.11,26.3,0,4667.24,2169.79,1315.99,1232.66,2103.79,1464.6462499999998,2261.82,396.3455682236596,0.6087614290087209,-0.793353340291235,3,0
2026-08-27 09:45:00+00:00,urn:ngsi-ld:Building:PUNE:BLD-PHOENIX-01,2183.11,27.3,0,4505.01,1969.04,1311.92,1116.07,1943.34,1503.4008333333331,2261.82,404.5288164499513,0.5555702330196025,-0.831469612302545,3,0
2026-08-27 10:00:00+00:00,urn:ngsi-ld:Building:PUNE:BLD-PHOENIX-01,4349.01,27.7,1,4454.8,2144.57,2098.75,1219.22,4358.22,1540.8374999999999,2261.82,424.4848404242407,0.49999999999999994,-0.8660254037844387,3,0
2026-08-27 10:15:00+00:00,urn:ngsi-ld:Building:PUNE:BLD-PHOENIX-01,4632.6,28.7,1,4733.76,2052.66,2261.82,1203.29,4435.47,1669.2612500000002,4349.01,708.9258274951397,0.4422886902190017,-0.8968727415326881,3,0
2026-08-27 10:30:00+00:00,urn:ngsi-ld:Building:PUNE:BLD-PHOENIX-01,4667.24,29.1,1,4466.37,2030.11,2169.79,1315.99,4607.29,1804.37,4632.6,928.4049715319354,0.3826834323650899,-0.9238795325112867,3,0
2026-08-27 10:45:00+00:00,urn:ngsi-ld:Building:PUNE:BLD-PHOENIX-01,4505.01,29.1,1,4846.8,2183.11,1969.04,1311.92,4802.04,1953.0049999999999,4667.24,1083.356178520771,0.32143946530316175,-0.9469301294951056,3,0
2026-08-27 11:00:00+00:00,urn:ngsi-ld:Building:PUNE:BLD-PHOENIX-01,4454.8,29.3,1,4860.14,4349.01,2144.57,2098.75,4663.06,2089.282083333333,4667.24,1189.5333074781129,0.258819045102521,-0.9659258262890682,3,0
2026-08-27 11:15:00+00:00,urn:ngsi-ld:Building:PUNE:BLD-PHOENIX-01,4733.76,30.4,1,4954.1,4632.6,2052.66,2261.82,4791.06,2222.4425,4667.24,1268.7793036007695,0.19509032201612816,-0.9807852804032304,3,0
2026-08-27 11:30:00+00:00,urn:ngsi-ld:Building:PUNE:BLD-PHOENIX-01,4466.37,30.5,1,4968.75,4667.24,2030.11,2169.79,4856.07,2371.9,4733.76,1345.507596107362,0.130526192220052,-0.9914448613738104,3,0
2026-08-27 11:45:00+00:00,urn:ngsi-ld:Building:PUNE:BLD-PHOENIX-01,4846.8,30.4,1,5289.37,4505.01,2183.11,1969.04,4626.22,2509.5404166666667,4733.76,1384.8508638100623,0.06540312923014312,-0.9978589232386035,3,0
2026-08-27 12:00:00+00:00,urn:ngsi-ld:Building:PUNE:BLD-PHOENIX-01,4860.14,31.1,1,4936.83,4454.8,4349.01,2144.57,4711.76,2653.559166666667,4846.8,1441.9503037867103,1.2246467991473532e-16,-1.0,3,0
2026-08-27 12:15:00+00:00,urn:ngsi-ld:Building:PUNE:BLD-PHOENIX-01,4954.1,31.1,1,5065.5,4733.76,4632.6,2052.66,5124.22,2802.152083333333,4860.14,1479.0201252121067,-0.06540312923014287,-0.9978589232386035,3,0
2026-08-27 12:30:00+00:00,urn:ngsi-ld:Building:PUNE:BLD-PHOENIX-01,4968.75,32.1,1,5015.47,4466.37,4667.24,2030.11,4924.83,2949.1179166666666,4954.1,1511.3160664596137,-0.13052619222005177,-0.9914448613738104,3,0
2026-08-27 12:45:00+00:00,urn:ngsi-ld:Building:PUNE:BLD-PHOENIX-01,5289.37,33.9,1,5166.89,4846.8,4505.01,2183.11,4875.08,3104.7883333333334,4968.75,1519.222356830219,-0.19509032201612792,-0.9807852804032305,3,0
2026-08-27 13:00:00+00:00,urn:ngsi-ld:Building:PUNE:BLD-PHOENIX-01,4936.83,32.6,1,5255.45,4860.14,4454.8,4349.01,5064.12,3278.6758333333332,5289.37,1520.5341287447482,-0.2588190451025208,-0.9659258262890683,3,0
2026-08-27 13:15:00+00:00,urn:ngsi-ld:Building:PUNE:BLD-PHOENIX-01,5065.5,32.8,1,5252.29,4954.1,4733.76,4632.6,5113.74,3433.57625,5289.37,1490.6784334739914,-0.32143946530316153,-0.9469301294951057,3,0
2026-08-27 13:30:00+00:00,urn:ngsi-ld:Building:PUNE:BLD-PHOENIX-01,5015.47,33.1,1,5095.11,4968.75,4466.37,4667.24,5138.48,3594.5016666666666,5289.37,1447.2805237520136,-0.38268343236508967,-0.9238795325112868,3,0
2026-08-27 13:45:00+00:00,urn:ngsi-ld:Building:PUNE:BLD-PHOENIX-01,5166.89,34.2,1,5079.92,5289.37,4846.8,4505.01,5088.94,3748.646666666667,5289.37,1389.925870349454,-0.44228869021900147,-0.8968727415326883,3,0
2026-08-27 14:00:00+00:00,urn:ngsi-ld:Building:PUNE:BLD-PHOENIX-01,5255.45,34.8,1,5160.19,4936.83,4860.14,4454.8,5073.76,3909.2704166666667,5289.37,1316.9156627364985,-0.4999999999999997,-0.8660254037844388,3,0
2026-08-27 14:15:00+00:00,urn:ngsi-ld:Building:PUNE:BLD-PHOENIX-01,5252.29,34.6,1,4858.52,5065.5,4954.1,4733.76,5100.37,4040.7995833333334,5289.37,1285.4901791263433,-0.555570233019602,-0.8314696123025455,3,0
2026-08-27 14:30:00+00:00,urn:ngsi-ld:Building:PUNE:BLD-PHOENIX-01,5095.11,34.1,1,4793.88,5015.47,4968.75,4466.37,5198.75,4165.4025,5289.37,1249.999554818192,-0.6087614290087207,-0.7933533402912352,3,0
2026-08-27 14:45:00+00:00,urn:ngsi-ld:Building:PUNE:BLD-PHOENIX-01,5079.92,33.0,1,5153.95,5166.89,5289.37,4846.8,5338.9,4287.2908333333335,5289.37,1188.0345260717104,-0.6593458151000688,-0.7518398074789774,3,0
2026-08-27 15:00:00+00:00,urn:ngsi-ld:Building:PUNE:BLD-PHOENIX-01,5160.19,34.0,1,4798.67,5255.45,4936.83,4860.14,5097.72,4416.910833333333,5289.37,1089.7454950620354,-0.7071067811865471,-0.7071067811865479,3,0
2026-08-27 15:15:00+00:00,urn:ngsi-ld:Building:PUNE:BLD-PHOENIX-01,4858.52,32.5,1,4956.21,5252.29,5065.5,4954.1,5035.7,4542.561666666667,5289.37,985.1849639387751,-0.7518398074789773,-0.6593458151000691,3,0
2026-08-27 15:30:00+00:00,urn:ngsi-ld:Building:PUNE:BLD-PHOENIX-01,4793.88,32.3,1,4957.33,5095.11,5015.47,4968.75,5172.8,4659.472500000001,5289.37,831.3357619923637,-0.7933533402912349,-0.6087614290087209,3,0
2026-08-27 15:45:00+00:00,urn:ngsi-ld:Building:PUNE:BLD-PHOENIX-01,5153.95,33.1,1,5048.48,5079.92,5166.89,5289.37,5043.9,4774.629583333333,5289.37,614.3922751402616,-0.8314696123025452,-0.5555702330196022,3,0
2026-08-27 16:00:00+00:00,urn:ngsi-ld:Building:PUNE:BLD-PHOENIX-01,4798.67,32.8,1,4956.3,5160.19,5255.45,4936.83,4890.49,4898.414583333333,5289.37,275.2197348678406,-0.8660254037844385,-0.5000000000000004,3,0
2026-08-27 16:15:00+00:00,urn:ngsi-ld:Building:PUNE:BLD-PHOENIX-01,4956.21,32.4,1,4865.64,4858.52,5252.29,5065.5,4921.47,4917.150416666667,5289.37,250.37663694111347,-0.8968727415326883,-0.44228869021900136,3,0
2026-08-27 16:30:00+00:00,urn:ngsi-ld:Building:PUNE:BLD-PHOENIX-01,4957.33,33.5,1,4754.27,4793.88,5095.11,5015.47,4979.1,4930.634166666667,5289.37,242.99112728336883,-0.9238795325112868,-0.3826834323650895,3,0
2026-08-27 16:45:00+00:00,urn:ngsi-ld:Building:PUNE:BLD-PHOENIX-01,5048.48,31.7,1,4655.49,5153.95,5079.92,5166.89,4819.65,4942.72125,5289.37,236.44630432476853,-0.9469301294951056,-0.3214394653031618,3,0
2026-08-27 17:00:00+00:00,urn:ngsi-ld:Building:PUNE:BLD-PHOENIX-01,4956.3,31.8,1,4709.71,4798.67,5160.19,5255.45,5088.28,4965.365833333333,5289.37,218.00925231504417,-0.9659258262890683,-0.25881904510252063,3,0
2026-08-27 17:15:00+00:00,urn:ngsi-ld:Building:PUNE:BLD-PHOENIX-01,4865.64,31.2,1,4567.28,4956.21,4858.52,5252.29,4796.38,4986.261666666666,5289.37,189.05603527896088,-0.9807852804032303,-0.19509032201612866,3,0
2026-08-27 17:30:00+00:00,urn:ngsi-ld:Building:PUNE:BLD-PHOENIX-01,4754.27,31.2,1,4406.48,4957.33,4793.88,5095.11,4548.01,4991.756666666667,5289.37,183.22450675441806,-0.9914448613738104,-0.13052619222005163,3,0
2026-08-27 17:45:00+00:00,urn:ngsi-ld:Building:PUNE:BLD-PHOENIX-01,4655.49,30.8,1,4358.92,5048.48,5153.95,5079.92,4823.43,5003.7525,5289.37,154.5052727467881,-0.9978589232386035,-0.06540312923014273,3,0
2026-08-27 18:00:00+00:00,urn:ngsi-ld:Building:PUNE:BLD-PHOENIX-01,4709.71,30.0,1,4336.1,4956.3,4798.67,5160.19,4498.52,4995.78125,5289.37,167.3555088483357,-1.0,-1.8369701987210297e-16,3,0
2026-08-27 18:15:00+00:00,urn:ngsi-ld:Building:PUNE:BLD-PHOENIX-01,4567.28,28.9,1,4293.06,4865.64,4956.21,4858.52,4440.39,4989.513333333333,5289.37,175.28563701845334,-0.9978589232386036,0.06540312923014237,3,0
2026-08-27 18:30:00+00:00,urn:ngsi-ld:Building:PUNE:BLD-PHOENIX-01,4406.48,28.4,1,4290.66,4754.27,4957.33,4793.88,4356.92,4973.395833333333,5289.37,195.32231631712355,-0.9914448613738105,0.13052619222005127,3,0
2026-08-27 18:45:00+00:00,urn:ngsi-ld:Building:PUNE:BLD-PHOENIX-01,4358.92,28.0,1,4381.38,4655.49,5048.48,5153.95,4602.2,4949.9679166666665,5289.37,227.0479484311898,-0.9807852804032304,0.1950903220161283,3,0
2026-08-27 19:00:00+00:00,urn:ngsi-ld:Building:PUNE:BLD-PHOENIX-01,4336.1,27.8,1,4397.38,4709.71,4956.3,4798.67,4170.09,4911.199166666666,5255.45,245.2806035139778,-0.9659258262890684,0.2588190451025203,3,0
2026-08-27 19:15:00+00:00,urn:ngsi-ld:Building:PUNE:BLD-PHOENIX-01,4293.06,27.5,1,4345.9,4567.28,4865.64,4956.21,4467.13,4886.16875,5255.45,271.77234736826625,-0.9469301294951057,0.3214394653031615,3,0
2026-08-27 19:30:00+00:00,urn:ngsi-ld:Building:PUNE:BLD-PHOENIX-01,4290.66,26.1,1,4362.57,4406.48,4754.27,4957.33,4316.99,4853.98375,5255.45,294.4074456291538,-0.923879532511287,0.38268343236508917,3,0
2026-08-27 19:45:00+00:00,urn:ngsi-ld:Building:PUNE:BLD-PHOENIX-01,4381.38,26.6,1,4402.07,4358.92,4655.49,5048.48,4426.43,4823.783333333334,5255.45,313.66753288863146,-0.8968727415326884,0.442288690219001,3,0
2026-08-27 20:00:00+00:00,urn:ngsi-ld:Building:PUNE:BLD-PHOENIX-01,4397.38,25.1,1,4160.24,4336.1,4709.71,4956.3,4388.38,4791.05375,5255.45,317.27080032290144,-0.8660254037844386,0.5000000000000001,3,0
2026-08-27 20:15:00+00:00,urn:ngsi-ld:Building:PUNE:BLD-PHOENIX-01,4345.9,23.4,1,4369.98,4293.06,4567.28,4865.64,4524.44,4755.300833333333,5252.29,310.9476494583245,-0.8314696123025455,0.5555702330196018,3,0
2026-08-27 20:30:00+00:00,urn:ngsi-ld:Building:PUNE:BLD-PHOENIX-01,4362.57,25.2,1,4474.64,4290.66,4406.48,4754.27,4385.72,4717.534583333333,5160.19,302.90004057850643,-0.7933533402912357,0.6087614290087199,3,0
2026-08-27 20:45:00+00:00,urn:ngsi-ld:Building:PUNE:BLD-PHOENIX-01,4402.07,23.4,1,4166.22,4381.38,4358.92,4655.49,4463.09,4687.012083333333,5160.19,300.0935870978302,-0.7518398074789772,0.6593458151000691,3,0
2026-08-27 21:00:00+00:00,urn:ngsi-ld:Building:PUNE:BLD-PHOENIX-01,4160.24,23.3,1,4088.78,4397.38,4336.1,4709.71,4296.73,4658.768333333333,5160.19,293.3288729569207,-0.7071067811865477,0.7071067811865474,3,0
2026-08-27 21:15:00+00:00,urn:ngsi-ld:Building:PUNE:BLD-PHOENIX-01,4369.98,21.1,1,2032.1,4345.9,4293.06,4567.28,4201.53,4617.103749999999,5153.95,290.00797204658915,-0.6593458151000687,0.7518398074789775,3,0
2026-08-27 21:30:00+00:00,urn:ngsi-ld:Building:PUNE:BLD-PHOENIX-01,4474.64,21.1,1,2152.49,4362.57,4290.66,4406.48,4441.91,4596.747916666666,5153.95,289.47103570632714,-0.608761429008721,0.7933533402912349,3,0
2026-08-27 21:45:00+00:00,urn:ngsi-ld:Building:PUNE:BLD-PHOENIX-01,4166.22,20.8,1,2033.81,4402.07,4381.38,4358.92,4199.05,4583.44625,5153.95,287.34564194751033,-0.555570233019603,0.8314696123025447,3,0
2026-08-27 22:00:00+00:00,urn:ngsi-ld:Building:PUNE:BLD-PHOENIX-01,4088.78,19.6,1,2108.64,4160.24,4397.38,4336.1,4420.49,4542.2908333333335,5048.48,272.42914419716817,-0.5000000000000004,0.8660254037844384,3,0
2026-08-27 22:15:00+00:00,urn:ngsi-ld:Building:PUNE:BLD-PHOENIX-01,2032.1,19.7,0,2079.39,4369.98,4345.9,4293.06,1947.9,4512.712083333333,5048.48,281.76075481935106,-0.4422886902190014,0.8968727415326883,3,0
2026-08-27 22:30:00+00:00,urn:ngsi-ld:Building:PUNE:BLD-PHOENIX-01,2152.49,19.0,0,1939.34,4474.64,4362.57,4290.66,2075.66,4390.8741666666665,5048.48,568.2325099503904,-0.38268343236508956,0.9238795325112868,3,0
2026-08-27 22:45:00+00:00,urn:ngsi-ld:Building:PUNE:BLD-PHOENIX-01,2033.81,19.4,0,1158.85,4166.22,4402.07,4381.38,2226.65,4274.005833333334,5048.48,715.9099637883768,-0.32143946530316186,0.9469301294951056,3,0
2026-08-27 23:00:00+00:00,urn:ngsi-ld:Building:PUNE:BLD-PHOENIX-01,2108.64,16.9,0,1100.0,4088.78,4160.24,4397.38,2112.5,4148.394583333334,4956.3,829.5654552259213,-0.25881904510252157,0.9659258262890681,3,0
2026-08-27 23:15:00+00:00,urn:ngsi-ld:Building:PUNE:BLD-PHOENIX-01,2079.39,18.1,0,1394.06,2032.1,4369.98,4345.9,2029.69,4029.742083333333,4865.64,908.8482688545101,-0.19509032201612872,0.9807852804032303,3,0
2026-08-27 23:30:00+00:00,urn:ngsi-ld:Building:PUNE:BLD-PHOENIX-01,1939.34,17.9,0,1329.79,2152.49,4474.64,4362.57,2090.64,3913.648333333333,4754.27,973.1124595256588,-0.13052619222005168,0.9914448613738104,3,0
2026-08-27 23:45:00+00:00,urn:ngsi-ld:Building:PUNE:BLD-PHOENIX-01,1158.85,18.1,0,1240.03,2033.81,4166.22,4402.07,1199.96,3796.359583333333,4709.71,1035.0570188430959,-0.0654031292301428,0.9978589232386035,3,0
2026-08-28 00:00:00+00:00,urn:ngsi-ld:Building:PUNE:BLD-PHOENIX-01,1100.0,16.9,0,1227.52,2108.64,4088.78,4160.24,1469.44,3650.6662499999998,4709.71,1148.7195959767519,0.0,1.0,4,0
2026-08-28 00:15:00+00:00,urn:ngsi-ld:Building:PUNE:BLD-PHOENIX-01,1394.06,15.5,0,1173.69,2079.39,2032.1,4369.98,1180.43,3500.2616666666668,4567.28,1236.9529895136184,0.06540312923014306,0.9978589232386035,4,0
2026-08-28 00:30:00+00:00,urn:ngsi-ld:Building:PUNE:BLD-PHOENIX-01,1329.79,15.6,0,1287.57,1939.34,2152.49,4474.64,1239.63,3368.0441666666666,4474.64,1286.5392435891476,0.13052619222005157,0.9914448613738104,4,0
2026-08-28 00:45:00+00:00,urn:ngsi-ld:Building:PUNE:BLD-PHOENIX-01,1240.03,15.6,0,1181.19,1158.85,2033.81,4166.22,1303.42,3239.8487500000006,4474.64,1331.08206543566,0.19509032201612825,0.9807852804032304,4,0
2026-08-28 01:00:00+00:00,urn:ngsi-ld:Building:PUNE:BLD-PHOENIX-01,1227.52,16.0,0,1215.28,1100.0,2108.64,4088.78,1283.5,3109.8950000000004,4474.64,1368.7914506282714,0.25881904510252074,0.9659258262890683,4,0
2026-08-28 01:15:00+00:00,urn:ngsi-ld:Building:PUNE:BLD-PHOENIX-01,1173.69,13.9,0,1190.3,1394.06,2079.39,2032.1,1294.29,2980.370833333333,4474.64,1394.5498185371096,0.3214394653031616,0.9469301294951057,4,0
2026-08-28 01:30:00+00:00,urn:ngsi-ld:Building:PUNE:BLD-PHOENIX-01,1287.57,15.2,0,1323.3,1329.79,1939.34,2152.49,1201.82,2850.3970833333333,4474.64,1412.139882304678,0.3826834323650898,0.9238795325112867,4,0
2026-08-28 01:45:00+00:00,urn:ngsi-ld:Building:PUNE:BLD-PHOENIX-01,1181.19,13.7,0,1236.15,1240.03,1158.85,2033.81,1225.87,2725.2683333333334,4474.64,1412.021314208715,0.44228869021900125,0.8968727415326884,4,0
2026-08-28 02:00:00+00:00,urn:ngsi-ld:Building:PUNE:BLD-PHOENIX-01,1215.28,14.2,0,1263.29,1227.52,1100.0,2108.64,1337.05,2591.927083333333,4474.64,1399.8796706533415,0.49999999999999994,0.8660254037844387,4,0
2026-08-28 02:15:00+00:00,urn:ngsi-ld:Building:PUNE:BLD-PHOENIX-01,1190.3,13.7,0,1141.05,1173.69,1394.06,2079.39,1331.89,2459.339583333333,4474.64,1371.8575378739401,0.5555702330196022,0.8314696123025452,4,0
2026-08-28 02:30:00+00:00,urn:ngsi-ld:Building:PUNE:BLD-PHOENIX-01,1323.3,14.1,0,1189.69,1287.57,1329.79,1939.34,1285.81,2327.85625,4474.64,1333.8777052469538,0.6087614290087207,0.7933533402912352,4,0
2026-08-28 02:45:00+00:00,urn:ngsi-ld:Building:PUNE:BLD-PHOENIX-01,1236.15,15.0,0,1265.4,1181.19,1240.03,1158.85,1376.22,2201.22,4474.64,1275.2915320274246,0.6593458151000688,0.7518398074789774,4,0
2026-08-28 03:00:00+00:00,urn:ngsi-ld:Building:PUNE:BLD-PHOENIX-01,1263.29,14.3,0,1100.0,1215.28,1227.52,1100.0,1341.16,2069.3066666666664,4474.64,1199.211110803826,0.7071067811865476,0.7071067811865476,4,0
2026-08-28 03:15:00+00:00,urn:ngsi-ld:Building:PUNE:BLD-PHOENIX-01,1141.05,14.2,0,1229.11,1190.3,1173.69,1394.06,1328.77,1948.6004166666664,4474.64,1122.9706009140184,0.7518398074789774,0.6593458151000688,4,0
2026-08-28 03:30:00+00:00,urn:ngsi-ld:Building:PUNE:BLD-PHOENIX-01,1189.69,14.3,0,1248.77,1323.3,1287.57,1329.79,1100.0,1814.0616666666667,4474.64,1007.7760859120499,0.7933533402912352,0.6087614290087207,4,0
2026-08-28 03:45:00+00:00,urn:ngsi-ld:Building:PUNE:BLD-PHOENIX-01,1265.4,14.3,0,1130.07,1236.15,1181.19,1240.03,1284.63,1677.18875,4166.22,839.7886102404884,0.8314696123025451,0.5555702330196024,4,0
2026-08-28 04:00:00+00:00,urn:ngsi-ld:Building:PUNE:BLD-PHOENIX-01,1100.0,15.7,0,1347.73,1263.29,1215.28,1227.52,1266.84,1556.32125,4088.78,654.2274394196936,0.8660254037844386,0.5000000000000001,4,0
2026-08-28 04:15:00+00:00,urn:ngsi-ld:Building:PUNE:BLD-PHOENIX-01,1229.11,15.5,0,1282.84,1141.05,1190.3,1173.69,1389.99,1431.7887499999997,2152.49,376.88615480135496,0.8968727415326884,0.44228869021900125,4,0
2026-08-28 04:30:00+00:00,urn:ngsi-ld:Building:PUNE:BLD-PHOENIX-01,1248.77,16.0,0,1235.46,1189.69,1323.3,1287.57,1100.0,1398.3308333333332,2152.49,356.3603269885992,0.9238795325112867,0.38268343236508984,4,0
2026-08-28 04:45:00+00:00,urn:ngsi-ld:Building:PUNE:BLD-PHOENIX-01,1130.07,15.2,0,1183.21,1265.4,1236.15,1181.19,1234.36,1360.6758333333335,2108.64,318.99397013400653,0.9469301294951056,0.3214394653031617,4,0
2026-08-28 05:00:00+00:00,urn:ngsi-ld:Building:PUNE:BLD-PHOENIX-01,1347.73,16.5,0,1100.0,1100.0,1263.29,1215.28,1258.95,1323.02,2108.64,287.90494202678946,0.9659258262890683,0.25881904510252074,4,0
2026-08-28 05:15:00+00:00,urn:ngsi-ld:Building:PUNE:BLD-PHOENIX-01,1282.84,15.5,0,1339.56,1229.11,1141.05,1190.3,1146.78,1291.3154166666666,2079.39,234.589404945817,0.9807852804032304,0.19509032201612833,4,0
2026-08-28 05:30:00+00:00,urn:ngsi-ld:Building:PUNE:BLD-PHOENIX-01,1235.46,18.0,0,1206.72,1248.77,1189.69,1323.3,1163.0,1258.1258333333333,1939.34,163.96095322317953,0.9914448613738104,0.1305261922200517,4,0
2026-08-28 05:45:00+00:00,urn:ngsi-ld:Building:PUNE:BLD-PHOENIX-01,1183.21,18.1,0,1116.05,1130.07,1265.4,1236.15,1390.35,1228.7975,1394.06,76.36606292955268,0.9978589232386035,0.06540312923014327,4,0
2026-08-28 06:00:00+00:00,urn:ngsi-ld:Building:PUNE:BLD-PHOENIX-01,1100.0,18.1,0,1180.69,1347.73,1100.0,1263.29,1293.91,1229.8125,1394.06,75.5535168948905,1.0,6.123233995736766e-17,4,0
2026-08-28 06:15:00+00:00,urn:ngsi-ld:Building:PUNE:BLD-PHOENIX-01,1339.56,17.3,0,1292.99,1282.84,1229.11,1141.05,1426.92,1229.8125,1394.06,75.5535168948905,0.9978589232386035,-0.06540312923014314,4,0
2026-08-28 06:30:00+00:00,urn:ngsi-ld:Building:PUNE:BLD-PHOENIX-01,1206.72,18.7,0,1272.67,1235.46,1248.77,1189.69,1232.66,1227.5416666666667,1347.73,71.08940853436731,0.9914448613738104,-0.1305261922200516,4,0
2026-08-28 06:45:00+00:00,urn:ngsi-ld:Building:PUNE:BLD-PHOENIX-01,1116.05,19.0,0,1148.58,1183.21,1130.07,1265.4,1116.07,1222.41375,1347.73,67.75368418084497,0.9807852804032304,-0.1950903220161282,4,0
2026-08-28 07:00:00+00:00,urn:ngsi-ld:Building:PUNE:BLD-PHOENIX-01,1180.69,20.3,0,2157.61,1100.0,1347.73,1100.0,1219.22,1217.2479166666667,1347.73,71.00072706153085,0.9659258262890683,-0.25881904510252063,4,0
2026-08-28 07:15:00+00:00,urn:ngsi-ld:Building:PUNE:BLD-PHOENIX-01,1292.99,21.2,0,1914.93,1339.56,1282.84,1229.11,1203.29,1215.2966666666666,1347.73,71.34879516139958,0.9469301294951057,-0.3214394653031616,4,0
2026-08-28 07:30:00+00:00,urn:ngsi-ld:Building:PUNE:BLD-PHOENIX-01,1272.67,21.7,0,2179.02,1206.72,1235.46,1248.77,1315.99,1220.2675000000002,1347.73,72.47100831105583,0.9238795325112868,-0.3826834323650895,4,0
2026-08-28 07:45:00+00:00,urn:ngsi-ld:Building:PUNE:BLD-PHOENIX-01,1148.58,23.1,0,2068.55,1116.05,1183.21,1130.07,1311.92,1219.6466666666668,1347.73,71.93119512320783,0.8968727415326884,-0.44228869021900113,4,0
2026-08-28 08:00:00+00:00,urn:ngsi-ld:Building:PUNE:BLD-PHOENIX-01,2157.61,22.7,0,2013.54,1180.69,1100.0,1347.73,2098.75,1218.2879166666667,1347.73,72.9894197797719,0.8660254037844387,-0.4999999999999998,4,0
2026-08-28 08:15:00+00:00,urn:ngsi-ld:Building:PUNE:BLD-PHOENIX-01,1914.93,24.1,0,2026.02,1292.99,1339.56,1282.84,2261.82,1257.5516666666665,2157.61,205.13505554746703,0.8314696123025451,-0.5555702330196023,4,0
2026-08-28 08:30:00+00:00,urn:ngsi-ld:Building:PUNE:BLD-PHOENIX-01,2179.02,23.8,0,2057.47,1272.67,1206.72,1235.46,2169.79,1287.7445833333334,2157.61,244.3797638561706,0.7933533402912352,-0.6087614290087207,4,0
2026-08-28 08:45:00+00:00,urn:ngsi-ld:Building:PUNE:BLD-PHOENIX-01,2068.55,24.9,0,2100.55,1148.58,1116.05,1183.21,1969.04,1323.3995833333333,2179.02,304.75869076277684,0.7518398074789774,-0.6593458151000688,4,0
2026-08-28 09:00:00+00:00,urn:ngsi-ld:Building:PUNE:BLD-PHOENIX-01,2013.54,25.1,0,4455.35,2157.61,1180.69,1100.0,2144.57,1358.0829166666665,2179.02,339.75419616663123,0.7071067811865476,-0.7071067811865475,4,0
2026-08-28 09:15:00+00:00,urn:ngsi-ld:Building:PUNE:BLD-PHOENIX-01,2026.02,26.0,0,4438.34,1914.93,1292.99,1339.56,2052.66,1389.3433333333332,2179.02,364.28262923489893,0.659345815100069,-0.7518398074789773,4,0
2026-08-28 09:30:00+00:00,urn:ngsi-ld:Building:PUNE:BLD-PHOENIX-01,2057.47,26.4,0,4595.51,2179.02,1272.67,1206.72,2030.11,1426.2170833333332,2179.02,382.39619887909816,0.6087614290087209,-0.793353340291235,4,0
2026-08-28 09:45:00+00:00,urn:ngsi-ld:Building:PUNE:BLD-PHOENIX-01,2100.55,26.6,0,4776.2,2068.55,1148.58,1116.05,2183.11,1462.3745833333332,2179.02,399.6942334267217,0.5555702330196025,-0.831469612302545,4,0
2026-08-28 10:00:00+00:00,urn:ngsi-ld:Building:PUNE:BLD-PHOENIX-01,4455.35,29.4,1,4790.89,2013.54,2157.61,1180.69,4349.01,1497.1725,2179.02,417.74672174965366,0.49999999999999994,-0.8660254037844387,4,0
2026-08-28 10:15:00+00:00,urn:ngsi-ld:Building:PUNE:BLD-PHOENIX-01,4438.34,28.4,1,4714.67,2026.02,1914.93,1292.99,4632.6,1636.9787500000002,4455.35,726.4491563962207,0.4422886902190017,-0.8968727415326881,4,0
2026-08-28 10:30:00+00:00,urn:ngsi-ld:Building:PUNE:BLD-PHOENIX-01,4595.51,29.1,1,4905.79,2057.47,2179.02,1272.67,4667.24,1770.6966666666667,4455.35,918.1713644434991,0.3826834323650899,-0.9238795325112867,4,0
2026-08-28 10:45:00+00:00,urn:ngsi-ld:Building:PUNE:BLD-PHOENIX-01,4776.2,29.7,1,4663.29,2100.55,2068.55,1148.58,4505.01,1910.1441666666667,4595.51,1076.0304959672058,0.32143946530316175,-0.9469301294951056,4,0
2026-08-28 11:00:00+00:00,urn:ngsi-ld:Building:PUNE:BLD-PHOENIX-01,4790.89,29.9,1,4880.19,4455.35,2013.54,2157.61,4454.8,2062.06625,4776.2,1210.1417473273286,0.258819045102521,-0.9659258262890682,4,0
2026-08-28 11:15:00+00:00,urn:ngsi-ld:Building:PUNE:BLD-PHOENIX-01,4714.67,28.9,1,5035.94,4438.34,2026.02,1914.93,4733.76,2205.53125,4790.89,1320.8103564867683,0.19509032201612816,-0.9807852804032304,4,0
2026-08-28 11:30:00+00:00,urn:ngsi-ld:Building:PUNE:BLD-PHOENIX-01,4905.79,30.9,1,4921.85,4595.51,2057.47,2179.02,4466.37,2348.5241666666666,4790.89,1399.970662614711,0.130526192220052,-0.9914448613738104,4,0
2026-08-28 11:45:00+00:00,urn:ngsi-ld:Building:PUNE:BLD-PHOENIX-01,4663.29,30.4,1,4966.05,4776.2,2100.55,2068.55,4846.8,2501.4545833333336,4905.79,1471.726319950348,0.06540312923014312,-0.9978589232386035,4,0
2026-08-28 12:00:00+00:00,urn:ngsi-ld:Building:PUNE:BLD-PHOENIX-01,4880.19,31.6,1,4960.62,4790.89,4455.35,2013.54,4860.14,2646.4579166666667,4905.79,1507.2093805411105,1.2246467991473532e-16,-1.0,4,0
2026-08-28 12:15:00+00:00,urn:ngsi-ld:Building:PUNE:BLD-PHOENIX-01,5035.94,32.1,1,4934.55,4714.67,4438.34,2026.02,4954.1,2803.9658333333336,4905.79,1535.8223935868207,-0.06540312923014287,-0.9978589232386035,4,0
2026-08-28 12:30:00+00:00,urn:ngsi-ld:Building:PUNE:BLD-PHOENIX-01,4921.85,31.2,1,4962.4,4905.79,4595.51,2057.47,4968.75,2957.9816666666666,5035.94,1567.5955411800383,-0.13052619222005177,-0.9914448613738104,4,0
2026-08-28 12:45:00+00:00,urn:ngsi-ld:Building:PUNE:BLD-PHOENIX-01,4966.05,32.5,1,5179.39,4663.29,4776.2,2100.55,5289.37,3112.77875,5035.94,1570.5711101111483,-0.19509032201612792,-0.9807852804032305,4,0
2026-08-28 13:00:00+00:00,urn:ngsi-ld:Building:PUNE:BLD-PHOENIX-01,4960.62,31.9,1,5009.88,4880.19,4790.89,4455.35,4936.83,3273.195416666667,5035.94,1554.2933181352307,-0.2588190451025208,-0.9659258262890683,4,0
2026-08-28 13:15:00+00:00,urn:ngsi-ld:Building:PUNE:BLD-PHOENIX-01,4934.55,31.5,1,5181.13,5035.94,4714.67,4438.34,5065.5,3430.6924999999997,5035.94,1524.2607957251907,-0.32143946530316153,-0.9469301294951057,4,0
2026-08-28 13:30:00+00:00,urn:ngsi-ld:Building:PUNE:BLD-PHOENIX-01,4962.4,32.3,1,5097.87,4921.85,4905.79,4595.51,5015.47,3582.424166666667,5035.94,1482.899741862773,-0.38268343236508967,-0.9238795325112868,4,0
2026-08-28 13:45:00+00:00,urn:ngsi-ld:Building:PUNE:BLD-PHOENIX-01,5179.39,33.2,1,4929.96,4966.05,4663.29,4776.2,5166.89,3736.162916666666,5035.94,1423.0848661438501,-0.44228869021900147,-0.8968727415326883,4,0
2026-08-28 14:00:00+00:00,urn:ngsi-ld:Building:PUNE:BLD-PHOENIX-01,5009.88,33.3,1,4947.78,4960.62,4880.19,4790.89,5255.45,3904.1133333333332,5179.39,1339.8453054466977,-0.4999999999999997,-0.8660254037844388,4,0
2026-08-28 14:15:00+00:00,urn:ngsi-ld:Building:PUNE:BLD-PHOENIX-01,5181.13,33.2,1,5140.6,4934.55,5035.94,4714.67,5252.29,4022.9579166666667,5179.39,1304.2194794988254,-0.555570233019602,-0.8314696123025455,4,0
2026-08-28 14:30:00+00:00,urn:ngsi-ld:Building:PUNE:BLD-PHOENIX-01,5097.87,33.8,1,5120.46,4962.4,4921.85,4905.79,5095.11,4159.049583333333,5181.13,1243.6938782041386,-0.6087614290087207,-0.7933533402912352,4,0
2026-08-28 14:45:00+00:00,urn:ngsi-ld:Building:PUNE:BLD-PHOENIX-01,4929.96,33.3,1,5203.27,5179.39,4966.05,4663.29,5079.92,4280.668333333333,5181.13,1182.8795443311747,-0.6593458151000688,-0.7518398074789774,4,0
2026-08-28 15:00:00+00:00,urn:ngsi-ld:Building:PUNE:BLD-PHOENIX-01,4947.78,33.7,1,5030.4,5009.88,4960.62,4880.19,5160.19,4399.89375,5181.13,1090.8443424080333,-0.7071067811865471,-0.7071067811865479,4,0
2026-08-28 15:15:00+00:00,urn:ngsi-ld:Building:PUNE:BLD-PHOENIX-01,5140.6,33.8,1,5000.48,5181.13,4934.55,5035.94,4858.52,4522.15375,5181.13,969.4329733487463,-0.7518398074789773,-0.6593458151000691,4,0
2026-08-28 15:30:00+00:00,urn:ngsi-ld:Building:PUNE:BLD-PHOENIX-01,5120.46,34.6,1,4904.21,5097.87,4962.4,4921.85,4793.88,4651.9279166666665,5181.13,817.2862493589108,-0.7933533402912349,-0.6087614290087209,4,0
2026-08-28 15:45:00+00:00,urn:ngsi-ld:Building:PUNE:BLD-PHOENIX-01,5203.27,32.9,1,4755.4,4929.96,5179.39,4966.05,5153.95,4779.552500000001,5181.13,606.5011673256913,-0.8314696123025452,-0.5555702330196022,4,0
2026-08-28 16:00:00+00:00,urn:ngsi-ld:Building:PUNE:BLD-PHOENIX-01,5030.4,33.5,1,4923.81,4947.78,5009.88,4960.62,4798.67,4908.8325,5203.27,214.85756661715715,-0.8660254037844385,-0.5000000000000004,4,0
2026-08-28 16:15:00+00:00,urn:ngsi-ld:Building:PUNE:BLD-PHOENIX-01,5000.48,32.7,1,4657.26,5140.6,5181.13,4934.55,4956.21,4932.792916666666,5203.27,193.04433395924835,-0.8968727415326883,-0.44228869021900136,4,0
2026-08-28 16:30:00+00:00,urn:ngsi-ld:Building:PUNE:BLD-PHOENIX-01,4904.21,32.4,1,4880.35,5120.46,5097.87,4962.4,4957.33,4956.215416666667,5203.27,162.05900326420516,-0.9238795325112868,-0.3826834323650895,4,0
2026-08-28 16:45:00+00:00,urn:ngsi-ld:Building:PUNE:BLD-PHOENIX-01,4755.4,31.8,1,4648.58,5203.27,4929.96,5179.39,5048.48,4969.077916666667,5203.27,143.35684942868394,-0.9469301294951056,-0.3214394653031618,4,0
2026-08-28 17:00:00+00:00,urn:ngsi-ld:Building:PUNE:BLD-PHOENIX-01,4923.81,31.6,1,4469.11,5030.4,4947.78,5009.88,4956.3,4968.211249999999,5203.27,144.63080720946135,-0.9659258262890683,-0.25881904510252063,4,0
2026-08-28 17:15:00+00:00,urn:ngsi-ld:Building:PUNE:BLD-PHOENIX-01,4657.26,31.0,1,4691.55,5000.48,5140.6,5181.13,4865.64,4973.749583333333,5203.27,140.01678612048545,-0.9807852804032303,-0.19509032201612866,4,0
2026-08-28 17:30:00+00:00,urn:ngsi-ld:Building:PUNE:BLD-PHOENIX-01,4880.35,31.3,1,4567.94,4904.21,5120.46,5097.87,4754.27,4971.3575,5203.27,145.0358584522987,-0.9914448613738104,-0.13052619222005163,4,0
2026-08-28 17:45:00+00:00,urn:ngsi-ld:Building:PUNE:BLD-PHOENIX-01,4648.58,29.8,1,4474.61,4755.4,5203.27,4929.96,4655.49,4970.2975,5203.27,145.6276531090118,-0.9978589232386035,-0.06540312923014273,4,0
2026-08-28 18:00:00+00:00,urn:ngsi-ld:Building:PUNE:BLD-PHOENIX-01,4469.11,28.9,1,4496.27,4923.81,5030.4,4947.78,4709.71,4969.684583333333,5203.27,147.00044894884454,-1.0,-1.8369701987210297e-16,4,0
2026-08-28 18:15:00+00:00,urn:ngsi-ld:Building:PUNE:BLD-PHOENIX-01,4691.55,29.0,1,4200.61,4657.26,5000.48,5140.6,4567.28,4952.55625,5203.27,178.46380141585902,-0.9978589232386036,0.06540312923014237,4,0
2026-08-28 18:30:00+00:00,urn:ngsi-ld:Building:PUNE:BLD-PHOENIX-01,4567.94,28.4,1,4299.47,4880.35,4904.21,5120.46,4406.48,4938.206666666667,5203.27,185.18664067393183,-0.9914448613738105,0.13052619222005127,4,0
2026-08-28 18:45:00+00:00,urn:ngsi-ld:Building:PUNE:BLD-PHOENIX-01,4474.61,27.9,1,4388.97,4648.58,4755.4,5203.27,4358.92,4923.460416666667,5203.27,200.04077105046662,-0.9807852804032304,0.1950903220161283,4,0
2026-08-28 19:00:00+00:00,urn:ngsi-ld:Building:PUNE:BLD-PHOENIX-01,4496.27,27.6,1,4575.59,4469.11,4923.81,5030.4,4336.1,4902.98375,5203.27,219.68009376911417,-0.9659258262890684,0.2588190451025203,4,0
2026-08-28 19:15:00+00:00,urn:ngsi-ld:Building:PUNE:BLD-PHOENIX-01,4200.61,26.7,1,4369.35,4691.55,4657.26,5000.48,4293.06,4883.635833333334,5203.27,234.34226499829163,-0.9469301294951057,0.3214394653031615,4,0
2026-08-28 19:30:00+00:00,urn:ngsi-ld:Building:PUNE:BLD-PHOENIX-01,4299.47,25.6,1,4303.13,4567.94,4880.35,4904.21,4290.66,4853.054999999999,5203.27,272.23410438690536,-0.923879532511287,0.38268343236508917,4,0
2026-08-28 19:45:00+00:00,urn:ngsi-ld:Building:PUNE:BLD-PHOENIX-01,4388.97,25.1,1,4129.09,4474.61,4648.58,4755.4,4381.38,4825.432916666667,5203.27,293.46141810678563,-0.8968727415326884,0.442288690219001,4,0
2026-08-28 20:00:00+00:00,urn:ngsi-ld:Building:PUNE:BLD-PHOENIX-01,4575.59,25.0,1,4530.78,4496.27,4469.11,4923.81,4397.38,4792.49875,5203.27,296.3497732823348,-0.8660254037844386,0.5000000000000001,4,0
2026-08-28 20:15:00+00:00,urn:ngsi-ld:Building:PUNE:BLD-PHOENIX-01,4369.35,23.6,1,4374.68,4200.61,4691.55,4657.26,4345.9,4774.403333333334,5203.27,295.75764654998846,-0.8314696123025455,0.5555702330196018,4,0
2026-08-28 20:30:00+00:00,urn:ngsi-ld:Building:PUNE:BLD-PHOENIX-01,4303.13,23.3,1,4334.42,4299.47,4567.94,4880.35,4362.57,4740.579166666666,5203.27,293.631927669889,-0.7933533402912357,0.6087614290087199,4,0
2026-08-28 20:45:00+00:00,urn:ngsi-ld:Building:PUNE:BLD-PHOENIX-01,4129.09,23.5,1,4133.81,4388.97,4474.61,4648.58,4402.07,4707.465,5203.27,296.3870256798314,-0.7518398074789772,0.6593458151000691,4,0
2026-08-28 21:00:00+00:00,urn:ngsi-ld:Building:PUNE:BLD-PHOENIX-01,4530.78,22.9,1,4339.25,4575.59,4496.27,4469.11,4160.24,4674.095416666666,5203.27,314.76216723359533,-0.7071067811865477,0.7071067811865474,4,0
2026-08-28 21:15:00+00:00,urn:ngsi-ld:Building:PUNE:BLD-PHOENIX-01,4374.68,21.9,1,2062.03,4369.35,4200.61,4691.55,4369.98,4656.720416666666,5203.27,310.4779475958455,-0.6593458151000687,0.7518398074789775,4,0
2026-08-28 21:30:00+00:00,urn:ngsi-ld:Building:PUNE:BLD-PHOENIX-01,4334.42,22.2,1,1999.8,4303.13,4299.47,4567.94,4474.64,4624.807083333334,5203.27,297.6783405461075,-0.608761429008721,0.7933533402912349,4,0
2026-08-28 21:45:00+00:00,urn:ngsi-ld:Building:PUNE:BLD-PHOENIX-01,4133.81,20.6,1,1922.85,4129.09,4388.97,4474.61,4166.22,4592.055416666667,5203.27,283.68643100962584,-0.555570233019603,0.8314696123025447,4,0
2026-08-28 22:00:00+00:00,urn:ngsi-ld:Building:PUNE:BLD-PHOENIX-01,4339.25,20.7,1,1917.22,4530.78,4575.59,4496.27,4088.78,4547.494583333333,5030.4,267.00784570759885,-0.5000000000000004,0.8660254037844384,4,0
2026-08-28 22:15:00+00:00,urn:ngsi-ld:Building:PUNE:BLD-PHOENIX-01,2062.03,19.2,0,2232.68,4374.68,4369.35,4200.61,2032.1,4518.696666666667,5000.48,249.34765736198977,-0.4422886902190014,0.8968727415326883,4,0
2026-08-28 22:30:00+00:00,urn:ngsi-ld:Building:PUNE:BLD-PHOENIX-01,1999.8,18.9,0,2059.27,4334.42,4303.13,4299.47,2152.49,4396.2612500000005,4923.81,546.6631356043956,-0.38268343236508956,0.9238795325112868,4,0
2026-08-28 22:45:00+00:00,urn:ngsi-ld:Building:PUNE:BLD-PHOENIX-01,1922.85,19.1,0,1199.72,4133.81,4129.09,4388.97,2033.81,4275.244166666666,4923.81,722.5216949107407,-0.32143946530316186,0.9469301294951056,4,0
2026-08-28 23:00:00+00:00,urn:ngsi-ld:Building:PUNE:BLD-PHOENIX-01,1917.22,18.8,0,1253.56,4339.25,4530.78,4575.59,2108.64,4157.22125,4923.81,859.1139943003709,-0.25881904510252157,0.9659258262890681,4,0
2026-08-28 23:15:00+00:00,urn:ngsi-ld:Building:PUNE:BLD-PHOENIX-01,2232.68,17.3,0,1247.07,2062.03,4374.68,4369.35,2079.39,4031.9466666666667,4880.35,956.1941236538544,-0.19509032201612872,0.9807852804032303,4,0
2026-08-28 23:30:00+00:00,urn:ngsi-ld:Building:PUNE:BLD-PHOENIX-01,2059.27,18.0,0,1113.01,1999.8,4334.42,4303.13,1939.34,3930.9225,4880.35,1013.6131722371331,-0.13052619222005168,0.9914448613738104,4,0
2026-08-28 23:45:00+00:00,urn:ngsi-ld:Building:PUNE:BLD-PHOENIX-01,1199.72,16.3,0,1336.89,1922.85,4133.81,4129.09,1158.85,3813.3775000000005,4691.55,1061.183402209027,-0.0654031292301428,0.9978589232386035,4,0
2026-08-29 00:00:00+00:00,urn:ngsi-ld:Building:PUNE:BLD-PHOENIX-01,1253.56,16.5,0,1231.99,1917.22,4339.25,4530.78,1100.0,3669.6750000000006,4691.55,1171.0004531429008,0.0,1.0,5,1
2026-08-29 00:15:00+00:00,urn:ngsi-ld:Building:PUNE:BLD-PHOENIX-01,1247.07,16.0,0,1260.58,2232.68,2062.03,4374.68,1394.06,3535.6937500000004,4691.55,1256.3968386960119,0.06540312923014306,0.9978589232386035,5,1
2026-08-29 00:30:00+00:00,urn:ngsi-ld:Building:PUNE:BLD-PHOENIX-01,1113.01,15.6,0,1390.35,2059.27,1999.8,4334.42,1329.79,3392.17375,4575.59,1314.0329987809778,0.13052619222005157,0.9914448613738104,5,1
2026-08-29 00:45:00+00:00,urn:ngsi-ld:Building:PUNE:BLD-PHOENIX-01,1336.89,15.2,0,1125.38,1199.72,1922.85,4133.81,1240.03,3248.2183333333337,4575.59,1367.7736248042456,0.19509032201612825,0.9807852804032304,5,1
2026-08-29 01:00:00+00:00,urn:ngsi-ld:Building:PUNE:BLD-PHOENIX-01,1231.99,14.4,0,1176.41,1253.56,1917.22,4339.25,1227.52,3117.48,4575.59,1395.137939803179,0.25881904510252074,0.9659258262890683,5,1
2026-08-29 01:15:00+00:00,urn:ngsi-ld:Building:PUNE:BLD-PHOENIX-01,1260.58,14.5,0,1279.81,1247.07,2232.68,2062.03,1173.69,2981.468333333333,4575.59,1413.8669998875457,0.3214394653031616,0.9469301294951057,5,1
2026-08-29 01:30:00+00:00,urn:ngsi-ld:Building:PUNE:BLD-PHOENIX-01,1390.35,14.6,0,1334.82,1113.01,2059.27,1999.8,1287.57,2858.9670833333334,4575.59,1430.908049333582,0.3826834323650898,0.9238795325112867,5,1
2026-08-29 01:45:00+00:00,urn:ngsi-ld:Building:PUNE:BLD-PHOENIX-01,1125.38,15.0,0,1191.2,1336.89,1199.72,1922.85,1181.19,2737.75375,4575.59,1426.7874190728087,0.44228869021900125,0.8968727415326884,5,1
2026-08-29 02:00:00+00:00,urn:ngsi-ld:Building:PUNE:BLD-PHOENIX-01,1176.41,15.0,0,1196.26,1231.99,1253.56,1917.22,1215.28,2601.7708333333335,4575.59,1418.0675049943854,0.49999999999999994,0.8660254037844387,5,1
2026-08-29 02:15:00+00:00,urn:ngsi-ld:Building:PUNE:BLD-PHOENIX-01,1279.81,14.2,0,1309.74,1260.58,1247.07,2232.68,1190.3,2460.1383333333333,4530.78,1381.6391078799024,0.5555702330196022,0.8314696123025452,5,1
2026-08-29 02:30:00+00:00,urn:ngsi-ld:Building:PUNE:BLD-PHOENIX-01,1334.82,14.2,0,1465.43,1390.35,1113.01,2059.27,1323.3,2331.4075000000003,4530.78,1339.3002567734613,0.6087614290087207,0.7933533402912352,5,1
2026-08-29 02:45:00+00:00,urn:ngsi-ld:Building:PUNE:BLD-PHOENIX-01,1191.2,14.1,0,1256.69,1125.38,1336.89,1199.72,1236.15,2207.7279166666667,4530.78,1285.2686535844382,0.6593458151000688,0.7518398074789774,5,1
2026-08-29 03:00:00+00:00,urn:ngsi-ld:Building:PUNE:BLD-PHOENIX-01,1196.26,14.2,0,1176.13,1176.41,1231.99,1253.56,1263.29,2085.3158333333336,4530.78,1233.167013054683,0.7071067811865476,0.7071067811865476,5,1
2026-08-29 03:15:00+00:00,urn:ngsi-ld:Building:PUNE:BLD-PHOENIX-01,1309.74,15.3,0,1149.57,1279.81,1260.58,1247.07,1141.05,1946.3775000000003,4374.68,1129.1195669934011,0.7518398074789774,0.6593458151000688,5,1
2026-08-29 03:30:00+00:00,urn:ngsi-ld:Building:PUNE:BLD-PHOENIX-01,1465.43,15.8,0,1236.29,1334.82,1390.35,1113.01,1189.69,1818.6716666666669,4339.25,1009.5241341115105,0.7933533402912352,0.6087614290087207,5,1
2026-08-29 03:45:00+00:00,urn:ngsi-ld:Building:PUNE:BLD-PHOENIX-01,1256.69,14.4,0,1330.0,1191.2,1125.38,1336.89,1265.4,1699.1304166666666,4339.25,857.0176759045474,0.8314696123025451,0.5555702330196024,5,1
2026-08-29 04:00:00+00:00,urn:ngsi-ld:Building:PUNE:BLD-PHOENIX-01,1176.13,14.5,0,1516.91,1196.26,1176.41,1231.99,1100.0,1579.2504166666668,4339.25,685.7621443992738,0.8660254037844386,0.5000000000000001,5,1
2026-08-29 04:15:00+00:00,urn:ngsi-ld:Building:PUNE:BLD-PHOENIX-01,1149.57,15.1,0,1256.84,1309.74,1279.81,1260.58,1229.11,1447.45375,2232.68,357.78444008026906,0.8968727415326884,0.44228869021900125,5,1
2026-08-29 04:30:00+00:00,urn:ngsi-ld:Building:PUNE:BLD-PHOENIX-01,1236.29,15.1,0,1412.08,1465.43,1334.82,1390.35,1248.77,1409.4345833333334,2232.68,337.5463266494918,0.9238795325112867,0.38268343236508984,5,1
2026-08-29 04:45:00+00:00,urn:ngsi-ld:Building:PUNE:BLD-PHOENIX-01,1330.0,15.4,0,1278.21,1256.69,1191.2,1125.38,1130.07,1377.6216666666667,2232.68,314.6924835822295,0.9469301294951056,0.3214394653031617,5,1
2026-08-29 05:00:00+00:00,urn:ngsi-ld:Building:PUNE:BLD-PHOENIX-01,1516.91,15.9,0,1270.01,1176.13,1196.26,1176.41,1347.73,1352.9195833333333,2232.68,292.52056930239826,0.9659258262890683,0.25881904510252074,5,1
2026-08-29 05:15:00+00:00,urn:ngsi-ld:Building:PUNE:BLD-PHOENIX-01,1256.84,16.6,0,1388.92,1149.57,1309.74,1279.81,1282.84,1336.24,2232.68,269.448019686555,0.9807852804032304,0.19509032201612833,5,1
2026-08-29 05:30:00+00:00,urn:ngsi-ld:Building:PUNE:BLD-PHOENIX-01,1412.08,16.5,0,1259.07,1236.29,1465.43,1334.82,1235.46,1295.5800000000002,2059.27,190.29421661790673,0.9914448613738104,0.1305261922200517,5,1
2026-08-29 05:45:00+00:00,urn:ngsi-ld:Building:PUNE:BLD-PHOENIX-01,1278.21,18.4,0,1156.58,1330.0,1256.69,1191.2,1183.21,1268.6137500000002,1516.91,103.37163658617834,0.9978589232386035,0.06540312923014327,5,1
2026-08-29 06:00:00+00:00,urn:ngsi-ld:Building:PUNE:BLD-PHOENIX-01,1270.01,17.4,0,1365.22,1516.91,1176.13,1196.26,1100.0,1271.8841666666667,1516.91,102.33364761416196,1.0,6.123233995736766e-17,5,1
2026-08-29 06:15:00+00:00,urn:ngsi-ld:Building:PUNE:BLD-PHOENIX-01,1388.92,18.0,0,1100.0,1256.84,1149.57,1309.74,1339.56,1272.5695833333332,1516.91,102.26064254063651,0.9978589232386035,-0.06540312923014314,5,1
2026-08-29 06:30:00+00:00,urn:ngsi-ld:Building:PUNE:BLD-PHOENIX-01,1259.07,19.7,0,1346.47,1412.08,1236.29,1465.43,1206.72,1278.48,1516.91,104.79074291158368,0.9914448613738104,-0.1305261922200516,5,1
2026-08-29 06:45:00+00:00,urn:ngsi-ld:Building:PUNE:BLD-PHOENIX-01,1156.58,18.3,0,1249.25,1278.21,1330.0,1256.69,1116.05,1284.5658333333333,1516.91,98.83513408536399,0.9807852804032304,-0.1950903220161282,5,1
2026-08-29 07:00:00+00:00,urn:ngsi-ld:Building:PUNE:BLD-PHOENIX-01,1365.22,20.8,0,2021.43,1270.01,1516.91,1176.13,1180.69,1277.0529166666668,1516.91,101.50192264080736,0.9659258262890683,-0.25881904510252063,5,1
2026-08-29 07:15:00+00:00,urn:ngsi-ld:Building:PUNE:BLD-PHOENIX-01,1100.0,21.6,0,2019.06,1388.92,1256.84,1149.57,1292.99,1282.6041666666667,1516.91,102.56787826318225,0.9469301294951057,-0.3214394653031616,5,1
2026-08-29 07:30:00+00:00,urn:ngsi-ld:Building:PUNE:BLD-PHOENIX-01,1346.47,21.7,0,2035.93,1259.07,1412.08,1236.29,1272.67,1275.9133333333334,1516.91,109.09682690409144,0.9238795325112868,-0.3826834323650895,5,1
2026-08-29 07:45:00+00:00,urn:ngsi-ld:Building:PUNE:BLD-PHOENIX-01,1249.25,21.2,0,2007.91,1156.58,1278.21,1330.0,1148.58,1274.085,1516.91,107.45089292912319,0.8968727415326884,-0.44228869021900113,5,1
2026-08-29 08:00:00+00:00,urn:ngsi-ld:Building:PUNE:BLD-PHOENIX-01,2021.43,22.9,0,2092.03,1365.22,1270.01,1516.91,2157.61,1279.24625,1516.91,102.8750291165087,0.8660254037844387,-0.4999999999999998,5,1
2026-08-29 08:15:00+00:00,urn:ngsi-ld:Building:PUNE:BLD-PHOENIX-01,2019.06,22.3,0,2011.08,1100.0,1388.92,1256.84,1914.93,1314.4554166666667,2021.43,181.05058404321653,0.8314696123025451,-0.5555702330196023,5,1
2026-08-29 08:30:00+00:00,urn:ngsi-ld:Building:PUNE:BLD-PHOENIX-01,2035.93,23.8,0,1867.51,1346.47,1259.07,1412.08,2179.02,1345.2575,2021.43,230.91699011522707,0.7933533402912352,-0.6087614290087207,5,1
2026-08-29 08:45:00+00:00,urn:ngsi-ld:Building:PUNE:BLD-PHOENIX-01,2007.91,24.3,0,2049.95,1249.25,1156.58,1278.21,2068.55,1374.4704166666668,2035.93,270.4954542971737,0.7518398074789774,-0.6593458151000688,5,1
2026-08-29 09:00:00+00:00,urn:ngsi-ld:Building:PUNE:BLD-PHOENIX-01,2092.03,25.2,0,4817.09,2021.43,1365.22,1270.01,2013.54,1408.5,2035.93,296.55445627927156,0.7071067811865476,-0.7071067811865475,5,1
2026-08-29 09:15:00+00:00,urn:ngsi-ld:Building:PUNE:BLD-PHOENIX-01,2011.08,25.7,0,4465.94,2019.06,1100.0,1388.92,2026.02,1445.8237499999998,2092.03,323.7993538115371,0.659345815100069,-0.7518398074789773,5,1
2026-08-29 09:30:00+00:00,urn:ngsi-ld:Building:PUNE:BLD-PHOENIX-01,1867.51,26.5,0,4869.47,2035.93,1346.47,1259.07,2057.47,1475.04625,2092.03,342.11359848433375,0.6087614290087209,-0.793353340291235,5,1
2026-08-29 09:45:00+00:00,urn:ngsi-ld:Building:PUNE:BLD-PHOENIX-01,2049.95,27.3,0,4879.8,2007.91,1249.25,1156.58,2100.55,1491.7995833333334,2092.03,351.3426774343544,0.5555702330196025,-0.831469612302545,5,1
2026-08-29 10:00:00+00:00,urn:ngsi-ld:Building:PUNE:BLD-PHOENIX-01,4817.09,27.7,1,5104.51,2092.03,2021.43,1365.22,4455.35,1524.8520833333332,2092.03,365.29884823459815,0.49999999999999994,-0.8660254037844387,5,1
2026-08-29 10:15:00+00:00,urn:ngsi-ld:Building:PUNE:BLD-PHOENIX-01,4465.94,27.0,1,5033.95,2011.08,2019.06,1100.0,4438.34,1676.5587500000001,4817.09,758.5472447944786,0.4422886902190017,-0.8968727415326881,5,1
2026-08-29 10:30:00+00:00,urn:ngsi-ld:Building:PUNE:BLD-PHOENIX-01,4869.47,28.9,1,5005.16,1867.51,2035.93,1346.47,4595.51,1814.7408333333333,4817.09,938.9802034997668,0.3826834323650899,-0.9238795325112867,5,1
2026-08-29 10:45:00+00:00,urn:ngsi-ld:Building:PUNE:BLD-PHOENIX-01,4879.8,29.4,1,5271.92,2049.95,2007.91,1249.25,4776.2,1966.1233333333332,4869.47,1117.5573706260243,0.32143946530316175,-0.9469301294951056,5,1
2026-08-29 11:00:00+00:00,urn:ngsi-ld:Building:PUNE:BLD-PHOENIX-01,5104.51,30.2,1,5175.05,4817.09,2092.03,2021.43,4790.89,2114.0316666666668,4879.8,1256.0342487668631,0.258819045102521,-0.9659258262890682,5,1
2026-08-29 11:15:00+00:00,urn:ngsi-ld:Building:PUNE:BLD-PHOENIX-01,5033.95,30.6,1,5420.84,4465.94,2011.08,2019.06,4714.67,2263.515,5104.51,1388.3901649721101,0.19509032201612816,-0.9807852804032304,5,1
2026-08-29 11:30:00+00:00,urn:ngsi-ld:Building:PUNE:BLD-PHOENIX-01,5005.16,29.5,1,5169.17,4869.47,1867.51,2035.93,4905.79,2420.8945833333332,5104.51,1480.348112555836,0.130526192220052,-0.9914448613738104,5,1
2026-08-29 11:45:00+00:00,urn:ngsi-ld:Building:PUNE:BLD-PHOENIX-01,5271.92,31.9,1,5341.85,4879.8,2049.95,2007.91,4663.29,2570.60625,5104.51,1553.7569780173098,0.06540312923014312,-0.9978589232386035,5,1
2026-08-29 12:00:00+00:00,urn:ngsi-ld:Building:PUNE:BLD-PHOENIX-01,5175.05,31.0,1,5276.63,5104.51,4817.09,2092.03,4880.19,2737.0108333333333,5271.92,1621.6997716484018,1.2246467991473532e-16,-1.0,5,1
2026-08-29 12:15:00+00:00,urn:ngsi-ld:Building:PUNE:BLD-PHOENIX-01,5420.84,32.4,1,5387.81,5033.95,4465.94,2011.08,5035.94,2899.7208333333333,5271.92,1663.4757732737887,-0.06540312923014287,-0.9978589232386035,5,1
2026-08-29 12:30:00+00:00,urn:ngsi-ld:Building:PUNE:BLD-PHOENIX-01,5169.17,31.7,1,5350.85,5005.16,4869.47,1867.51,4921.85,3067.7175,5420.84,1707.2818656827353,-0.13052619222005177,-0.9914448613738104,5,1
2026-08-29 12:45:00+00:00,urn:ngsi-ld:Building:PUNE:BLD-PHOENIX-01,5341.85,33.0,1,5392.94,5271.92,4879.8,2049.95,4966.05,3230.638333333334,5420.84,1713.7363396789558,-0.19509032201612792,-0.9807852804032305,5,1
2026-08-29 13:00:00+00:00,urn:ngsi-ld:Building:PUNE:BLD-PHOENIX-01,5276.63,32.1,1,5348.67,5175.05,5104.51,4817.09,4960.62,3405.024583333334,5420.84,1706.434940674955,-0.2588190451025208,-0.9659258262890683,5,1
2026-08-29 13:15:00+00:00,urn:ngsi-ld:Building:PUNE:BLD-PHOENIX-01,5387.81,33.3,1,5313.56,5420.84,5033.95,4465.94,4934.55,3568.0,5420.84,1689.8521311487066,-0.32143946530316153,-0.9469301294951057,5,1
2026-08-29 13:30:00+00:00,urn:ngsi-ld:Building:PUNE:BLD-PHOENIX-01,5350.85,33.3,1,5113.51,5169.17,5005.16,4869.47,4962.4,3746.65875,5420.84,1643.6099563707262,-0.38268343236508967,-0.9238795325112868,5,1
2026-08-29 13:45:00+00:00,urn:ngsi-ld:Building:PUNE:BLD-PHOENIX-01,5392.94,34.2,1,5291.18,5341.85,5271.92,4879.8,5179.39,3913.507916666667,5420.84,1591.7973284882823,-0.44228869021900147,-0.8968727415326883,5,1
2026-08-29 14:00:00+00:00,urn:ngsi-ld:Building:PUNE:BLD-PHOENIX-01,5348.67,33.1,1,5424.45,5276.63,5175.05,5104.51,5009.88,4086.161666666667,5420.84,1513.0282955188206,-0.4999999999999997,-0.8660254037844388,5,1
2026-08-29 14:15:00+00:00,urn:ngsi-ld:Building:PUNE:BLD-PHOENIX-01,5313.56,34.0,1,5354.21,5387.81,5420.84,5033.95,5181.13,4224.796666666666,5420.84,1467.3607607291217,-0.555570233019602,-0.8314696123025455,5,1
2026-08-29 14:30:00+00:00,urn:ngsi-ld:Building:PUNE:BLD-PHOENIX-01,5113.51,32.7,1,5403.47,5350.85,5169.17,5005.16,5097.87,4362.0675,5420.84,1404.8098655481165,-0.6087614290087207,-0.7933533402912352,5,1
2026-08-29 14:45:00+00:00,urn:ngsi-ld:Building:PUNE:BLD-PHOENIX-01,5291.18,33.5,1,5306.57,5392.94,5341.85,5271.92,4929.96,4490.3,5420.84,1321.2213030308828,-0.6593458151000688,-0.7518398074789774,5,1
2026-08-29 15:00:00+00:00,urn:ngsi-ld:Building:PUNE:BLD-PHOENIX-01,5424.45,33.2,1,5401.86,5348.67,5276.63,5175.05,4947.78,4627.102916666667,5420.84,1219.0405988263037,-0.7071067811865471,-0.7071067811865479,5,1
2026-08-29 15:15:00+00:00,urn:ngsi-ld:Building:PUNE:BLD-PHOENIX-01,5354.21,32.9,1,5179.27,5313.56,5387.81,5420.84,5140.6,4765.95375,5424.45,1101.892403035775,-0.7518398074789773,-0.6593458151000691,5,1
2026-08-29 15:30:00+00:00,urn:ngsi-ld:Building:PUNE:BLD-PHOENIX-01,5403.47,33.0,1,5193.33,5113.51,5350.85,5169.17,5120.46,4905.2508333333335,5424.45,937.5468855518608,-0.7933533402912349,-0.6087614290087209,5,1
2026-08-29 15:45:00+00:00,urn:ngsi-ld:Building:PUNE:BLD-PHOENIX-01,5306.57,33.3,1,5408.13,5291.18,5392.94,5341.85,5203.27,5052.5825,5424.45,682.586507575369,-0.8314696123025452,-0.5555702330196022,5,1
2026-08-29 16:00:00+00:00,urn:ngsi-ld:Building:PUNE:BLD-PHOENIX-01,5401.86,32.7,1,5206.68,5424.45,5348.67,5276.63,5030.4,5188.275,5424.45,239.8431224780673,-0.8660254037844385,-0.5000000000000004,5,1
2026-08-29 16:15:00+00:00,urn:ngsi-ld:Building:PUNE:BLD-PHOENIX-01,5179.27,32.8,1,5176.42,5354.21,5313.56,5387.81,5000.48,5212.640416666666,5424.45,229.99628744607813,-0.8968727415326883,-0.44228869021900136,5,1
2026-08-29 16:30:00+00:00,urn:ngsi-ld:Building:PUNE:BLD-PHOENIX-01,5193.33,32.6,1,5074.31,5403.47,5113.51,5350.85,4904.21,5242.3625,5424.45,166.68261173373236,-0.9238795325112868,-0.3826834323650895,5,1
2026-08-29 16:45:00+00:00,urn:ngsi-ld:Building:PUNE:BLD-PHOENIX-01,5408.13,32.7,1,5032.13,5306.57,5291.18,5392.94,4755.4,5255.856666666667,5424.45,147.1462285019548,-0.9469301294951056,-0.3214394653031618,5,1
2026-08-29 17:00:00+00:00,urn:ngsi-ld:Building:PUNE:BLD-PHOENIX-01,5206.68,31.7,1,4814.09,5401.86,5424.45,5348.67,4923.81,5277.870416666668,5424.45,126.5141882224643,-0.9659258262890683,-0.25881904510252063,5,1
2026-08-29 17:15:00+00:00,urn:ngsi-ld:Building:PUNE:BLD-PHOENIX-01,5176.42,31.0,1,4664.81,5179.27,5354.21,5313.56,4657.26,5282.1275,5424.45,122.06798017831646,-0.9807852804032303,-0.19509032201612866,5,1
2026-08-29 17:30:00+00:00,urn:ngsi-ld:Building:PUNE:BLD-PHOENIX-01,5074.31,30.5,1,5073.46,5193.33,5403.47,5113.51,4880.35,5288.06375,5424.45,112.56879588543438,-0.9914448613738104,-0.13052619222005163,5,1
2026-08-29 17:45:00+00:00,urn:ngsi-ld:Building:PUNE:BLD-PHOENIX-01,5032.13,30.8,1,4732.07,5408.13,5306.57,5291.18,4648.58,5290.945,5424.45,105.68755695768351,-0.9978589232386035,-0.06540312923014273,5,1
2026-08-29 18:00:00+00:00,urn:ngsi-ld:Building:PUNE:BLD-PHOENIX-01,4814.09,29.4,1,4908.2,5206.68,5401.86,5424.45,4469.11,5280.95375,5424.45,118.16242041529428,-1.0,-1.8369701987210297e-16,5,1
2026-08-29 18:15:00+00:00,urn:ngsi-ld:Building:PUNE:BLD-PHOENIX-01,4664.81,28.6,1,4659.64,5176.42,5179.27,5354.21,4691.55,5265.91375,5424.45,150.71590654392426,-0.9978589232386036,0.06540312923014237,5,1
2026-08-29 18:30:00+00:00,urn:ngsi-ld:Building:PUNE:BLD-PHOENIX-01,5073.46,29.2,1,4675.34,5074.31,5193.33,5403.47,4567.94,5234.412499999999,5424.45,190.64640938370607,-0.9914448613738105,0.13052619222005127,5,1
2026-08-29 18:45:00+00:00,urn:ngsi-ld:Building:PUNE:BLD-PHOENIX-01,4732.07,29.1,1,4668.97,5032.13,5408.13,5306.57,4474.61,5230.424583333333,5424.45,193.0562734357325,-0.9807852804032304,0.1950903220161283,5,1
2026-08-29 19:00:00+00:00,urn:ngsi-ld:Building:PUNE:BLD-PHOENIX-01,4908.2,28.1,1,4701.57,4814.09,5206.68,5401.86,4496.27,5205.017083333333,5424.45,216.46119747634162,-0.9659258262890684,0.2588190451025203,5,1
2026-08-29 19:15:00+00:00,urn:ngsi-ld:Building:PUNE:BLD-PHOENIX-01,4659.64,26.8,1,4575.6,4664.81,5176.42,5179.27,4200.61,5189.6658333333335,5424.45,224.09154383130073,-0.9469301294951057,0.3214394653031615,5,1
2026-08-29 19:30:00+00:00,urn:ngsi-ld:Building:PUNE:BLD-PHOENIX-01,4675.34,25.3,1,4445.18,5073.46,5074.31,5193.33,4299.47,5159.3254166666675,5424.45,244.46612216584072,-0.923879532511287,0.38268343236508917,5,1
2026-08-29 19:45:00+00:00,urn:ngsi-ld:Building:PUNE:BLD-PHOENIX-01,4668.97,25.2,1,4594.75,4732.07,5032.13,5408.13,4388.97,5131.179166666667,5424.45,259.858815896831,-0.8968727415326884,0.442288690219001,5,1
2026-08-29 20:00:00+00:00,urn:ngsi-ld:Building:PUNE:BLD-PHOENIX-01,4701.57,24.3,1,4693.04,4908.2,4814.09,5206.68,4575.59,5101.01375,5424.45,269.975169531596,-0.8660254037844386,0.5000000000000001,5,1
2026-08-29 20:15:00+00:00,urn:ngsi-ld:Building:PUNE:BLD-PHOENIX-01,4575.6,25.2,1,4547.81,4659.64,4664.81,5176.42,4369.35,5074.05125,5424.45,276.4028154754286,-0.8314696123025455,0.5555702330196018,5,1
2026-08-29 20:30:00+00:00,urn:ngsi-ld:Building:PUNE:BLD-PHOENIX-01,4445.18,23.3,1,4751.77,4675.34,5073.46,5074.31,4303.13,5043.3029166666665,5424.45,289.3443896944791,-0.7933533402912357,0.6087614290087199,5,1
2026-08-29 20:45:00+00:00,urn:ngsi-ld:Building:PUNE:BLD-PHOENIX-01,4594.75,23.2,1,4637.65,4668.97,4732.07,5032.13,4129.09,5015.455833333333,5424.45,313.45029369373964,-0.7518398074789772,0.6593458151000691,5,1
2026-08-29 21:00:00+00:00,urn:ngsi-ld:Building:PUNE:BLD-PHOENIX-01,4693.04,21.8,1,4539.71,4701.57,4908.2,4814.09,4530.78,4986.437916666667,5424.45,319.0022234211999,-0.7071067811865477,0.7071067811865474,5,1
2026-08-29 21:15:00+00:00,urn:ngsi-ld:Building:PUNE:BLD-PHOENIX-01,4547.81,21.9,1,2064.0,4575.6,4659.64,4664.81,4374.68,4955.962500000001,5408.13,310.1523717010119,-0.6593458151000687,0.7518398074789775,5,1
2026-08-29 21:30:00+00:00,urn:ngsi-ld:Building:PUNE:BLD-PHOENIX-01,4751.77,21.2,1,2091.37,4445.18,4675.34,5073.46,4334.42,4922.3625,5408.13,308.81017853596416,-0.608761429008721,0.7933533402912349,5,1
2026-08-29 21:45:00+00:00,urn:ngsi-ld:Building:PUNE:BLD-PHOENIX-01,4637.65,21.3,1,2098.43,4594.75,4668.97,4732.07,4133.81,4895.208333333333,5408.13,292.90944664905226,-0.555570233019603,0.8314696123025447,5,1
2026-08-29 22:00:00+00:00,urn:ngsi-ld:Building:PUNE:BLD-PHOENIX-01,4539.71,20.7,1,1772.87,4693.04,4701.57,4908.2,4339.25,4867.336666666667,5408.13,283.7467233699975,-0.5000000000000004,0.8660254037844384,5,1
2026-08-29 22:15:00+00:00,urn:ngsi-ld:Building:PUNE:BLD-PHOENIX-01,2064.0,19.8,0,1760.47,4547.81,4575.6,4659.64,2062.03,4831.413750000001,5408.13,267.22680204056064,-0.4422886902190014,0.8968727415326883,5,1
2026-08-29 22:30:00+00:00,urn:ngsi-ld:Building:PUNE:BLD-PHOENIX-01,2091.37,19.0,0,2147.41,4751.77,4445.18,4675.34,1999.8,4701.610833333333,5408.13,617.696897901838,-0.38268343236508956,0.9238795325112868,5,1
2026-08-29 22:45:00+00:00,urn:ngsi-ld:Building:PUNE:BLD-PHOENIX-01,2098.43,18.3,0,1110.71,4637.65,4594.75,4668.97,1922.85,4572.3625,5408.13,806.1255656763224,-0.32143946530316186,0.9469301294951056,5,1
2026-08-29 23:00:00+00:00,urn:ngsi-ld:Building:PUNE:BLD-PHOENIX-01,1772.87,18.5,0,1347.56,4539.71,4693.04,4701.57,1917.22,4434.458333333333,5206.68,930.4439593837095,-0.25881904510252157,0.9659258262890681,5,1
2026-08-29 23:15:00+00:00,urn:ngsi-ld:Building:PUNE:BLD-PHOENIX-01,1760.47,18.5,0,1357.25,2064.0,4547.81,4575.6,2232.68,4291.3829166666665,5176.42,1061.3389712363544,-0.19509032201612872,0.9807852804032303,5,1
2026-08-29 23:30:00+00:00,urn:ngsi-ld:Building:PUNE:BLD-PHOENIX-01,2147.41,16.9,0,1136.72,2091.37,4751.77,4445.18,2059.27,4149.051666666667,5074.31,1161.7857804546713,-0.13052619222005168,0.9914448613738104,5,1
2026-08-29 23:45:00+00:00,urn:ngsi-ld:Building:PUNE:BLD-PHOENIX-01,1110.71,16.7,0,1153.36,2098.43,4637.65,4594.75,1199.72,4027.0975000000003,5073.46,1212.931793491721,-0.0654031292301428,0.9978589232386035,5,1
2026-08-30 00:00:00+00:00,urn:ngsi-ld:Building:PUNE:BLD-PHOENIX-01,1347.56,15.8,0,1319.58,1772.87,4539.71,4693.04,1253.56,3863.705,5073.46,1330.122198162061,0.0,1.0,6,1
2026-08-30 00:15:00+00:00,urn:ngsi-ld:Building:PUNE:BLD-PHOENIX-01,1357.25,14.9,0,1211.66,1760.47,2064.0,4547.81,1247.07,3719.26625,5073.46,1408.3482335509877,0.06540312923014306,0.9978589232386035,6,1
2026-08-30 00:30:00+00:00,urn:ngsi-ld:Building:PUNE:BLD-PHOENIX-01,1136.72,15.7,0,1372.88,2147.41,2091.37,4751.77,1113.01,3581.4512499999996,5073.46,1472.183613023484,0.13052619222005157,0.9914448613738104,6,1
2026-08-30 00:45:00+00:00,urn:ngsi-ld:Building:PUNE:BLD-PHOENIX-01,1153.36,15.1,0,1402.4,1110.71,2098.43,4637.65,1336.89,3417.4204166666664,4908.2,1517.3394852761405,0.19509032201612825,0.9807852804032304,6,1
2026-08-30 01:00:00+00:00,urn:ngsi-ld:Building:PUNE:BLD-PHOENIX-01,1319.58,15.7,0,1139.62,1347.56,1772.87,4539.71,1231.99,3268.3074999999994,4908.2,1557.8325769513388,0.25881904510252074,0.9659258262890683,6,1
2026-08-30 01:15:00+00:00,urn:ngsi-ld:Building:PUNE:BLD-PHOENIX-01,1211.66,14.0,0,1173.85,1357.25,1760.47,2064.0,1260.58,3118.7816666666663,4751.77,1565.7901718403584,0.3214394653031616,0.9469301294951057,6,1
2026-08-30 01:30:00+00:00,urn:ngsi-ld:Building:PUNE:BLD-PHOENIX-01,1372.88,14.3,0,1259.01,1136.72,2147.41,2091.37,1390.35,2975.1158333333333,4751.77,1576.410142496065,0.3826834323650898,0.9238795325112867,6,1
2026-08-30 01:45:00+00:00,urn:ngsi-ld:Building:PUNE:BLD-PHOENIX-01,1402.4,13.9,0,1100.0,1153.36,1110.71,2098.43,1125.38,2837.513333333334,4751.77,1565.644141031063,0.44228869021900125,0.8968727415326884,6,1
2026-08-30 02:00:00+00:00,urn:ngsi-ld:Building:PUNE:BLD-PHOENIX-01,1139.62,14.6,0,1100.0,1319.58,1347.56,1772.87,1176.41,2701.40625,4751.77,1541.3047789674495,0.49999999999999994,0.8660254037844387,6,1
2026-08-30 02:15:00+00:00,urn:ngsi-ld:Building:PUNE:BLD-PHOENIX-01,1173.85,14.1,0,1163.64,1211.66,1357.25,1760.47,1279.81,2552.991666666667,4751.77,1511.537449911188,0.5555702330196022,0.8314696123025452,6,1
2026-08-30 02:30:00+00:00,urn:ngsi-ld:Building:PUNE:BLD-PHOENIX-01,1259.01,13.7,0,1440.09,1372.88,1136.72,2147.41,1334.82,2411.2520833333333,4751.77,1472.6207085121766,0.6087614290087207,0.7933533402912352,6,1
2026-08-30 02:45:00+00:00,urn:ngsi-ld:Building:PUNE:BLD-PHOENIX-01,1100.0,13.8,0,1273.31,1402.4,1153.36,1110.71,1191.2,2278.4950000000003,4751.77,1424.1073892152037,0.6593458151000688,0.7518398074789774,6,1
2026-08-30 03:00:00+00:00,urn:ngsi-ld:Building:PUNE:BLD-PHOENIX-01,1100.0,14.4,0,1187.87,1139.62,1319.58,1347.56,1196.26,2132.880416666667,4751.77,1353.9123560885807,0.7071067811865476,0.7071067811865476,6,1
2026-08-30 03:15:00+00:00,urn:ngsi-ld:Building:PUNE:BLD-PHOENIX-01,1163.64,14.2,0,1152.67,1173.85,1211.66,1357.25,1309.74,1983.1704166666668,4751.77,1253.43563002019,0.7518398074789774,0.6593458151000688,6,1
2026-08-30 03:30:00+00:00,urn:ngsi-ld:Building:PUNE:BLD-PHOENIX-01,1440.09,14.3,0,1135.74,1259.01,1372.88,1136.72,1465.43,1842.1633333333332,4751.77,1137.3573905469748,0.7933533402912352,0.6087614290087207,6,1
2026-08-30 03:45:00+00:00,urn:ngsi-ld:Building:PUNE:BLD-PHOENIX-01,1273.31,15.0,0,1194.33,1100.0,1402.4,1153.36,1256.69,1704.1766666666665,4637.65,955.3343713415751,0.8314696123025451,0.5555702330196024,6,1
2026-08-30 04:00:00+00:00,urn:ngsi-ld:Building:PUNE:BLD-PHOENIX-01,1187.87,14.2,0,1189.15,1100.0,1139.62,1319.58,1176.13,1563.9958333333332,4539.71,725.3194440707027,0.8660254037844386,0.5000000000000001,6,1
2026-08-30 04:15:00+00:00,urn:ngsi-ld:Building:PUNE:BLD-PHOENIX-01,1152.67,15.6,0,1227.57,1163.64,1173.85,1211.66,1149.57,1424.3358333333333,2147.41,356.2185866047439,0.8968727415326884,0.44228869021900125,6,1
2026-08-30 04:30:00+00:00,urn:ngsi-ld:Building:PUNE:BLD-PHOENIX-01,1135.74,16.3,0,1296.08,1440.09,1259.01,1372.88,1236.29,1386.3637499999998,2147.41,332.8751987940966,0.9238795325112867,0.38268343236508984,6,1
2026-08-30 04:45:00+00:00,urn:ngsi-ld:Building:PUNE:BLD-PHOENIX-01,1194.33,15.9,0,1241.58,1273.31,1100.0,1402.4,1330.0,1346.5458333333333,2147.41,300.4534912414914,0.9469301294951056,0.3214394653031617,6,1
2026-08-30 05:00:00+00:00,urn:ngsi-ld:Building:PUNE:BLD-PHOENIX-01,1189.15,16.6,0,1325.67,1187.87,1100.0,1139.62,1516.91,1308.875,2147.41,255.38075313047716,0.9659258262890683,0.25881904510252074,6,1
2026-08-30 05:15:00+00:00,urn:ngsi-ld:Building:PUNE:BLD-PHOENIX-01,1227.57,16.7,0,1220.86,1152.67,1163.64,1173.85,1256.84,1284.5533333333333,2147.41,236.3573419295068,0.9807852804032304,0.19509032201612833,6,1
2026-08-30 05:30:00+00:00,urn:ngsi-ld:Building:PUNE:BLD-PHOENIX-01,1296.08,16.8,0,1411.18,1135.74,1440.09,1259.01,1412.08,1262.3491666666666,2147.41,213.64416446019345,0.9914448613738104,0.1305261922200517,6,1
2026-08-30 05:45:00+00:00,urn:ngsi-ld:Building:PUNE:BLD-PHOENIX-01,1241.58,17.9,0,1323.14,1194.33,1273.31,1100.0,1278.21,1226.8770833333333,1440.09,101.5991075136346,0.9978589232386035,0.06540312923014327,6,1
2026-08-30 06:00:00+00:00,urn:ngsi-ld:Building:PUNE:BLD-PHOENIX-01,1325.67,18.0,0,1270.64,1189.15,1187.87,1100.0,1270.01,1232.33,1440.09,98.55973033344083,1.0,6.123233995736766e-17,6,1
2026-08-30 06:15:00+00:00,urn:ngsi-ld:Building:PUNE:BLD-PHOENIX-01,1220.86,18.6,0,1296.42,1227.57,1152.67,1163.64,1388.92,1231.4179166666665,1440.09,97.54305791581079,0.9978589232386035,-0.06540312923014314,6,1
2026-08-30 06:30:00+00:00,urn:ngsi-ld:Building:PUNE:BLD-PHOENIX-01,1411.18,19.3,0,1196.76,1296.08,1135.74,1440.09,1259.07,1225.735,1440.09,93.79431029332423,0.9914448613738104,-0.1305261922200516,6,1
2026-08-30 06:45:00+00:00,urn:ngsi-ld:Building:PUNE:BLD-PHOENIX-01,1323.14,19.0,0,1226.05,1241.58,1194.33,1273.31,1156.58,1237.1708333333333,1440.09,99.05358009497992,0.9807852804032304,-0.1950903220161282,6,1
2026-08-30 07:00:00+00:00,urn:ngsi-ld:Building:PUNE:BLD-PHOENIX-01,1270.64,19.2,0,2022.46,1325.67,1189.15,1187.87,1365.22,1244.2450000000001,1440.09,98.87023986193947,0.9659258262890683,-0.25881904510252063,6,1
2026-08-30 07:15:00+00:00,urn:ngsi-ld:Building:PUNE:BLD-PHOENIX-01,1296.42,21.9,0,1977.11,1220.86,1227.57,1152.67,1100.0,1242.2058333333332,1440.09,97.74723316034225,0.9469301294951057,-0.3214394653031616,6,1
2026-08-30 07:30:00+00:00,urn:ngsi-ld:Building:PUNE:BLD-PHOENIX-01,1196.76,21.6,0,1920.78,1411.18,1296.08,1135.74,1346.47,1245.7375,1440.09,98.12609023448,0.9238795325112868,-0.3826834323650895,6,1
2026-08-30 07:45:00+00:00,urn:ngsi-ld:Building:PUNE:BLD-PHOENIX-01,1226.05,22.2,0,2101.81,1323.14,1241.58,1194.33,1249.25,1238.3991666666668,1440.09,94.73118337456617,0.8968727415326884,-0.44228869021900113,6,1
2026-08-30 08:00:00+00:00,urn:ngsi-ld:Building:PUNE:BLD-PHOENIX-01,2022.46,22.3,0,2141.69,1270.64,1325.67,1189.15,2021.43,1231.05125,1440.09,88.06182533254999,0.8660254037844387,-0.4999999999999998,6,1
2026-08-30 08:15:00+00:00,urn:ngsi-ld:Building:PUNE:BLD-PHOENIX-01,1977.11,23.5,0,2087.24,1296.42,1220.86,1227.57,2019.06,1267.83625,2022.46,182.23911950114825,0.8314696123025451,-0.5555702330196023,6,1
2026-08-30 08:30:00+00:00,urn:ngsi-ld:Building:PUNE:BLD-PHOENIX-01,1920.78,23.5,0,2041.3,1196.76,1411.18,1296.08,2035.93,1301.3054166666666,2022.46,231.36707311430962,0.7933533402912352,-0.6087614290087207,6,1
2026-08-30 08:45:00+00:00,urn:ngsi-ld:Building:PUNE:BLD-PHOENIX-01,2101.81,24.9,0,2260.34,1226.05,1323.14,1241.58,2007.91,1328.8791666666666,2022.46,263.33306687965336,0.7518398074789774,-0.6593458151000688,6,1
2026-08-30 09:00:00+00:00,urn:ngsi-ld:Building:PUNE:BLD-PHOENIX-01,2141.69,25.4,0,4628.64,2022.46,1270.64,1325.67,2092.03,1370.6212500000001,2101.81,302.0320857027413,0.7071067811865476,-0.7071067811865475,6,1
2026-08-30 09:15:00+00:00,urn:ngsi-ld:Building:PUNE:BLD-PHOENIX-01,2087.24,25.9,0,4842.07,1977.11,1296.42,1220.86,2011.08,1414.0249999999999,2141.69,334.54938299270134,0.659345815100069,-0.7518398074789773,6,1
2026-08-30 09:30:00+00:00,urn:ngsi-ld:Building:PUNE:BLD-PHOENIX-01,2041.3,26.6,0,4860.97,1920.78,1196.76,1411.18,1867.51,1452.5083333333332,2141.69,356.87156644395276,0.6087614290087209,-0.793353340291235,6,1
2026-08-30 09:45:00+00:00,urn:ngsi-ld:Building:PUNE:BLD-PHOENIX-01,2260.34,26.7,0,4799.92,2101.81,1226.05,1323.14,2049.95,1477.55875,2141.69,376.521787247713,0.5555702330196025,-0.831469612302545,6,1
2026-08-30 10:00:00+00:00,urn:ngsi-ld:Building:PUNE:BLD-PHOENIX-01,4628.64,27.4,1,5111.54,2141.69,2022.46,1270.64,4817.09,1518.6850000000002,2260.34,405.9939593252913,0.49999999999999994,-0.8660254037844387,6,1
2026-08-30 10:15:00+00:00,urn:ngsi-ld:Building:PUNE:BLD-PHOENIX-01,4842.07,28.5,1,5106.91,2087.24,1977.11,1296.42,4465.94,1662.0504166666667,4628.64,747.756333780229,0.4422886902190017,-0.8968727415326881,6,1
2026-08-30 10:30:00+00:00,urn:ngsi-ld:Building:PUNE:BLD-PHOENIX-01,4860.97,27.9,1,5122.0,2041.3,1920.78,1196.76,4869.47,1815.7754166666666,4842.07,981.2616640080931,0.3826834323650899,-0.9238795325112867,6,1
2026-08-30 10:45:00+00:00,urn:ngsi-ld:Building:PUNE:BLD-PHOENIX-01,4799.92,29.2,1,5251.24,2260.34,2101.81,1226.05,4879.8,1970.9933333333336,4860.97,1149.2653961388826,0.32143946530316175,-0.9469301294951056,6,1
2026-08-30 11:00:00+00:00,urn:ngsi-ld:Building:PUNE:BLD-PHOENIX-01,5111.54,30.5,1,5107.07,4628.64,2141.69,2022.46,5104.51,2121.22625,4860.97,1272.3923669788905,0.258819045102521,-0.9659258262890682,6,1
2026-08-30 11:15:00+00:00,urn:ngsi-ld:Building:PUNE:BLD-PHOENIX-01,5106.91,29.5,1,5298.81,4842.07,2087.24,1977.11,5033.95,2284.659166666667,5111.54,1393.5995973390548,0.19509032201612816,-0.9807852804032304,6,1
2026-08-30 11:30:00+00:00,urn:ngsi-ld:Building:PUNE:BLD-PHOENIX-01,5122.0,31.1,1,5177.1,4860.97,2041.3,1920.78,5005.16,2446.298333333333,5111.54,1487.4747384385091,0.130526192220052,-0.9914448613738104,6,1
2026-08-30 11:45:00+00:00,urn:ngsi-ld:Building:PUNE:BLD-PHOENIX-01,5251.24,32.1,1,5287.17,4799.92,2260.34,2101.81,5271.92,2605.7116666666666,5122.0,1561.9920360640442,0.06540312923014312,-0.9978589232386035,6,1
2026-08-30 12:00:00+00:00,urn:ngsi-ld:Building:PUNE:BLD-PHOENIX-01,5107.07,31.5,1,5082.51,5111.54,4628.64,2141.69,5175.05,2772.7808333333337,5251.24,1622.9858980391741,1.2246467991473532e-16,-1.0,6,1
2026-08-30 12:15:00+00:00,urn:ngsi-ld:Building:PUNE:BLD-PHOENIX-01,5298.81,32.2,1,5131.34,5106.91,4842.07,2087.24,5420.84,2930.3391666666666,5251.24,1659.52978212377,-0.06540312923014287,-0.9978589232386035,6,1
2026-08-30 12:30:00+00:00,urn:ngsi-ld:Building:PUNE:BLD-PHOENIX-01,5177.1,32.2,1,5329.03,5122.0,4860.97,2041.3,5169.17,3100.25375,5298.81,1685.4535080629855,-0.13052619222005177,-0.9914448613738104,6,1
2026-08-30 12:45:00+00:00,urn:ngsi-ld:Building:PUNE:BLD-PHOENIX-01,5287.17,32.6,1,5419.9,5251.24,4799.92,2260.34,5341.85,3257.1670833333333,5298.81,1696.630013897055,-0.19509032201612792,-0.9807852804032305,6,1
2026-08-30 13:00:00+00:00,urn:ngsi-ld:Building:PUNE:BLD-PHOENIX-01,5082.51,32.0,1,5395.95,5107.07,5111.54,4628.64,5276.63,3422.3349999999996,5298.81,1693.111989403198,-0.2588190451025208,-0.9659258262890683,6,1
2026-08-30 13:15:00+00:00,urn:ngsi-ld:Building:PUNE:BLD-PHOENIX-01,5131.34,33.3,1,5473.01,5298.81,5106.91,4842.07,5387.81,3581.1629166666667,5298.81,1660.9767567163553,-0.32143946530316153,-0.9469301294951057,6,1
2026-08-30 13:30:00+00:00,urn:ngsi-ld:Building:PUNE:BLD-PHOENIX-01,5329.03,33.3,1,5460.26,5177.1,5122.0,4860.97,5350.85,3740.95125,5298.81,1615.4637294282916,-0.38268343236508967,-0.9238795325112868,6,1
2026-08-30 13:45:00+00:00,urn:ngsi-ld:Building:PUNE:BLD-PHOENIX-01,5419.9,34.1,1,5354.58,5287.17,5251.24,4799.92,5392.94,3913.129166666667,5329.03,1551.4541532996,-0.44228869021900147,-0.8968727415326883,6,1
2026-08-30 14:00:00+00:00,urn:ngsi-ld:Building:PUNE:BLD-PHOENIX-01,5395.95,33.8,1,5514.52,5082.51,5107.07,5111.54,5348.67,4087.8729166666667,5419.9,1469.66935922892,-0.4999999999999997,-0.8660254037844388,6,1
2026-08-30 14:15:00+00:00,urn:ngsi-ld:Building:PUNE:BLD-PHOENIX-01,5473.01,33.5,1,5436.22,5131.34,5298.81,5106.91,5313.56,4228.4349999999995,5419.9,1424.159476637241,-0.555570233019602,-0.8314696123025455,6,1
2026-08-30 14:30:00+00:00,urn:ngsi-ld:Building:PUNE:BLD-PHOENIX-01,5460.26,33.2,1,5170.65,5329.03,5177.1,5122.0,5113.51,4374.0975,5473.01,1361.2745958787282,-0.6087614290087207,-0.7933533402912352,6,1
2026-08-30 14:45:00+00:00,urn:ngsi-ld:Building:PUNE:BLD-PHOENIX-01,5354.58,32.9,1,5432.39,5419.9,5287.17,5251.24,5291.18,4521.575833333333,5473.01,1272.784719888599,-0.6593458151000688,-0.7518398074789774,6,1
2026-08-30 15:00:00+00:00,urn:ngsi-ld:Building:PUNE:BLD-PHOENIX-01,5514.52,34.0,1,5214.71,5395.95,5082.51,5107.07,5424.45,4657.107916666667,5473.01,1173.2032747993155,-0.7071067811865471,-0.7071067811865479,6,1
2026-08-30 15:15:00+00:00,urn:ngsi-ld:Building:PUNE:BLD-PHOENIX-01,5436.22,34.5,1,5221.4,5473.01,5131.34,5298.81,5354.21,4797.6425,5514.52,1054.8266945734763,-0.7518398074789773,-0.6593458151000691,6,1
2026-08-30 15:30:00+00:00,urn:ngsi-ld:Building:PUNE:BLD-PHOENIX-01,5170.65,32.3,1,5602.56,5460.26,5329.03,5177.1,5403.47,4937.183333333333,5514.52,889.1946827945902,-0.7933533402912349,-0.6087614290087209,6,1
2026-08-30 15:45:00+00:00,urn:ngsi-ld:Building:PUNE:BLD-PHOENIX-01,5432.39,33.4,1,5294.06,5354.58,5419.9,5287.17,5306.57,5067.572916666667,5514.52,640.8444493993345,-0.8314696123025452,-0.5555702330196022,6,1
2026-08-30 16:00:00+00:00,urn:ngsi-ld:Building:PUNE:BLD-PHOENIX-01,5214.71,32.8,1,4965.76,5514.52,5395.95,5082.51,5401.86,5199.741666666667,5514.52,235.81182290806012,-0.8660254037844385,-0.5000000000000004,6,1
2026-08-30 16:15:00+00:00,urn:ngsi-ld:Building:PUNE:BLD-PHOENIX-01,5221.4,33.0,1,4980.97,5436.22,5473.01,5131.34,5179.27,5224.16125,5514.52,202.02467736299323,-0.8968727415326883,-0.44228869021900136,6,1
2026-08-30 16:30:00+00:00,urn:ngsi-ld:Building:PUNE:BLD-PHOENIX-01,5602.56,32.9,1,5141.3,5170.65,5460.26,5329.03,5193.33,5239.966666666666,5514.52,184.94884704486097,-0.9238795325112868,-0.3826834323650895,6,1
2026-08-30 16:45:00+00:00,urn:ngsi-ld:Building:PUNE:BLD-PHOENIX-01,5294.06,32.1,1,5080.23,5432.39,5354.58,5419.9,5408.13,5270.86625,5602.56,180.77855521187345,-0.9469301294951056,-0.3214394653031618,6,1
2026-08-30 17:00:00+00:00,urn:ngsi-ld:Building:PUNE:BLD-PHOENIX-01,4965.76,31.2,1,4932.33,5214.71,5514.52,5395.95,5206.68,5291.455416666667,5602.56,150.39571388964856,-0.9659258262890683,-0.25881904510252063,6,1
2026-08-30 17:15:00+00:00,urn:ngsi-ld:Building:PUNE:BLD-PHOENIX-01,4980.97,30.8,1,4975.44,5221.4,5436.22,5473.01,5176.42,5285.38125,5602.56,160.57728501759902,-0.9807852804032303,-0.19509032201612866,6,1
2026-08-30 17:30:00+00:00,urn:ngsi-ld:Building:PUNE:BLD-PHOENIX-01,5141.3,29.8,1,4869.25,5602.56,5170.65,5460.26,5074.31,5280.13375,5602.56,168.52426409781478,-0.9914448613738104,-0.13052619222005163,6,1
2026-08-30 17:45:00+00:00,urn:ngsi-ld:Building:PUNE:BLD-PHOENIX-01,5080.23,30.4,1,4630.93,5294.06,5432.39,5354.58,5032.13,5280.937916666667,5602.56,167.7812812014323,-0.9978589232386035,-0.06540312923014273,6,1
2026-08-30 18:00:00+00:00,urn:ngsi-ld:Building:PUNE:BLD-PHOENIX-01,4932.33,29.6,1,4625.15,4965.76,5214.71,5514.52,4814.09,5273.8125,5602.56,172.6577445663286,-1.0,-1.8369701987210297e-16,6,1
2026-08-30 18:15:00+00:00,urn:ngsi-ld:Building:PUNE:BLD-PHOENIX-01,4975.44,29.9,1,4537.89,4980.97,5221.4,5436.22,4664.81,5266.531666666667,5602.56,183.34820864826702,-0.9978589232386036,0.06540312923014237,6,1
2026-08-30 18:30:00+00:00,urn:ngsi-ld:Building:PUNE:BLD-PHOENIX-01,4869.25,29.1,1,4655.11,5141.3,5602.56,5170.65,5073.46,5253.057916666668,5602.56,192.52515027084294,-0.9914448613738105,0.13052619222005127,6,1
2026-08-30 18:45:00+00:00,urn:ngsi-ld:Building:PUNE:BLD-PHOENIX-01,4630.93,28.0,1,4563.06,5080.23,5294.06,5432.39,4732.07,5240.230833333334,5602.56,207.4803882176878,-0.9807852804032304,0.1950903220161283,6,1
2026-08-30 19:00:00+00:00,urn:ngsi-ld:Building:PUNE:BLD-PHOENIX-01,4625.15,26.4,1,4686.77,4932.33,4965.76,5214.71,4908.2,5212.8875,5602.56,241.48156788520086,-0.9659258262890684,0.2588190451025203,6,1
2026-08-30 19:15:00+00:00,urn:ngsi-ld:Building:PUNE:BLD-PHOENIX-01,4537.89,27.1,1,4665.05,4975.44,4980.97,5221.4,4659.64,5193.8308333333325,5602.56,268.72713773608814,-0.9469301294951057,0.3214394653031615,6,1
2026-08-30 19:30:00+00:00,urn:ngsi-ld:Building:PUNE:BLD-PHOENIX-01,4655.11,26.4,1,4723.82,4869.25,5141.3,5602.56,4675.34,5169.103749999999,5602.56,300.1888753089822,-0.923879532511287,0.38268343236508917,6,1
2026-08-30 19:45:00+00:00,urn:ngsi-ld:Building:PUNE:BLD-PHOENIX-01,4563.06,24.6,1,4605.54,4630.93,5080.23,5294.06,4668.97,5141.023749999999,5602.56,315.6977638132111,-0.8968727415326884,0.442288690219001,6,1
2026-08-30 20:00:00+00:00,urn:ngsi-ld:Building:PUNE:BLD-PHOENIX-01,4686.77,25.5,1,4694.44,4625.15,4932.33,4965.76,4701.57,5105.3220833333335,5602.56,330.8734365411417,-0.8660254037844386,0.5000000000000001,6,1
2026-08-30 20:15:00+00:00,urn:ngsi-ld:Building:PUNE:BLD-PHOENIX-01,4665.05,23.9,1,4709.79,4537.89,4975.44,4980.97,4575.6,5075.772916666667,5602.56,335.42587438090726,-0.8314696123025455,0.5555702330196018,6,1
2026-08-30 20:30:00+00:00,urn:ngsi-ld:Building:PUNE:BLD-PHOENIX-01,4723.82,24.6,1,4727.78,4655.11,4869.25,5141.3,4445.18,5042.107916666667,5602.56,334.3675364024554,-0.7933533402912357,0.6087614290087199,6,1
2026-08-30 20:45:00+00:00,urn:ngsi-ld:Building:PUNE:BLD-PHOENIX-01,4605.54,23.3,1,4724.55,4563.06,4630.93,5080.23,4594.75,5011.422916666667,5602.56,328.05727945618617,-0.7518398074789772,0.6593458151000691,6,1
2026-08-30 21:00:00+00:00,urn:ngsi-ld:Building:PUNE:BLD-PHOENIX-01,4694.44,22.4,1,4573.57,4686.77,4625.15,4932.33,4693.04,4980.212916666666,5602.56,329.617889954575,-0.7071067811865477,0.7071067811865474,6,1
2026-08-30 21:15:00+00:00,urn:ngsi-ld:Building:PUNE:BLD-PHOENIX-01,4709.79,22.3,1,2196.63,4665.05,4537.89,4975.44,4547.81,4946.042916666666,5602.56,313.95533431257803,-0.6593458151000687,0.7518398074789775,6,1
2026-08-30 21:30:00+00:00,urn:ngsi-ld:Building:PUNE:BLD-PHOENIX-01,4727.78,21.6,1,1887.12,4723.82,4655.11,4869.25,4751.77,4915.775,5602.56,299.319317611939,-0.608761429008721,0.7933533402912349,6,1
2026-08-30 21:45:00+00:00,urn:ngsi-ld:Building:PUNE:BLD-PHOENIX-01,4724.55,21.0,1,2123.33,4605.54,4563.06,4630.93,4637.65,4897.3220833333335,5602.56,296.5618823022028,-0.555570233019603,0.8314696123025447,6,1
2026-08-30 22:00:00+00:00,urn:ngsi-ld:Building:PUNE:BLD-PHOENIX-01,4573.57,20.9,1,2001.35,4694.44,4686.77,4625.15,4539.71,4867.82875,5602.56,275.4839068181373,-0.5000000000000004,0.8660254037844384,6,1
2026-08-30 22:15:00+00:00,urn:ngsi-ld:Building:PUNE:BLD-PHOENIX-01,2196.63,18.7,0,1950.51,4709.79,4665.05,4537.89,2064.0,4841.114583333333,5602.56,271.4402726036535,-0.4422886902190014,0.8968727415326883,6,1
2026-08-30 22:30:00+00:00,urn:ngsi-ld:Building:PUNE:BLD-PHOENIX-01,1887.12,19.4,0,2070.08,4727.78,4723.82,4655.11,2091.37,4715.0824999999995,5602.56,595.7129285752981,-0.38268343236508956,0.9238795325112868,6,1
2026-08-30 22:45:00+00:00,urn:ngsi-ld:Building:PUNE:BLD-PHOENIX-01,2123.33,18.3,0,1297.15,4724.55,4605.54,4563.06,2098.43,4560.2725,5294.06,802.0806602409906,-0.32143946530316186,0.9469301294951056,6,1
2026-08-30 23:00:00+00:00,urn:ngsi-ld:Building:PUNE:BLD-PHOENIX-01,2001.35,18.0,0,1268.86,4573.57,4694.44,4686.77,1772.87,4428.1587500000005,5141.3,927.3153276801556,-0.25881904510252157,0.9659258262890681,6,1
2026-08-30 23:15:00+00:00,urn:ngsi-ld:Building:PUNE:BLD-PHOENIX-01,1950.51,18.6,0,1225.38,2196.63,4709.79,4665.05,1760.47,4304.641666666666,5141.3,1042.8273819793017,-0.19509032201612872,0.9807852804032303,6,1
2026-08-30 23:30:00+00:00,urn:ngsi-ld:Building:PUNE:BLD-PHOENIX-01,2070.08,16.8,0,1260.22,1887.12,4727.78,4723.82,2147.41,4178.3725,5141.3,1136.6255941362817,-0.13052619222005168,0.9914448613738104,6,1
2026-08-30 23:45:00+00:00,urn:ngsi-ld:Building:PUNE:BLD-PHOENIX-01,1297.15,17.1,0,1323.39,2123.33,4724.55,4605.54,1110.71,4050.4049999999993,5080.23,1194.894203040951,-0.0654031292301428,0.9978589232386035,6,1
2026-08-31 00:00:00+00:00,urn:ngsi-ld:Building:PUNE:BLD-PHOENIX-01,1268.86,17.0,0,1254.2,2001.35,4573.57,4694.44,1347.56,3892.7766666666666,4975.44,1298.1979578352182,0.0,1.0,0,0
2026-08-31 00:15:00+00:00,urn:ngsi-ld:Building:PUNE:BLD-PHOENIX-01,1225.38,16.4,0,1256.43,1950.51,2196.63,4709.79,1357.25,3740.1320833333334,4975.44,1383.2440015003735,0.06540312923014306,0.9978589232386035,0,0
2026-08-31 00:30:00+00:00,urn:ngsi-ld:Building:PUNE:BLD-PHOENIX-01,1260.22,15.8,0,1268.35,2070.08,1887.12,4727.78,1136.72,3583.879583333333,4869.25,1447.9281659802516,0.13052619222005157,0.9914448613738104,0,0
2026-08-31 00:45:00+00:00,urn:ngsi-ld:Building:PUNE:BLD-PHOENIX-01,1323.39,15.6,0,1200.24,1297.15,2123.33,4724.55,1153.36,3433.5033333333326,4727.78,1495.2666150503194,0.19509032201612825,0.9807852804032304,0,0
2026-08-31 01:00:00+00:00,urn:ngsi-ld:Building:PUNE:BLD-PHOENIX-01,1254.2,15.6,0,1351.5,1268.86,2001.35,4573.57,1319.58,3295.6891666666666,4727.78,1532.0749434016773,0.25881904510252074,0.9659258262890683,0,0
2026-08-31 01:15:00+00:00,urn:ngsi-ld:Building:PUNE:BLD-PHOENIX-01,1256.43,14.5,0,1472.1,1225.38,1950.51,2196.63,1211.66,3155.2329166666673,4727.78,1559.1744534527857,0.3214394653031616,0.9469301294951057,0,0
2026-08-31 01:30:00+00:00,urn:ngsi-ld:Building:PUNE:BLD-PHOENIX-01,1268.35,14.8,0,1280.79,1260.22,2070.08,1887.12,1372.88,3018.505416666667,4727.78,1576.4382051761238,0.3826834323650898,0.9238795325112867,0,0
2026-08-31 01:45:00+00:00,urn:ngsi-ld:Building:PUNE:BLD-PHOENIX-01,1200.24,16.0,0,1216.61,1323.39,1297.15,2123.33,1402.4,2877.390416666667,4727.78,1575.1503354324082,0.44228869021900125,0.8968727415326884,0,0
2026-08-31 02:00:00+00:00,urn:ngsi-ld:Building:PUNE:BLD-PHOENIX-01,1351.5,14.8,0,1330.4,1254.2,1268.86,2001.35,1139.62,2737.272916666667,4727.78,1568.2367413130353,0.49999999999999994,0.8660254037844387,0,0
2026-08-31 02:15:00+00:00,urn:ngsi-ld:Building:PUNE:BLD-PHOENIX-01,1472.1,14.6,0,1369.62,1256.43,1225.38,1950.51,1173.85,2598.3033333333333,4727.78,1535.404713435691,0.5555702330196022,0.8314696123025452,0,0
2026-08-31 02:30:00+00:00,urn:ngsi-ld:Building:PUNE:BLD-PHOENIX-01,1280.79,14.3,0,1218.44,1268.35,1260.22,2070.08,1259.01,2465.26375,4727.78,1486.078279422802,0.6087614290087207,0.7933533402912352,0,0
2026-08-31 02:45:00+00:00,urn:ngsi-ld:Building:PUNE:BLD-PHOENIX-01,1216.61,14.0,0,1287.45,1200.24,1323.39,1297.15,1100.0,2321.804166666667,4727.78,1423.4346870369898,0.6593458151000688,0.7518398074789774,0,0
2026-08-31 03:00:00+00:00,urn:ngsi-ld:Building:PUNE:BLD-PHOENIX-01,1330.4,14.7,0,1184.04,1351.5,1254.2,1268.86,1100.0,2180.59875,4727.78,1353.406243951859,0.7071067811865476,0.7071067811865476,0,0
2026-08-31 03:15:00+00:00,urn:ngsi-ld:Building:PUNE:BLD-PHOENIX-01,1369.62,14.9,0,1338.97,1472.1,1256.43,1225.38,1163.64,2040.4304166666668,4727.78,1252.1495050875767,0.7518398074789774,0.6593458151000688,0,0
2026-08-31 03:30:00+00:00,urn:ngsi-ld:Building:PUNE:BLD-PHOENIX-01,1218.44,14.8,0,1262.1,1280.79,1268.35,1260.22,1440.09,1901.2566666666664,4727.78,1121.3509875326795,0.7933533402912352,0.6087614290087207,0,0
2026-08-31 03:45:00+00:00,urn:ngsi-ld:Building:PUNE:BLD-PHOENIX-01,1287.45,16.6,0,1319.49,1216.61,1200.24,1323.39,1273.31,1755.0341666666666,4724.55,952.9064198495628,0.8314696123025451,0.5555702330196024,0,0
2026-08-31 04:00:00+00:00,urn:ngsi-ld:Building:PUNE:BLD-PHOENIX-01,1184.04,14.8,0,1147.82,1330.4,1351.5,1254.2,1187.87,1611.8216666666667,4573.57,716.0604728996026,0.8660254037844386,0.5000000000000001,0,0
2026-08-31 04:15:00+00:00,urn:ngsi-ld:Building:PUNE:BLD-PHOENIX-01,1338.97,14.9,0,1307.09,1369.62,1472.1,1256.43,1152.67,1470.5912499999997,2196.63,344.23317739583376,0.8968727415326884,0.44228869021900125,0,0
2026-08-31 04:30:00+00:00,urn:ngsi-ld:Building:PUNE:BLD-PHOENIX-01,1262.1,15.6,0,1173.1,1218.44,1280.79,1268.35,1135.74,1434.8554166666665,2123.33,308.21800174509696,0.9238795325112867,0.38268343236508984,0,0
2026-08-31 04:45:00+00:00,urn:ngsi-ld:Building:PUNE:BLD-PHOENIX-01,1319.49,16.1,0,1179.33,1287.45,1216.61,1200.24,1194.33,1408.8129166666668,2123.33,294.4402086712148,0.9469301294951056,0.3214394653031617,0,0
2026-08-31 05:00:00+00:00,urn:ngsi-ld:Building:PUNE:BLD-PHOENIX-01,1147.82,16.0,0,1160.32,1184.04,1330.4,1351.5,1189.15,1375.3195833333332,2070.08,252.33746202896052,0.9659258262890683,0.25881904510252074,0,0
2026-08-31 05:15:00+00:00,urn:ngsi-ld:Building:PUNE:BLD-PHOENIX-01,1307.09,17.0,0,1310.18,1338.97,1369.62,1472.1,1227.57,1339.7558333333334,2070.08,218.09388977162118,0.9807852804032304,0.19509032201612833,0,0
2026-08-31 05:30:00+00:00,urn:ngsi-ld:Building:PUNE:BLD-PHOENIX-01,1173.1,17.5,0,1368.49,1262.1,1218.44,1280.79,1296.08,1312.9466666666667,2070.08,175.0516172238114,0.9914448613738104,0.1305261922200517,0,0
2026-08-31 05:45:00+00:00,urn:ngsi-ld:Building:PUNE:BLD-PHOENIX-01,1179.33,18.1,0,1100.0,1319.49,1287.45,1216.61,1241.58,1275.5725,1472.1,71.497310879225,0.9978589232386035,0.06540312923014327,0,0
2026-08-31 06:00:00+00:00,urn:ngsi-ld:Building:PUNE:BLD-PHOENIX-01,1160.32,17.9,0,1191.46,1147.82,1184.04,1330.4,1325.67,1270.6633333333334,1472.1,73.95402153612876,1.0,6.123233995736766e-17,0,0
2026-08-31 06:15:00+00:00,urn:ngsi-ld:Building:PUNE:BLD-PHOENIX-01,1310.18,19.5,0,1147.63,1307.09,1338.97,1369.62,1220.86,1266.1408333333334,1472.1,77.31164066168074,0.9978589232386035,-0.06540312923014314,0,0
2026-08-31 06:30:00+00:00,urn:ngsi-ld:Building:PUNE:BLD-PHOENIX-01,1368.49,19.6,0,1134.42,1173.1,1262.1,1218.44,1411.18,1269.6741666666667,1472.1,77.30556000630168,0.9914448613738104,-0.1305261922200516,0,0
2026-08-31 06:45:00+00:00,urn:ngsi-ld:Building:PUNE:BLD-PHOENIX-01,1100.0,21.5,0,1254.91,1179.33,1319.49,1287.45,1323.14,1274.1854166666665,1472.1,79.8471898157662,0.9807852804032304,-0.1950903220161282,0,0
2026-08-31 07:00:00+00:00,urn:ngsi-ld:Building:PUNE:BLD-PHOENIX-01,1191.46,19.9,0,2098.23,1160.32,1147.82,1184.04,1270.64,1264.8774999999998,1472.1,86.59711021588907,0.9659258262890683,-0.25881904510252063,0,0
2026-08-31 07:15:00+00:00,urn:ngsi-ld:Building:PUNE:BLD-PHOENIX-01,1147.63,20.4,0,2014.53,1310.18,1307.09,1338.97,1296.42,1262.2633333333333,1472.1,87.87107055508305,0.9469301294951057,-0.3214394653031616,0,0
2026-08-31 07:30:00+00:00,urn:ngsi-ld:Building:PUNE:BLD-PHOENIX-01,1134.42,21.4,0,2072.27,1368.49,1173.1,1262.1,1196.76,1257.7299999999998,1472.1,90.93811144377267,0.9238795325112868,-0.3826834323650895,0,0
2026-08-31 07:45:00+00:00,urn:ngsi-ld:Building:PUNE:BLD-PHOENIX-01,1254.91,22.3,0,1954.77,1100.0,1179.33,1319.49,1226.05,1252.1495833333333,1472.1,94.30505751892767,0.8968727415326884,-0.44228869021900113,0,0
2026-08-31 08:00:00+00:00,urn:ngsi-ld:Building:PUNE:BLD-PHOENIX-01,2098.23,23.0,0,2051.65,1191.46,1160.32,1147.82,2022.46,1254.4275,1472.1,93.65470587495929,0.8660254037844387,-0.4999999999999998,0,0
2026-08-31 08:15:00+00:00,urn:ngsi-ld:Building:PUNE:BLD-PHOENIX-01,2014.53,23.7,0,2005.5,1147.63,1310.18,1307.09,1977.11,1285.54125,2098.23,195.72426352670112,0.8314696123025451,-0.5555702330196023,0,0
2026-08-31 08:30:00+00:00,urn:ngsi-ld:Building:PUNE:BLD-PHOENIX-01,2072.27,25.3,0,2102.15,1134.42,1368.49,1173.1,1920.78,1308.1425,2098.23,243.6537585295376,0.7933533402912352,-0.6087614290087207,0,0
2026-08-31 08:45:00+00:00,urn:ngsi-ld:Building:PUNE:BLD-PHOENIX-01,1954.77,23.5,0,1961.55,1254.91,1100.0,1179.33,2101.81,1341.1208333333332,2098.23,289.1130009846061,0.7518398074789774,-0.6593458151000688,0,0
2026-08-31 09:00:00+00:00,urn:ngsi-ld:Building:PUNE:BLD-PHOENIX-01,2051.65,24.2,0,4357.64,2098.23,1191.46,1160.32,2141.69,1371.8775000000003,2098.23,313.5244626644792,0.7071067811865476,-0.7071067811865475,0,0
2026-08-31 09:15:00+00:00,urn:ngsi-ld:Building:PUNE:BLD-PHOENIX-01,2005.5,25.8,0,4323.79,2014.53,1147.63,1310.18,2087.24,1401.9295833333333,2098.23,342.5949404112558,0.659345815100069,-0.7518398074789773,0,0
2026-08-31 09:30:00+00:00,urn:ngsi-ld:Building:PUNE:BLD-PHOENIX-01,2102.15,27.7,0,4540.15,2072.27,1134.42,1368.49,2041.3,1428.4245833333334,2098.23,363.91264130844417,0.6087614290087209,-0.793353340291235,0,0
2026-08-31 09:45:00+00:00,urn:ngsi-ld:Building:PUNE:BLD-PHOENIX-01,1961.55,27.5,0,4519.84,1954.77,1254.91,1100.0,2260.34,1465.2458333333334,2102.15,385.79215775052614,0.5555702330196025,-0.831469612302545,0,0
2026-08-31 10:00:00+00:00,urn:ngsi-ld:Building:PUNE:BLD-PHOENIX-01,4357.64,27.0,1,4616.04,2051.65,2098.23,1191.46,4628.64,1493.3333333333333,2102.15,396.67044860567205,0.49999999999999994,-0.8660254037844387,0,0
2026-08-31 10:15:00+00:00,urn:ngsi-ld:Building:PUNE:BLD-PHOENIX-01,4323.79,28.3,1,4789.06,2005.5,2014.53,1147.63,4842.07,1625.5666666666666,4357.64,701.1768318282352,0.4422886902190017,-0.8968727415326881,0,0
2026-08-31 10:30:00+00:00,urn:ngsi-ld:Building:PUNE:BLD-PHOENIX-01,4540.15,28.6,1,4824.13,2102.15,2072.27,1134.42,4860.97,1749.9341666666667,4357.64,887.9625614949078,0.3826834323650899,-0.9238795325112867,0,0
2026-08-31 10:45:00+00:00,urn:ngsi-ld:Building:PUNE:BLD-PHOENIX-01,4519.84,29.1,1,4836.49,1961.55,1954.77,1254.91,4799.92,1886.5195833333335,4540.15,1047.451796991868,0.32143946530316175,-0.9469301294951056,0,0
2026-08-31 11:00:00+00:00,urn:ngsi-ld:Building:PUNE:BLD-PHOENIX-01,4616.04,29.5,1,4872.64,4357.64,2051.65,2098.23,5111.54,2019.8675000000003,4540.15,1168.8095951762316,0.258819045102521,-0.9659258262890682,0,0
2026-08-31 11:15:00+00:00,urn:ngsi-ld:Building:PUNE:BLD-PHOENIX-01,4789.06,30.3,1,5060.98,4323.79,2005.5,2014.53,5106.91,2164.3766666666666,4616.04,1266.613427700744,0.19509032201612816,-0.9807852804032304,0,0
2026-08-31 11:30:00+00:00,urn:ngsi-ld:Building:PUNE:BLD-PHOENIX-01,4824.13,31.4,1,5209.2,4540.15,2102.15,2072.27,5122.0,2309.4587500000002,4789.06,1360.1146201709128,0.130526192220052,-0.9914448613738104,0,0
2026-08-31 11:45:00+00:00,urn:ngsi-ld:Building:PUNE:BLD-PHOENIX-01,4836.49,30.9,1,4926.37,4519.84,1961.55,1954.77,5251.24,2461.585,4824.13,1429.8801063208507,0.06540312923014312,-0.9978589232386035,0,0
2026-08-31 12:00:00+00:00,urn:ngsi-ld:Building:PUNE:BLD-PHOENIX-01,4872.64,31.9,1,5005.8,4616.04,4357.64,2051.65,5107.07,2613.9666666666667,4836.49,1481.2381052515607,1.2246467991473532e-16,-1.0,0,0
2026-08-31 12:15:00+00:00,urn:ngsi-ld:Building:PUNE:BLD-PHOENIX-01,5060.98,32.4,1,4853.59,4789.06,4323.79,2005.5,5298.81,2768.646666666667,4872.64,1516.2571251480672,-0.06540312923014287,-0.9978589232386035,0,0
2026-08-31 12:30:00+00:00,urn:ngsi-ld:Building:PUNE:BLD-PHOENIX-01,5209.2,33.0,1,4993.68,4824.13,4540.15,2102.15,5177.1,2924.9300000000003,5060.98,1552.267625493906,-0.13052619222005177,-0.9914448613738104,0,0
2026-08-31 12:45:00+00:00,urn:ngsi-ld:Building:PUNE:BLD-PHOENIX-01,4926.37,32.0,1,5007.01,4836.49,4519.84,1961.55,5287.17,3084.9595833333333,5209.2,1582.513915110127,-0.19509032201612792,-0.9807852804032305,0,0
2026-08-31 13:00:00+00:00,urn:ngsi-ld:Building:PUNE:BLD-PHOENIX-01,5005.8,32.8,1,5034.54,4872.64,4616.04,4357.64,5082.51,3244.3916666666664,5209.2,1566.5073077353911,-0.2588190451025208,-0.9659258262890683,0,0
2026-08-31 13:15:00+00:00,urn:ngsi-ld:Building:PUNE:BLD-PHOENIX-01,4853.59,32.6,1,5160.61,5060.98,4789.06,4323.79,5131.34,3403.3225,5209.2,1542.478989966837,-0.32143946530316153,-0.9469301294951057,0,0
2026-08-31 13:30:00+00:00,urn:ngsi-ld:Building:PUNE:BLD-PHOENIX-01,4993.68,33.2,1,5274.67,5209.2,4824.13,4540.15,5329.03,3557.7374999999997,5209.2,1491.5038274353626,-0.38268343236508967,-0.9238795325112868,0,0
2026-08-31 13:45:00+00:00,urn:ngsi-ld:Building:PUNE:BLD-PHOENIX-01,5007.01,33.4,1,5026.26,4926.37,4836.49,4519.84,5419.9,3718.5400000000004,5209.2,1425.4565835762457,-0.44228869021900147,-0.8968727415326883,0,0
2026-08-31 14:00:00+00:00,urn:ngsi-ld:Building:PUNE:BLD-PHOENIX-01,5034.54,32.8,1,5149.73,5005.8,4872.64,4616.04,5395.95,3874.8775,5209.2,1347.112807620188,-0.4999999999999997,-0.8660254037844388,0,0
2026-08-31 14:15:00+00:00,urn:ngsi-ld:Building:PUNE:BLD-PHOENIX-01,5160.61,33.6,1,4913.61,4853.59,5060.98,4789.06,5473.01,3997.2237499999997,5209.2,1311.6118748511485,-0.555570233019602,-0.8314696123025455,0,0
2026-08-31 14:30:00+00:00,urn:ngsi-ld:Building:PUNE:BLD-PHOENIX-01,5274.67,34.8,1,5049.01,4993.68,5209.2,4824.13,5460.26,4128.310416666666,5209.2,1261.0808900010782,-0.6087614290087207,-0.7933533402912352,0,0
2026-08-31 14:45:00+00:00,urn:ngsi-ld:Building:PUNE:BLD-PHOENIX-01,5026.26,33.8,1,4948.28,5007.01,4926.37,4836.49,5354.58,4261.74375,5274.67,1202.1178132338075,-0.6593458151000688,-0.7518398074789774,0,0
2026-08-31 15:00:00+00:00,urn:ngsi-ld:Building:PUNE:BLD-PHOENIX-01,5149.73,32.6,1,5022.6,5034.54,5005.8,4872.64,5514.52,4389.7225,5274.67,1105.4465596005184,-0.7071067811865471,-0.7071067811865479,0,0
2026-08-31 15:15:00+00:00,urn:ngsi-ld:Building:PUNE:BLD-PHOENIX-01,4913.61,32.8,1,4978.22,5160.61,4853.59,5060.98,5436.22,4518.809166666667,5274.67,996.0222141660981,-0.7518398074789773,-0.6593458151000691,0,0
2026-08-31 15:30:00+00:00,urn:ngsi-ld:Building:PUNE:BLD-PHOENIX-01,5049.01,33.2,1,4926.15,5274.67,4993.68,5209.2,5170.65,4639.980416666666,5274.67,841.9478240184516,-0.7933533402912349,-0.6087614290087209,0,0
2026-08-31 15:45:00+00:00,urn:ngsi-ld:Building:PUNE:BLD-PHOENIX-01,4948.28,32.5,1,4733.47,5026.26,5007.01,4926.37,5432.39,4762.76625,5274.67,648.3772552525494,-0.8314696123025452,-0.5555702330196022,0,0
2026-08-31 16:00:00+00:00,urn:ngsi-ld:Building:PUNE:BLD-PHOENIX-01,5022.6,33.5,1,4978.7,5149.73,5034.54,5005.8,5214.71,4887.213333333333,5274.67,254.09289066026057,-0.8660254037844385,-0.5000000000000004,0,0
2026-08-31 16:15:00+00:00,urn:ngsi-ld:Building:PUNE:BLD-PHOENIX-01,4978.22,31.7,1,4746.83,4913.61,5160.61,4853.59,5221.4,4914.92,5274.67,228.835553447818,-0.8968727415326883,-0.44228869021900136,0,0
2026-08-31 16:30:00+00:00,urn:ngsi-ld:Building:PUNE:BLD-PHOENIX-01,4926.15,32.5,1,4597.88,5049.01,5274.67,4993.68,5602.56,4942.187916666667,5274.67,191.2360949644209,-0.9238795325112868,-0.3826834323650895,0,0
2026-08-31 16:45:00+00:00,urn:ngsi-ld:Building:PUNE:BLD-PHOENIX-01,4733.47,30.9,1,4684.33,4948.28,5026.26,5007.01,5294.06,4958.27125,5274.67,171.12837465319532,-0.9469301294951056,-0.3214394653031618,0,0
2026-08-31 17:00:00+00:00,urn:ngsi-ld:Building:PUNE:BLD-PHOENIX-01,4978.7,31.5,1,4716.41,5022.6,5149.73,5034.54,4965.76,4967.1725,5274.67,151.79580693222564,-0.9659258262890683,-0.25881904510252063,0,0
2026-08-31 17:15:00+00:00,urn:ngsi-ld:Building:PUNE:BLD-PHOENIX-01,4746.83,30.5,1,4739.13,4978.22,4913.61,5160.61,4980.97,4982.283333333333,5274.67,132.09416880360817,-0.9807852804032303,-0.19509032201612866,0,0
2026-08-31 17:30:00+00:00,urn:ngsi-ld:Building:PUNE:BLD-PHOENIX-01,4597.88,31.1,1,4312.66,4926.15,5049.01,5274.67,5141.3,4980.523749999999,5274.67,135.02861296829178,-0.9914448613738104,-0.13052619222005163,0,0
2026-08-31 17:45:00+00:00,urn:ngsi-ld:Building:PUNE:BLD-PHOENIX-01,4684.33,30.9,1,4479.21,4733.47,4948.28,5026.26,5080.23,4971.096666666666,5274.67,153.10937581464623,-0.9978589232386035,-0.06540312923014273,0,0
2026-08-31 18:00:00+00:00,urn:ngsi-ld:Building:PUNE:BLD-PHOENIX-01,4716.41,30.0,1,4531.03,4978.7,5022.6,5149.73,4932.33,4964.756666666667,5274.67,161.82767728748826,-1.0,-1.8369701987210297e-16,0,0
2026-08-31 18:15:00+00:00,urn:ngsi-ld:Building:PUNE:BLD-PHOENIX-01,4739.13,29.9,1,4377.8,4746.83,4978.22,4913.61,4975.44,4958.247083333334,5274.67,168.690883815513,-0.9978589232386036,0.06540312923014237,0,0
2026-08-31 18:30:00+00:00,urn:ngsi-ld:Building:PUNE:BLD-PHOENIX-01,4312.66,27.3,1,4306.73,4597.88,4926.15,5049.01,4869.25,4944.836666666667,5274.67,172.90915306751037,-0.9914448613738105,0.13052619222005127,0,0
2026-08-31 18:45:00+00:00,urn:ngsi-ld:Building:PUNE:BLD-PHOENIX-01,4479.21,28.3,1,4246.41,4684.33,4733.47,4948.28,4630.93,4907.480833333333,5274.67,206.8303859797264,-0.9807852804032304,0.1950903220161283,0,0
2026-08-31 19:00:00+00:00,urn:ngsi-ld:Building:PUNE:BLD-PHOENIX-01,4531.03,27.9,1,4436.3,4716.41,4978.7,5022.6,4625.15,4888.849166666667,5274.67,224.44524528209413,-0.9659258262890684,0.2588190451025203,0,0
2026-08-31 19:15:00+00:00,urn:ngsi-ld:Building:PUNE:BLD-PHOENIX-01,4377.8,27.4,1,4058.94,4739.13,4746.83,4978.22,4537.89,4869.067083333333,5274.67,234.39148651779436,-0.9469301294951057,0.3214394653031615,0,0
2026-08-31 19:30:00+00:00,urn:ngsi-ld:Building:PUNE:BLD-PHOENIX-01,4306.73,25.4,1,4529.19,4312.66,4597.88,4926.15,4655.11,4849.2425,5274.67,254.97458990623767,-0.923879532511287,0.38268343236508917,0,0
2026-08-31 19:45:00+00:00,urn:ngsi-ld:Building:PUNE:BLD-PHOENIX-01,4246.41,26.1,1,4161.51,4479.21,4684.33,4733.47,4563.06,4820.619583333333,5274.67,275.7655008136013,-0.8968727415326884,0.442288690219001,0,0
2026-08-31 20:00:00+00:00,urn:ngsi-ld:Building:PUNE:BLD-PHOENIX-01,4436.3,25.6,1,4351.27,4531.03,4716.41,4978.7,4686.77,4788.9279166666665,5274.67,296.3504564294306,-0.8660254037844386,0.5000000000000001,0,0
2026-08-31 20:15:00+00:00,urn:ngsi-ld:Building:PUNE:BLD-PHOENIX-01,4058.94,24.7,1,4376.31,4377.8,4739.13,4746.83,4665.05,4764.00125,5274.67,299.9312720305654,-0.8314696123025455,0.5555702330196018,0,0
2026-08-31 20:30:00+00:00,urn:ngsi-ld:Building:PUNE:BLD-PHOENIX-01,4529.19,23.2,1,4384.49,4306.73,4312.66,4597.88,4723.82,4718.098333333333,5274.67,320.2101661839609,-0.7933533402912357,0.6087614290087199,0,0
2026-08-31 20:45:00+00:00,urn:ngsi-ld:Building:PUNE:BLD-PHOENIX-01,4161.51,23.1,1,4566.36,4246.41,4479.21,4684.33,4605.54,4687.036666666667,5149.73,299.3509754186222,-0.7518398074789772,0.6593458151000691,0,0
2026-08-31 21:00:00+00:00,urn:ngsi-ld:Building:PUNE:BLD-PHOENIX-01,4351.27,23.5,1,4199.87,4436.3,4531.03,4716.41,4694.44,4651.005416666666,5149.73,308.6436620748442,-0.7071067811865477,0.7071067811865474,0,0
2026-08-31 21:15:00+00:00,urn:ngsi-ld:Building:PUNE:BLD-PHOENIX-01,4376.31,22.8,1,2158.44,4058.94,4377.8,4739.13,4709.79,4617.73625,5049.01,295.2929234243123,-0.6593458151000687,0.7518398074789775,0,0
2026-08-31 21:30:00+00:00,urn:ngsi-ld:Building:PUNE:BLD-PHOENIX-01,4384.49,21.8,1,2009.47,4529.19,4306.73,4312.66,4727.78,4595.34875,5049.01,292.2378794944839,-0.608761429008721,0.7933533402912349,0,0
2026-08-31 21:45:00+00:00,urn:ngsi-ld:Building:PUNE:BLD-PHOENIX-01,4566.36,21.4,1,2138.14,4161.51,4246.41,4479.21,4724.55,4567.660416666667,5022.6,278.54606443617325,-0.555570233019603,0.8314696123025447,0,0
2026-08-31 22:00:00+00:00,urn:ngsi-ld:Building:PUNE:BLD-PHOENIX-01,4199.87,20.9,1,1978.75,4351.27,4436.3,4531.03,4573.57,4551.747083333334,5022.6,266.50513771834034,-0.5000000000000004,0.8660254037844384,0,0
2026-08-31 22:15:00+00:00,urn:ngsi-ld:Building:PUNE:BLD-PHOENIX-01,2158.44,20.1,0,2020.92,4376.31,4058.94,4377.8,2196.63,4517.466666666666,4978.7,256.0134353924927,-0.4422886902190014,0.8968727415326883,0,0
2026-08-31 22:30:00+00:00,urn:ngsi-ld:Building:PUNE:BLD-PHOENIX-01,2009.47,20.0,0,1965.45,4384.49,4529.19,4306.73,1887.12,4399.975833333333,4978.7,532.7900760101866,-0.38268343236508956,0.9238795325112868,0,0
2026-08-31 22:45:00+00:00,urn:ngsi-ld:Building:PUNE:BLD-PHOENIX-01,2138.14,19.4,0,1208.7,4566.36,4161.51,4246.41,2123.33,4278.4475,4978.7,710.5448223003492,-0.32143946530316186,0.9469301294951056,0,0
2026-08-31 23:00:00+00:00,urn:ngsi-ld:Building:PUNE:BLD-PHOENIX-01,1978.75,19.8,0,1203.14,4199.87,4351.27,4436.3,2001.35,4170.30875,4978.7,826.3412207215565,-0.25881904510252157,0.9659258262890681,0,0
2026-08-31 23:15:00+00:00,urn:ngsi-ld:Building:PUNE:BLD-PHOENIX-01,2020.92,17.4,0,1251.27,2158.44,4376.31,4058.94,1950.51,4045.310833333333,4746.83,920.2967749586415,-0.19509032201612872,0.9807852804032303,0,0
2026-08-31 23:30:00+00:00,urn:ngsi-ld:Building:PUNE:BLD-PHOENIX-01,1965.45,17.0,0,1274.83,2009.47,4384.49,4529.19,2070.08,3931.7312500000003,4739.13,995.1225164873449,-0.13052619222005168,0.9914448613738104,0,0
2026-08-31 23:45:00+00:00,urn:ngsi-ld:Building:PUNE:BLD-PHOENIX-01,1208.7,15.2,0,1276.53,2138.14,4566.36,4161.51,1297.15,3822.0466666666666,4739.13,1061.3763364476374,-0.0654031292301428,0.9978589232386035,0,0
2026-09-01 00:00:00+00:00,urn:ngsi-ld:Building:PUNE:BLD-PHOENIX-01,1203.14,16.7,0,1255.31,1978.75,4199.87,4351.27,1268.86,3677.22875,4739.13,1170.1480488208438,0.0,1.0,1,0
2026-09-01 00:15:00+00:00,urn:ngsi-ld:Building:PUNE:BLD-PHOENIX-01,1251.27,17.3,0,1284.8,2020.92,2158.44,4376.31,1225.38,3530.8425,4739.13,1251.4268646429098,0.06540312923014306,0.9978589232386035,1,0
2026-09-01 00:30:00+00:00,urn:ngsi-ld:Building:PUNE:BLD-PHOENIX-01,1274.83,16.5,0,1288.47,1965.45,2009.47,4384.49,1260.22,3385.515,4566.36,1306.3257744961716,0.13052619222005157,0.9914448613738104,1,0
2026-09-01 00:45:00+00:00,urn:ngsi-ld:Building:PUNE:BLD-PHOENIX-01,1276.53,16.0,0,1224.31,1208.7,2138.14,4566.36,1323.39,3258.93875,4566.36,1358.7090717528758,0.19509032201612825,0.9807852804032304,1,0
2026-09-01 01:00:00+00:00,urn:ngsi-ld:Building:PUNE:BLD-PHOENIX-01,1255.31,16.0,0,1369.49,1203.14,1978.75,4199.87,1254.2,3125.4937499999996,4566.36,1390.5516383351612,0.25881904510252074,0.9659258262890683,1,0
2026-09-01 01:15:00+00:00,urn:ngsi-ld:Building:PUNE:BLD-PHOENIX-01,1284.8,15.3,0,1251.11,1251.27,2020.92,2158.44,1256.43,2989.0054166666664,4566.36,1407.25660185364,0.3214394653031616,0.9469301294951057,1,0
2026-09-01 01:30:00+00:00,urn:ngsi-ld:Building:PUNE:BLD-PHOENIX-01,1288.47,14.7,0,1299.09,1274.83,1965.45,2009.47,1268.35,2860.1304166666664,4566.36,1416.1412916503677,0.3826834323650898,0.9238795325112867,1,0
2026-09-01 01:45:00+00:00,urn:ngsi-ld:Building:PUNE:BLD-PHOENIX-01,1224.31,16.0,0,1389.64,1276.53,1208.7,2138.14,1200.24,2734.369583333333,4566.36,1416.108858043834,0.44228869021900125,0.8968727415326884,1,0
2026-09-01 02:00:00+00:00,urn:ngsi-ld:Building:PUNE:BLD-PHOENIX-01,1369.49,14.8,0,1344.97,1255.31,1203.14,1978.75,1351.5,2608.44875,4566.36,1410.1626058453012,0.49999999999999994,0.8660254037844387,1,0
2026-09-01 02:15:00+00:00,urn:ngsi-ld:Building:PUNE:BLD-PHOENIX-01,1251.11,15.2,0,1102.51,1284.8,1251.27,2020.92,1472.1,2480.665,4566.36,1375.8623751479563,0.5555702330196022,0.8314696123025452,1,0
2026-09-01 02:30:00+00:00,urn:ngsi-ld:Building:PUNE:BLD-PHOENIX-01,1299.09,13.1,0,1246.81,1288.47,1274.83,1965.45,1280.79,2363.6720833333334,4566.36,1355.0436321259112,0.6087614290087207,0.7933533402912352,1,0
2026-09-01 02:45:00+00:00,urn:ngsi-ld:Building:PUNE:BLD-PHOENIX-01,1389.64,13.2,0,1258.04,1224.31,1276.53,1208.7,1216.61,2229.0845833333333,4566.36,1289.4291071632285,0.6593458151000688,0.7518398074789774,1,0
2026-09-01 03:00:00+00:00,urn:ngsi-ld:Building:PUNE:BLD-PHOENIX-01,1344.97,14.7,0,1329.28,1369.49,1255.31,1203.14,1330.4,2113.5899999999997,4566.36,1231.6601373755416,0.7071067811865476,0.7071067811865476,1,0
2026-09-01 03:15:00+00:00,urn:ngsi-ld:Building:PUNE:BLD-PHOENIX-01,1102.51,14.1,0,1330.17,1251.11,1284.8,1251.27,1369.62,1988.3275,4566.36,1143.9383198302348,0.7518398074789774,0.6593458151000688,1,0
2026-09-01 03:30:00+00:00,urn:ngsi-ld:Building:PUNE:BLD-PHOENIX-01,1246.81,15.0,0,1231.94,1299.09,1288.47,1274.83,1218.44,1851.9191666666666,4566.36,1036.9965169448385,0.7933533402912352,0.6087614290087207,1,0
2026-09-01 03:45:00+00:00,urn:ngsi-ld:Building:PUNE:BLD-PHOENIX-01,1258.04,14.7,0,1232.08,1389.64,1224.31,1276.53,1287.45,1721.1825,4566.36,891.392489190204,0.8314696123025451,0.5555702330196024,1,0
2026-09-01 04:00:00+00:00,urn:ngsi-ld:Building:PUNE:BLD-PHOENIX-01,1329.28,16.9,0,1157.87,1344.97,1369.49,1255.31,1184.04,1583.3358333333333,4199.87,657.3589512978203,0.8660254037844386,0.5000000000000001,1,0
2026-09-01 04:15:00+00:00,urn:ngsi-ld:Building:PUNE:BLD-PHOENIX-01,1330.17,16.1,0,1184.28,1102.51,1251.11,1284.8,1338.97,1463.7279166666667,2158.44,349.7655252602883,0.8968727415326884,0.44228869021900125,1,0
2026-09-01 04:30:00+00:00,urn:ngsi-ld:Building:PUNE:BLD-PHOENIX-01,1231.94,16.7,0,1321.2,1246.81,1299.09,1288.47,1262.1,1429.2166666666665,2138.14,317.6239522872645,0.9238795325112867,0.38268343236508984,1,0
2026-09-01 04:45:00+00:00,urn:ngsi-ld:Building:PUNE:BLD-PHOENIX-01,1232.08,14.9,0,1309.05,1258.04,1389.64,1224.31,1319.49,1396.8195833333332,2138.14,294.6913547288205,0.9469301294951056,0.3214394653031617,1,0
2026-09-01 05:00:00+00:00,urn:ngsi-ld:Building:PUNE:BLD-PHOENIX-01,1157.87,17.0,0,1268.77,1329.28,1344.97,1369.49,1147.82,1359.0670833333334,2020.92,250.28384014726723,0.9659258262890683,0.25881904510252074,1,0
2026-09-01 05:15:00+00:00,urn:ngsi-ld:Building:PUNE:BLD-PHOENIX-01,1184.28,16.8,0,1100.0,1330.17,1102.51,1251.11,1307.09,1324.86375,2020.92,215.60456270485457,0.9807852804032304,0.19509032201612833,1,0
2026-09-01 05:30:00+00:00,urn:ngsi-ld:Building:PUNE:BLD-PHOENIX-01,1321.2,18.2,0,1280.78,1231.94,1246.81,1299.09,1173.1,1290.0037499999999,1965.45,158.15055413179533,0.9914448613738104,0.1305261922200517,1,0
2026-09-01 05:45:00+00:00,urn:ngsi-ld:Building:PUNE:BLD-PHOENIX-01,1309.05,18.1,0,1399.28,1232.08,1258.04,1389.64,1179.33,1263.16,1389.64,66.82821332014367,0.9978589232386035,0.06540312923014327,1,0
2026-09-01 06:00:00+00:00,urn:ngsi-ld:Building:PUNE:BLD-PHOENIX-01,1268.77,18.2,0,1155.19,1157.87,1329.28,1344.97,1160.32,1267.34125,1389.64,66.41066057050321,1.0,6.123233995736766e-17,1,0
2026-09-01 06:15:00+00:00,urn:ngsi-ld:Building:PUNE:BLD-PHOENIX-01,1100.0,18.0,0,1295.63,1184.28,1330.17,1102.51,1310.18,1270.0758333333333,1389.64,64.98809736548716,0.9978589232386035,-0.06540312923014314,1,0
2026-09-01 06:30:00+00:00,urn:ngsi-ld:Building:PUNE:BLD-PHOENIX-01,1280.78,19.3,0,1390.61,1321.2,1231.94,1246.81,1368.49,1263.7729166666666,1389.64,73.64961167398859,0.9914448613738104,-0.1305261922200516,1,0
2026-09-01 06:45:00+00:00,urn:ngsi-ld:Building:PUNE:BLD-PHOENIX-01,1399.28,20.5,0,1213.16,1309.05,1232.08,1258.04,1100.0,1264.0208333333333,1389.64,73.6984480342979,0.9807852804032304,-0.1950903220161282,1,0
2026-09-01 07:00:00+00:00,urn:ngsi-ld:Building:PUNE:BLD-PHOENIX-01,1155.19,21.3,0,2124.95,1268.77,1157.87,1329.28,1191.46,1269.1354166666667,1399.28,78.69433336700497,0.9659258262890683,-0.25881904510252063,1,0
2026-09-01 07:15:00+00:00,urn:ngsi-ld:Building:PUNE:BLD-PHOENIX-01,1295.63,20.7,0,2027.35,1100.0,1184.28,1330.17,1147.63,1264.96375,1399.28,82.04163973528316,0.9469301294951057,-0.3214394653031616,1,0
2026-09-01 07:30:00+00:00,urn:ngsi-ld:Building:PUNE:BLD-PHOENIX-01,1390.61,23.1,0,2201.33,1280.78,1321.2,1231.94,1134.42,1265.415,1399.28,82.18514622959609,0.9238795325112868,-0.3826834323650895,1,0
2026-09-01 07:45:00+00:00,urn:ngsi-ld:Building:PUNE:BLD-PHOENIX-01,1213.16,22.8,0,1818.27,1399.28,1309.05,1232.08,1254.91,1269.6708333333333,1399.28,85.9875431274732,0.8968727415326884,-0.44228869021900113,1,0
2026-09-01 08:00:00+00:00,urn:ngsi-ld:Building:PUNE:BLD-PHOENIX-01,2124.95,22.2,0,1983.59,1155.19,1268.77,1157.87,2098.23,1269.20625,1399.28,86.27292717589685,0.8660254037844387,-0.4999999999999998,1,0
2026-09-01 08:15:00+00:00,urn:ngsi-ld:Building:PUNE:BLD-PHOENIX-01,2027.35,22.7,0,2041.76,1295.63,1100.0,1184.28,2014.53,1300.68375,2124.95,194.45016754724264,0.8314696123025451,-0.5555702330196023,1,0
2026-09-01 08:30:00+00:00,urn:ngsi-ld:Building:PUNE:BLD-PHOENIX-01,2201.33,23.9,0,2125.08,1390.61,1280.78,1321.2,2072.27,1333.0270833333334,2124.95,244.07144795823024,0.7933533402912352,-0.6087614290087207,1,0
2026-09-01 08:45:00+00:00,urn:ngsi-ld:Building:PUNE:BLD-PHOENIX-01,1818.27,24.4,0,2000.88,1213.16,1399.28,1309.05,1954.77,1370.6204166666666,2201.33,301.3743930218654,0.7518398074789774,-0.6593458151000688,1,0
2026-09-01 09:00:00+00:00,urn:ngsi-ld:Building:PUNE:BLD-PHOENIX-01,1983.59,25.5,0,4411.94,2124.95,1155.19,1268.77,2051.65,1388.4799999999998,2201.33,314.94535905648564,0.7071067811865476,-0.7071067811865475,1,0
2026-09-01 09:15:00+00:00,urn:ngsi-ld:Building:PUNE:BLD-PHOENIX-01,2041.76,25.9,0,4440.71,2027.35,1295.63,1100.0,2005.5,1415.0891666666666,2201.33,337.2944119325573,0.659345815100069,-0.7518398074789773,1,0
2026-09-01 09:30:00+00:00,urn:ngsi-ld:Building:PUNE:BLD-PHOENIX-01,2125.08,26.3,0,4624.47,2201.33,1390.61,1280.78,2102.15,1454.2245833333334,2201.33,353.547587670403,0.6087614290087209,-0.793353340291235,1,0
2026-09-01 09:45:00+00:00,urn:ngsi-ld:Building:PUNE:BLD-PHOENIX-01,2000.88,26.1,0,4543.73,1818.27,1213.16,1399.28,1961.55,1490.819166666667,2201.33,375.892669763327,0.5555702330196025,-0.831469612302545,1,0
2026-09-01 10:00:00+00:00,urn:ngsi-ld:Building:PUNE:BLD-PHOENIX-01,4411.94,28.0,1,4584.88,1983.59,2124.95,1155.19,4357.64,1521.7708333333333,2201.33,386.3303192629367,0.49999999999999994,-0.8660254037844387,1,0
2026-09-01 10:15:00+00:00,urn:ngsi-ld:Building:PUNE:BLD-PHOENIX-01,4440.71,27.2,1,4553.92,2041.76,2027.35,1295.63,4323.79,1650.2150000000001,4411.94,702.5683025622063,0.4422886902190017,-0.8968727415326881,1,0
2026-09-01 10:30:00+00:00,urn:ngsi-ld:Building:PUNE:BLD-PHOENIX-01,4624.47,29.4,1,4729.61,2125.08,2201.33,1390.61,4540.15,1779.8208333333334,4440.71,900.1000057670318,0.3826834323650899,-0.9238795325112867,1,0
2026-09-01 10:45:00+00:00,urn:ngsi-ld:Building:PUNE:BLD-PHOENIX-01,4543.73,28.1,1,4837.86,2000.88,1818.27,1213.16,4519.84,1921.1762500000002,4624.47,1062.1234565709867,0.32143946530316175,-0.9469301294951056,1,0
2026-09-01 11:00:00+00:00,urn:ngsi-ld:Building:PUNE:BLD-PHOENIX-01,4584.88,28.8,1,4934.08,4411.94,1983.59,2124.95,4616.04,2059.1616666666664,4624.47,1177.5512280138971,0.258819045102521,-0.9659258262890682,1,0
2026-09-01 11:15:00+00:00,urn:ngsi-ld:Building:PUNE:BLD-PHOENIX-01,4553.92,29.7,1,4866.51,4440.71,2041.76,2027.35,4789.06,2201.95375,4624.47,1267.8292833432495,0.19509032201612816,-0.9807852804032304,1,0
2026-09-01 11:30:00+00:00,urn:ngsi-ld:Building:PUNE:BLD-PHOENIX-01,4729.61,30.5,1,4734.87,4624.47,2125.08,2201.33,4824.13,2342.3554166666668,4624.47,1335.0293502195334,0.130526192220052,-0.9914448613738104,1,0
2026-09-01 11:45:00+00:00,urn:ngsi-ld:Building:PUNE:BLD-PHOENIX-01,4837.86,30.8,1,4971.21,4543.73,2000.88,1818.27,4836.49,2484.3725,4729.61,1401.3215971771672,0.06540312923014312,-0.9978589232386035,1,0
2026-09-01 12:00:00+00:00,urn:ngsi-ld:Building:PUNE:BLD-PHOENIX-01,4934.08,31.3,1,4799.76,4584.88,4411.94,1983.59,4872.64,2631.40625,4837.86,1456.6760449252924,1.2246467991473532e-16,-1.0,1,0
2026-09-01 12:15:00+00:00,urn:ngsi-ld:Building:PUNE:BLD-PHOENIX-01,4866.51,32.1,1,5127.04,4553.92,4440.71,2041.76,5060.98,2784.1275,4934.08,1499.12402568748,-0.06540312923014287,-0.9978589232386035,1,0
2026-09-01 12:30:00+00:00,urn:ngsi-ld:Building:PUNE:BLD-PHOENIX-01,4734.87,31.7,1,4805.85,4729.61,4624.47,2125.08,5209.2,2941.065416666667,4934.08,1512.2470845472048,-0.13052619222005177,-0.9914448613738104,1,0
2026-09-01 12:45:00+00:00,urn:ngsi-ld:Building:PUNE:BLD-PHOENIX-01,4971.21,32.7,1,5281.99,4837.86,4543.73,2000.88,4926.37,3084.9858333333336,4934.08,1511.7305340595387,-0.19509032201612792,-0.9807852804032305,1,0
2026-09-01 13:00:00+00:00,urn:ngsi-ld:Building:PUNE:BLD-PHOENIX-01,4799.76,31.4,1,4976.7,4934.08,4584.88,4411.94,5005.8,3233.81625,4971.21,1514.3831775628314,-0.2588190451025208,-0.9659258262890683,1,0
2026-09-01 13:15:00+00:00,urn:ngsi-ld:Building:PUNE:BLD-PHOENIX-01,5127.04,32.5,1,4916.61,4866.51,4553.92,4440.71,4853.59,3385.6733333333336,4971.21,1479.207137300438,-0.32143946530316153,-0.9469301294951057,1,0
2026-09-01 13:30:00+00:00,urn:ngsi-ld:Building:PUNE:BLD-PHOENIX-01,4805.85,32.2,1,4942.41,4734.87,4729.61,4624.47,4993.68,3545.3154166666664,5127.04,1450.3021997530366,-0.38268343236508967,-0.9238795325112868,1,0
2026-09-01 13:45:00+00:00,urn:ngsi-ld:Building:PUNE:BLD-PHOENIX-01,5281.99,34.0,1,5160.71,4971.21,4837.86,4543.73,5007.01,3687.617083333333,5127.04,1396.234944772603,-0.44228869021900147,-0.8968727415326883,1,0
2026-09-01 14:00:00+00:00,urn:ngsi-ld:Building:PUNE:BLD-PHOENIX-01,4976.7,33.0,1,5202.83,4799.76,4934.08,4584.88,5034.54,3857.1516666666666,5281.99,1328.0770051098098,-0.4999999999999997,-0.8660254037844388,1,0
2026-09-01 14:15:00+00:00,urn:ngsi-ld:Building:PUNE:BLD-PHOENIX-01,4916.61,33.8,1,5167.08,5127.04,4866.51,4553.92,5160.61,3975.974583333333,5281.99,1293.481127550862,-0.555570233019602,-0.8314696123025455,1,0
2026-09-01 14:30:00+00:00,urn:ngsi-ld:Building:PUNE:BLD-PHOENIX-01,4942.41,32.4,1,5232.21,4805.85,4734.87,4729.61,5274.67,4096.360416666667,5281.99,1237.476044143988,-0.6087614290087207,-0.7933533402912352,1,0
2026-09-01 14:45:00+00:00,urn:ngsi-ld:Building:PUNE:BLD-PHOENIX-01,5160.71,34.4,1,5032.11,5281.99,4971.21,4837.86,5026.26,4210.5720833333335,5281.99,1180.1358871314246,-0.6593458151000688,-0.7518398074789774,1,0
2026-09-01 15:00:00+00:00,urn:ngsi-ld:Building:PUNE:BLD-PHOENIX-01,5202.83,33.5,1,4953.81,4976.7,4799.76,4934.08,5149.73,4349.840416666667,5281.99,1078.3790801757498,-0.7071067811865471,-0.7071067811865479,1,0
2026-09-01 15:15:00+00:00,urn:ngsi-ld:Building:PUNE:BLD-PHOENIX-01,5167.08,34.6,1,4877.08,4916.61,5127.04,4866.51,4913.61,4483.975416666667,5281.99,965.567428811908,-0.7518398074789773,-0.6593458151000691,1,0
2026-09-01 15:30:00+00:00,urn:ngsi-ld:Building:PUNE:BLD-PHOENIX-01,5232.21,33.2,1,4909.56,4942.41,4805.85,4734.87,5049.01,4614.1970833333335,5281.99,821.9436646699935,-0.7933533402912349,-0.6087614290087209,1,0
2026-09-01 15:45:00+00:00,urn:ngsi-ld:Building:PUNE:BLD-PHOENIX-01,5032.11,32.1,1,4969.75,5160.71,5281.99,4971.21,4948.28,4743.660833333333,5281.99,636.6548901530688,-0.8314696123025452,-0.5555702330196022,1,0
2026-09-01 16:00:00+00:00,urn:ngsi-ld:Building:PUNE:BLD-PHOENIX-01,4953.81,32.2,1,4930.84,5202.83,4976.7,4799.76,5022.6,4869.962083333333,5281.99,255.38423009741587,-0.8660254037844385,-0.5000000000000004,1,0
2026-09-01 16:15:00+00:00,urn:ngsi-ld:Building:PUNE:BLD-PHOENIX-01,4877.08,32.4,1,4829.61,5167.08,4916.61,5127.04,4978.22,4892.54,5281.99,236.37639137617546,-0.8968727415326883,-0.44228869021900136,1,0
2026-09-01 16:30:00+00:00,urn:ngsi-ld:Building:PUNE:BLD-PHOENIX-01,4909.56,31.6,1,5081.39,5232.21,4942.41,4805.85,4926.15,4910.722083333333,5281.99,216.016495967963,-0.9238795325112868,-0.3826834323650895,1,0
2026-09-01 16:45:00+00:00,urn:ngsi-ld:Building:PUNE:BLD-PHOENIX-01,4969.75,32.5,1,4655.87,5032.11,5160.71,5281.99,4733.47,4922.600833333333,5281.99,207.25184140199198,-0.9469301294951056,-0.3214394653031618,1,0
2026-09-01 17:00:00+00:00,urn:ngsi-ld:Building:PUNE:BLD-PHOENIX-01,4930.84,31.6,1,4800.95,4953.81,5202.83,4976.7,4978.7,4940.3516666666665,5281.99,190.99786228417744,-0.9659258262890683,-0.25881904510252063,1,0
2026-09-01 17:15:00+00:00,urn:ngsi-ld:Building:PUNE:BLD-PHOENIX-01,4829.61,30.6,1,4536.74,4877.08,5167.08,4916.61,4746.83,4954.766666666667,5281.99,175.42340961400865,-0.9807852804032303,-0.19509032201612866,1,0
2026-09-01 17:30:00+00:00,urn:ngsi-ld:Building:PUNE:BLD-PHOENIX-01,5081.39,31.2,1,4509.97,4909.56,5232.21,4942.41,4597.88,4966.253750000001,5281.99,155.9831147164824,-0.9914448613738104,-0.13052619222005163,1,0
2026-09-01 17:45:00+00:00,urn:ngsi-ld:Building:PUNE:BLD-PHOENIX-01,4655.87,30.0,1,4468.38,4969.75,5032.11,5160.71,4684.33,4980.91125,5281.99,149.15803029921872,-0.9978589232386035,-0.06540312923014273,1,0
2026-09-01 18:00:00+00:00,urn:ngsi-ld:Building:PUNE:BLD-PHOENIX-01,4800.95,30.2,1,4434.36,4930.84,4953.81,5202.83,4716.41,4973.328333333334,5281.99,160.90975774096782,-1.0,-1.8369701987210297e-16,1,0
2026-09-01 18:15:00+00:00,urn:ngsi-ld:Building:PUNE:BLD-PHOENIX-01,4536.74,29.0,1,4167.92,4829.61,4877.08,5167.08,4739.13,4967.78125,5281.99,164.57458043234212,-0.9978589232386036,0.06540312923014237,1,0
2026-09-01 18:30:00+00:00,urn:ngsi-ld:Building:PUNE:BLD-PHOENIX-01,4509.97,29.1,1,4225.25,5081.39,4909.56,5232.21,4312.66,4954.0408333333335,5281.99,185.79555664456873,-0.9914448613738105,0.13052619222005127,1,0
2026-09-01 18:45:00+00:00,urn:ngsi-ld:Building:PUNE:BLD-PHOENIX-01,4468.38,28.0,1,4237.06,4655.87,4969.75,5032.11,4479.21,4944.67,5281.99,202.27137328895117,-0.9807852804032304,0.1950903220161283,1,0
2026-09-01 19:00:00+00:00,urn:ngsi-ld:Building:PUNE:BLD-PHOENIX-01,4434.36,28.2,1,4276.46,4800.95,4930.84,4953.81,4531.03,4923.71875,5281.99,224.25026487920437,-0.9659258262890684,0.2588190451025203,1,0
2026-09-01 19:15:00+00:00,urn:ngsi-ld:Building:PUNE:BLD-PHOENIX-01,4167.92,25.9,1,4475.64,4536.74,4829.61,4877.08,4377.8,4908.49375,5281.99,244.52004179999474,-0.9469301294951057,0.3214394653031615,1,0
2026-09-01 19:30:00+00:00,urn:ngsi-ld:Building:PUNE:BLD-PHOENIX-01,4225.25,25.7,1,4351.53,4509.97,5081.39,4909.56,4306.73,4868.5304166666665,5281.99,282.652694623812,-0.923879532511287,0.38268343236508917,1,0
2026-09-01 19:45:00+00:00,urn:ngsi-ld:Building:PUNE:BLD-PHOENIX-01,4237.06,25.8,1,4308.84,4468.38,4655.87,4969.75,4246.41,4844.33875,5281.99,311.6131751318971,-0.8968727415326884,0.442288690219001,1,0
2026-09-01 20:00:00+00:00,urn:ngsi-ld:Building:PUNE:BLD-PHOENIX-01,4276.46,24.8,1,4405.5,4434.36,4800.95,4930.84,4436.3,4800.8,5232.21,320.67304550439496,-0.8660254037844386,0.5000000000000001,1,0
2026-09-01 20:15:00+00:00,urn:ngsi-ld:Building:PUNE:BLD-PHOENIX-01,4475.64,24.4,1,4353.47,4167.92,4536.74,4829.61,4058.94,4771.623333333333,5232.21,335.4865775280268,-0.8314696123025455,0.5555702330196018,1,0
2026-09-01 20:30:00+00:00,urn:ngsi-ld:Building:PUNE:BLD-PHOENIX-01,4351.53,24.4,1,4370.11,4225.25,4509.97,5081.39,4529.19,4753.249583333333,5232.21,339.2550235247731,-0.7933533402912357,0.6087614290087199,1,0
2026-09-01 20:45:00+00:00,urn:ngsi-ld:Building:PUNE:BLD-PHOENIX-01,4308.84,23.1,1,4323.39,4237.06,4468.38,4655.87,4161.51,4728.629583333333,5232.21,346.297862960691,-0.7518398074789772,0.6593458151000691,1,0
2026-09-01 21:00:00+00:00,urn:ngsi-ld:Building:PUNE:BLD-PHOENIX-01,4405.5,23.0,1,4266.28,4276.46,4434.36,4800.95,4351.27,4693.135,5232.21,343.73295148872165,-0.7071067811865477,0.7071067811865474,1,0
2026-09-01 21:15:00+00:00,urn:ngsi-ld:Building:PUNE:BLD-PHOENIX-01,4353.47,21.6,1,2046.6,4475.64,4167.92,4536.74,4376.31,4659.912916666667,5232.21,330.60943732395407,-0.6593458151000687,0.7518398074789775,1,0
2026-09-01 21:30:00+00:00,urn:ngsi-ld:Building:PUNE:BLD-PHOENIX-01,4370.11,20.3,1,2039.14,4351.53,4225.25,4509.97,4384.49,4626.0125,5232.21,317.80954741523504,-0.608761429008721,0.7933533402912349,1,0
2026-09-01 21:45:00+00:00,urn:ngsi-ld:Building:PUNE:BLD-PHOENIX-01,4323.39,21.4,1,2130.56,4308.84,4237.06,4468.38,4566.36,4590.091666666666,5081.39,294.15392480022604,-0.555570233019603,0.8314696123025447,1,0
2026-09-01 22:00:00+00:00,urn:ngsi-ld:Building:PUNE:BLD-PHOENIX-01,4266.28,21.5,1,2049.79,4405.5,4276.46,4434.36,4199.87,4560.561666666667,5081.39,283.22147535358823,-0.5000000000000004,0.8660254037844384,1,0
2026-09-01 22:15:00+00:00,urn:ngsi-ld:Building:PUNE:BLD-PHOENIX-01,2046.6,19.9,0,1983.33,4353.47,4475.64,4167.92,2158.44,4531.914583333334,5081.39,276.40494968167195,-0.4422886902190014,0.8968727415326883,1,0
2026-09-01 22:30:00+00:00,urn:ngsi-ld:Building:PUNE:BLD-PHOENIX-01,2039.14,19.2,0,1977.61,4370.11,4351.53,4225.25,2009.47,4413.977916666667,5081.39,570.3174192384316,-0.38268343236508956,0.9238795325112868,1,0
2026-09-01 22:45:00+00:00,urn:ngsi-ld:Building:PUNE:BLD-PHOENIX-01,2130.56,18.8,0,1460.01,4323.39,4308.84,4237.06,2138.14,4294.377083333334,5081.39,738.1520390959872,-0.32143946530316186,0.9469301294951056,1,0
2026-09-01 23:00:00+00:00,urn:ngsi-ld:Building:PUNE:BLD-PHOENIX-01,2049.79,19.0,0,1100.0,4266.28,4405.5,4276.46,1978.75,4176.0775,5081.39,844.9871301939934,-0.25881904510252157,0.9659258262890681,1,0
2026-09-01 23:15:00+00:00,urn:ngsi-ld:Building:PUNE:BLD-PHOENIX-01,1983.33,18.2,0,1367.03,2046.6,4353.47,4475.64,2020.92,4056.03375,5081.39,933.1492916058263,-0.19509032201612872,0.9807852804032303,1,0
2026-09-01 23:30:00+00:00,urn:ngsi-ld:Building:PUNE:BLD-PHOENIX-01,1977.61,17.7,0,1273.65,2039.14,4370.11,4351.53,1965.45,3937.43875,5081.39,1008.3947823766504,-0.13052619222005168,0.9914448613738104,1,0
2026-09-01 23:45:00+00:00,urn:ngsi-ld:Building:PUNE:BLD-PHOENIX-01,1460.01,17.5,0,1296.02,2130.56,4323.39,4308.84,1208.7,3808.1145833333335,4800.95,1053.3320084131292,-0.0654031292301428,0.9978589232386035,1,0
2026-09-02 00:00:00+00:00,urn:ngsi-ld:Building:PUNE:BLD-PHOENIX-01,1100.0,16.4,0,1337.35,2049.79,4266.28,4405.5,1203.14,3674.95375,4800.95,1139.9472502243293,0.0,1.0,2,0
2026-09-02 00:15:00+00:00,urn:ngsi-ld:Building:PUNE:BLD-PHOENIX-01,1367.03,15.8,0,1284.09,1983.33,2046.6,4353.47,1251.27,3520.7475,4536.74,1227.9329309054942,0.06540312923014306,0.9978589232386035,2,0
2026-09-02 00:30:00+00:00,urn:ngsi-ld:Building:PUNE:BLD-PHOENIX-01,1273.65,16.1,0,1220.82,1977.61,2039.14,4370.11,1274.83,3388.67625,4509.97,1283.1258410677187,0.13052619222005157,0.9914448613738104,2,0
2026-09-02 00:45:00+00:00,urn:ngsi-ld:Building:PUNE:BLD-PHOENIX-01,1296.02,16.1,0,1412.14,1460.01,2130.56,4323.39,1276.53,3253.8295833333327,4475.64,1329.3853377390044,0.19509032201612825,0.9807852804032304,2,0
2026-09-02 01:00:00+00:00,urn:ngsi-ld:Building:PUNE:BLD-PHOENIX-01,1337.35,16.0,0,1326.46,1100.0,2049.79,4266.28,1255.31,3121.647916666667,4475.64,1360.7169061611728,0.25881904510252074,0.9659258262890683,2,0
2026-09-02 01:15:00+00:00,urn:ngsi-ld:Building:PUNE:BLD-PHOENIX-01,1284.09,15.9,0,1194.28,1367.03,1983.33,2046.6,1284.8,2992.6058333333335,4475.64,1377.561217602587,0.3214394653031616,0.9469301294951057,2,0
2026-09-02 01:30:00+00:00,urn:ngsi-ld:Building:PUNE:BLD-PHOENIX-01,1220.82,15.4,0,1386.42,1273.65,1977.61,2039.14,1288.47,2872.4462500000004,4475.64,1396.231979616096,0.3826834323650898,0.9238795325112867,2,0
2026-09-02 01:45:00+00:00,urn:ngsi-ld:Building:PUNE:BLD-PHOENIX-01,1412.14,14.3,0,1100.0,1296.02,1460.01,2130.56,1224.31,2747.2616666666668,4475.64,1404.3310183102726,0.44228869021900125,0.8968727415326884,2,0
2026-09-02 02:00:00+00:00,urn:ngsi-ld:Building:PUNE:BLD-PHOENIX-01,1326.46,14.7,0,1419.32,1337.35,1100.0,2049.79,1369.49,2629.556666666667,4475.64,1392.3688383928643,0.49999999999999994,0.8660254037844387,2,0
2026-09-02 02:15:00+00:00,urn:ngsi-ld:Building:PUNE:BLD-PHOENIX-01,1194.28,14.6,0,1100.0,1284.09,1367.03,1983.33,1251.11,2506.64,4475.64,1370.703703047373,0.5555702330196022,0.8314696123025452,2,0
2026-09-02 02:30:00+00:00,urn:ngsi-ld:Building:PUNE:BLD-PHOENIX-01,1386.42,14.5,0,1314.83,1220.82,1273.65,1977.61,1299.09,2369.9166666666665,4405.5,1328.7743297806476,0.6087614290087207,0.7933533402912352,2,0
2026-09-02 02:45:00+00:00,urn:ngsi-ld:Building:PUNE:BLD-PHOENIX-01,1100.0,14.9,0,1214.72,1412.14,1296.02,1460.01,1389.64,2246.3704166666666,4405.5,1273.200249240073,0.6593458151000688,0.7518398074789774,2,0
2026-09-02 03:00:00+00:00,urn:ngsi-ld:Building:PUNE:BLD-PHOENIX-01,1419.32,14.5,0,1198.51,1326.46,1337.35,1100.0,1344.97,2112.6687500000003,4405.5,1214.3212670541732,0.7071067811865476,0.7071067811865476,2,0
2026-09-02 03:15:00+00:00,urn:ngsi-ld:Building:PUNE:BLD-PHOENIX-01,1100.0,14.6,0,1301.51,1194.28,1284.09,1367.03,1102.51,1988.2445833333334,4370.11,1118.3714013533147,0.7518398074789774,0.6593458151000688,2,0
2026-09-02 03:30:00+00:00,urn:ngsi-ld:Building:PUNE:BLD-PHOENIX-01,1314.83,16.0,0,1263.82,1386.42,1220.82,1273.65,1246.81,1852.6833333333334,4370.11,1011.2626268257072,0.7933533402912352,0.6087614290087207,2,0
2026-09-02 03:45:00+00:00,urn:ngsi-ld:Building:PUNE:BLD-PHOENIX-01,1214.72,15.0,0,1349.34,1100.0,1412.14,1296.02,1258.04,1725.3799999999999,4323.39,861.8458494114591,0.8314696123025451,0.5555702330196024,2,0
2026-09-02 04:00:00+00:00,urn:ngsi-ld:Building:PUNE:BLD-PHOENIX-01,1198.51,15.9,0,1100.0,1419.32,1326.46,1337.35,1329.28,1595.8520833333332,4266.28,665.692130636267,0.8660254037844386,0.5000000000000001,2,0
2026-09-02 04:15:00+00:00,urn:ngsi-ld:Building:PUNE:BLD-PHOENIX-01,1301.51,16.2,0,1309.97,1100.0,1194.28,1284.09,1330.17,1468.0283333333334,2130.56,350.58459884149727,0.8968727415326884,0.44228869021900125,2,0
2026-09-02 04:30:00+00:00,urn:ngsi-ld:Building:PUNE:BLD-PHOENIX-01,1263.82,15.9,0,1288.73,1314.83,1386.42,1220.82,1231.94,1436.9829166666668,2130.56,329.47728391011645,0.9238795325112867,0.38268343236508984,2,0
2026-09-02 04:45:00+00:00,urn:ngsi-ld:Building:PUNE:BLD-PHOENIX-01,1349.34,16.0,0,1324.81,1214.72,1100.0,1412.14,1232.08,1404.6779166666665,2130.56,304.96735279257075,0.9469301294951056,0.3214394653031617,2,0
2026-09-02 05:00:00+00:00,urn:ngsi-ld:Building:PUNE:BLD-PHOENIX-01,1100.0,15.9,0,1203.72,1198.51,1419.32,1326.46,1157.87,1372.1270833333335,2049.79,262.913864907524,0.9659258262890683,0.25881904510252074,2,0
2026-09-02 05:15:00+00:00,urn:ngsi-ld:Building:PUNE:BLD-PHOENIX-01,1309.97,17.2,0,1441.96,1301.51,1100.0,1194.28,1184.28,1332.5525,1983.33,225.26155673178368,0.9807852804032304,0.19509032201612833,2,0
2026-09-02 05:30:00+00:00,urn:ngsi-ld:Building:PUNE:BLD-PHOENIX-01,1288.73,17.6,0,1297.48,1263.82,1314.83,1386.42,1321.2,1304.4958333333332,1977.61,177.5668965649808,0.9914448613738104,0.1305261922200517,2,0
2026-09-02 05:45:00+00:00,urn:ngsi-ld:Building:PUNE:BLD-PHOENIX-01,1324.81,17.5,0,1239.72,1349.34,1214.72,1100.0,1309.05,1275.7924999999998,1460.01,104.79437241117074,0.9978589232386035,0.06540312923014327,2,0
2026-09-02 06:00:00+00:00,urn:ngsi-ld:Building:PUNE:BLD-PHOENIX-01,1203.72,18.2,0,1100.0,1100.0,1198.51,1419.32,1268.77,1270.1591666666666,1419.32,97.86587818151634,1.0,6.123233995736766e-17,2,0
2026-09-02 06:15:00+00:00,urn:ngsi-ld:Building:PUNE:BLD-PHOENIX-01,1441.96,18.5,0,1213.9,1309.97,1301.51,1100.0,1100.0,1274.4808333333333,1419.32,92.1481723099574,0.9978589232386035,-0.06540312923014314,2,0
2026-09-02 06:30:00+00:00,urn:ngsi-ld:Building:PUNE:BLD-PHOENIX-01,1297.48,18.2,0,1329.76,1288.73,1263.82,1314.83,1280.78,1277.6029166666667,1441.96,96.5828221953462,0.9914448613738104,-0.1305261922200516,2,0
2026-09-02 06:45:00+00:00,urn:ngsi-ld:Building:PUNE:BLD-PHOENIX-01,1239.72,18.8,0,1391.56,1324.81,1349.34,1214.72,1399.28,1278.5958333333333,1441.96,96.66287610343204,0.9807852804032304,-0.1950903220161282,2,0
2026-09-02 07:00:00+00:00,urn:ngsi-ld:Building:PUNE:BLD-PHOENIX-01,1100.0,20.1,0,2054.38,1203.72,1100.0,1198.51,1155.19,1276.25,1441.96,96.90448582926264,0.9659258262890683,-0.25881904510252063,2,0
2026-09-02 07:15:00+00:00,urn:ngsi-ld:Building:PUNE:BLD-PHOENIX-01,1213.9,21.2,0,2209.83,1441.96,1309.97,1301.51,1295.63,1266.3604166666667,1441.96,102.35585527186488,0.9469301294951057,-0.3214394653031616,2,0
2026-09-02 07:30:00+00:00,urn:ngsi-ld:Building:PUNE:BLD-PHOENIX-01,1329.76,20.3,0,1960.55,1297.48,1288.73,1263.82,1390.61,1263.4358333333332,1441.96,102.82891366805477,0.9238795325112868,-0.3826834323650895,2,0
2026-09-02 07:45:00+00:00,urn:ngsi-ld:Building:PUNE:BLD-PHOENIX-01,1391.56,23.0,0,2091.75,1239.72,1324.81,1349.34,1213.16,1267.9750000000001,1441.96,103.26945657255132,0.8968727415326884,-0.44228869021900113,2,0
2026-09-02 08:00:00+00:00,urn:ngsi-ld:Building:PUNE:BLD-PHOENIX-01,2054.38,23.0,0,2094.59,1100.0,1203.72,1100.0,2124.95,1267.1175,1441.96,102.09914466451137,0.8660254037844387,-0.4999999999999998,2,0
2026-09-02 08:15:00+00:00,urn:ngsi-ld:Building:PUNE:BLD-PHOENIX-01,2209.83,24.2,0,2110.79,1213.9,1441.96,1309.97,2027.35,1297.4475,2054.38,190.41605600553729,0.8314696123025451,-0.5555702330196023,2,0
2026-09-02 08:30:00+00:00,urn:ngsi-ld:Building:PUNE:BLD-PHOENIX-01,1960.55,24.7,0,2067.38,1329.76,1297.48,1288.73,2201.33,1339.7620833333333,2209.83,264.8023076375583,0.7933533402912352,-0.6087614290087207,2,0
2026-09-02 08:45:00+00:00,urn:ngsi-ld:Building:PUNE:BLD-PHOENIX-01,2091.75,24.7,0,2086.22,1391.56,1239.72,1324.81,1818.27,1363.6841666666667,2209.83,293.57113941062164,0.7518398074789774,-0.6593458151000688,2,0
2026-09-02 09:00:00+00:00,urn:ngsi-ld:Building:PUNE:BLD-PHOENIX-01,2094.59,24.2,0,4275.23,2054.38,1100.0,1203.72,1983.59,1405.0070833333332,2209.83,323.1503106238099,0.7071067811865476,-0.7071067811865475,2,0
2026-09-02 09:15:00+00:00,urn:ngsi-ld:Building:PUNE:BLD-PHOENIX-01,2110.79,27.2,0,4705.95,2209.83,1213.9,1441.96,2041.76,1433.1433333333334,2209.83,352.514015060987,0.659345815100069,-0.7518398074789773,2,0
2026-09-02 09:30:00+00:00,urn:ngsi-ld:Building:PUNE:BLD-PHOENIX-01,2067.38,27.3,0,4574.82,1960.55,1329.76,1297.48,2125.08,1475.2595833333335,2209.83,370.88442174220444,0.6087614290087209,-0.793353340291235,2,0
2026-09-02 09:45:00+00:00,urn:ngsi-ld:Building:PUNE:BLD-PHOENIX-01,2086.22,27.0,0,4638.24,2091.75,1391.56,1239.72,2000.88,1506.6158333333333,2209.83,388.1417625033442,0.5555702330196025,-0.831469612302545,2,0
2026-09-02 10:00:00+00:00,urn:ngsi-ld:Building:PUNE:BLD-PHOENIX-01,4275.23,27.1,1,4796.29,2094.59,2054.38,1100.0,4411.94,1542.9283333333333,2209.83,400.2246167239243,0.49999999999999994,-0.8660254037844387,2,0
2026-09-02 10:15:00+00:00,urn:ngsi-ld:Building:PUNE:BLD-PHOENIX-01,4705.95,29.0,1,4865.01,2110.79,2209.83,1213.9,4440.71,1671.125,4275.23,680.0433895747236,0.4422886902190017,-0.8968727415326881,2,0
2026-09-02 10:30:00+00:00,urn:ngsi-ld:Building:PUNE:BLD-PHOENIX-01,4574.82,28.2,1,4858.16,2067.38,1960.55,1329.76,4624.47,1812.9766666666667,4705.95,914.3108431926449,0.3826834323650899,-0.9238795325112867,2,0
2026-09-02 10:45:00+00:00,urn:ngsi-ld:Building:PUNE:BLD-PHOENIX-01,4638.24,29.2,1,4973.96,2086.22,2091.75,1391.56,4543.73,1950.9350000000002,4705.95,1065.1924673034162,0.32143946530316175,-0.9469301294951056,2,0
2026-09-02 11:00:00+00:00,urn:ngsi-ld:Building:PUNE:BLD-PHOENIX-01,4796.29,30.1,1,4971.89,4275.23,2094.59,2054.38,4584.88,2087.9725,4705.95,1188.817348212421,0.258819045102521,-0.9659258262890682,2,0
2026-09-02 11:15:00+00:00,urn:ngsi-ld:Building:PUNE:BLD-PHOENIX-01,4865.01,30.3,1,4724.26,4705.95,2110.79,2209.83,4553.92,2241.9845833333334,4796.29,1290.3524039544664,0.19509032201612816,-0.9807852804032304,2,0
2026-09-02 11:30:00+00:00,urn:ngsi-ld:Building:PUNE:BLD-PHOENIX-01,4858.16,30.9,1,5063.8,4574.82,2067.38,1960.55,4729.61,2390.11125,4865.01,1379.6696112831944,0.130526192220052,-0.9914448613738104,2,0
2026-09-02 11:45:00+00:00,urn:ngsi-ld:Building:PUNE:BLD-PHOENIX-01,4973.96,30.6,1,4951.42,4638.24,2086.22,2091.75,4837.86,2538.8375,4865.01,1446.5488986286873,0.06540312923014312,-0.9978589232386035,2,0
2026-09-02 12:00:00+00:00,urn:ngsi-ld:Building:PUNE:BLD-PHOENIX-01,4971.89,31.8,1,5110.89,4796.29,4275.23,2094.59,4934.08,2690.8854166666665,4973.96,1504.0336871082045,1.2246467991473532e-16,-1.0,2,0
2026-09-02 12:15:00+00:00,urn:ngsi-ld:Building:PUNE:BLD-PHOENIX-01,4724.26,30.9,1,5052.91,4865.01,4705.95,2110.79,4866.51,2847.8925,4973.96,1538.327581250795,-0.06540312923014287,-0.9978589232386035,2,0
2026-09-02 12:30:00+00:00,urn:ngsi-ld:Building:PUNE:BLD-PHOENIX-01,5063.8,33.0,1,5056.36,4858.16,4574.82,2067.38,4734.87,2984.655,4973.96,1553.7276835040702,-0.13052619222005177,-0.9914448613738104,2,0
2026-09-02 12:45:00+00:00,urn:ngsi-ld:Building:PUNE:BLD-PHOENIX-01,4951.42,31.4,1,4989.33,4973.96,4638.24,2086.22,4971.21,3141.5849999999996,5063.8,1566.064567578891,-0.19509032201612792,-0.9807852804032305,2,0
2026-09-02 13:00:00+00:00,urn:ngsi-ld:Building:PUNE:BLD-PHOENIX-01,5110.89,32.5,1,5018.8,4971.89,4796.29,4275.23,4799.76,3296.2391666666667,5063.8,1553.3025358974146,-0.2588190451025208,-0.9659258262890683,2,0
2026-09-02 13:15:00+00:00,urn:ngsi-ld:Building:PUNE:BLD-PHOENIX-01,5052.91,32.9,1,5058.32,4724.26,4865.01,4705.95,5127.04,3463.3595833333334,5110.89,1522.1896589009589,-0.32143946530316153,-0.9469301294951057,2,0
2026-09-02 13:30:00+00:00,urn:ngsi-ld:Building:PUNE:BLD-PHOENIX-01,5056.36,33.9,1,5018.63,5063.8,4858.16,4574.82,4805.85,3623.318333333333,5110.89,1476.5548929788206,-0.38268343236508967,-0.9238795325112868,2,0
2026-09-02 13:45:00+00:00,urn:ngsi-ld:Building:PUNE:BLD-PHOENIX-01,4989.33,32.7,1,4902.54,4951.42,4973.96,4638.24,5281.99,3778.593333333333,5110.89,1419.728707558827,-0.44228869021900147,-0.8968727415326883,2,0
2026-09-02 14:00:00+00:00,urn:ngsi-ld:Building:PUNE:BLD-PHOENIX-01,5018.8,33.9,1,5176.02,5110.89,4971.89,4796.29,4976.7,3928.5004166666663,5110.89,1344.6852679263186,-0.4999999999999997,-0.8660254037844388,2,0
2026-09-02 14:15:00+00:00,urn:ngsi-ld:Building:PUNE:BLD-PHOENIX-01,5058.32,32.5,1,5180.74,5052.91,4724.26,4865.01,4916.61,4052.017916666666,5110.89,1300.4743767062014,-0.555570233019602,-0.8314696123025455,2,0
2026-09-02 14:30:00+00:00,urn:ngsi-ld:Building:PUNE:BLD-PHOENIX-01,5018.63,33.1,1,4948.15,5056.36,5063.8,4858.16,4942.41,4170.705000000001,5110.89,1254.1978468050554,-0.6087614290087207,-0.7933533402912352,2,0
2026-09-02 14:45:00+00:00,urn:ngsi-ld:Building:PUNE:BLD-PHOENIX-01,4902.54,32.4,1,5165.69,4989.33,4951.42,4973.96,5160.71,4298.125,5110.89,1172.5819267456075,-0.6593458151000688,-0.7518398074789774,2,0
2026-09-02 15:00:00+00:00,urn:ngsi-ld:Building:PUNE:BLD-PHOENIX-01,5176.02,33.4,1,4961.51,5018.8,5110.89,4971.89,5202.83,4415.24125,5110.89,1079.2882173524229,-0.7071067811865471,-0.7071067811865479,2,0
2026-09-02 15:15:00+00:00,urn:ngsi-ld:Building:PUNE:BLD-PHOENIX-01,5180.74,32.9,1,5217.48,5058.32,5052.91,4724.26,5167.08,4543.634166666667,5176.02,968.8536163444078,-0.7518398074789773,-0.6593458151000691,2,0
2026-09-02 15:30:00+00:00,urn:ngsi-ld:Building:PUNE:BLD-PHOENIX-01,4948.15,32.8,1,4890.74,5018.63,5056.36,5063.8,5232.21,4671.54875,5180.74,825.7818512927454,-0.7933533402912349,-0.6087614290087209,2,0
2026-09-02 15:45:00+00:00,urn:ngsi-ld:Building:PUNE:BLD-PHOENIX-01,5165.69,33.9,1,4825.91,4902.54,4989.33,4951.42,5032.11,4791.5808333333325,5180.74,612.6595218916567,-0.8314696123025452,-0.5555702330196022,2,0
2026-09-02 16:00:00+00:00,urn:ngsi-ld:Building:PUNE:BLD-PHOENIX-01,4961.51,32.4,1,4868.4,5176.02,5018.8,5110.89,4953.81,4919.892083333333,5180.74,214.57122559191612,-0.8660254037844385,-0.5000000000000004,2,0
2026-09-02 16:15:00+00:00,urn:ngsi-ld:Building:PUNE:BLD-PHOENIX-01,5217.48,33.3,1,5019.76,5180.74,5058.32,5052.91,4877.08,4948.487083333333,5180.74,164.90541719902038,-0.8968727415326883,-0.44228869021900136,2,0
2026-09-02 16:30:00+00:00,urn:ngsi-ld:Building:PUNE:BLD-PHOENIX-01,4890.74,31.7,1,4734.47,4948.15,5018.63,5056.36,4909.56,4969.800833333334,5217.48,165.2518041977312,-0.9238795325112868,-0.3826834323650895,2,0
2026-09-02 16:45:00+00:00,urn:ngsi-ld:Building:PUNE:BLD-PHOENIX-01,4825.91,32.0,1,4715.58,5165.69,4902.54,4989.33,4969.75,4982.964166666667,5217.48,143.58300865079522,-0.9469301294951056,-0.3214394653031618,2,0
2026-09-02 17:00:00+00:00,urn:ngsi-ld:Building:PUNE:BLD-PHOENIX-01,4868.4,31.5,1,4702.34,4961.51,5176.02,5018.8,4930.84,4990.78375,5217.48,128.28867033969186,-0.9659258262890683,-0.25881904510252063,2,0
2026-09-02 17:15:00+00:00,urn:ngsi-ld:Building:PUNE:BLD-PHOENIX-01,5019.76,31.8,1,4454.17,5217.48,5180.74,5058.32,4829.61,4993.788333333333,5217.48,124.31847435796855,-0.9807852804032303,-0.19509032201612866,2,0
2026-09-02 17:30:00+00:00,urn:ngsi-ld:Building:PUNE:BLD-PHOENIX-01,4734.47,30.5,1,4636.24,4890.74,4948.15,5018.63,5081.39,5000.23625,5217.48,121.32596477601459,-0.9914448613738104,-0.13052619222005163,2,0
2026-09-02 17:45:00+00:00,urn:ngsi-ld:Building:PUNE:BLD-PHOENIX-01,4715.58,30.7,1,4552.59,4825.91,5165.69,4902.54,4655.87,4995.0824999999995,5217.48,129.944525831235,-0.9978589232386035,-0.06540312923014273,2,0
2026-09-02 18:00:00+00:00,urn:ngsi-ld:Building:PUNE:BLD-PHOENIX-01,4702.34,30.1,1,4670.48,4868.4,4961.51,5176.02,4800.95,4984.316666666667,5217.48,141.92192384086627,-1.0,-1.8369701987210297e-16,2,0
2026-09-02 18:15:00+00:00,urn:ngsi-ld:Building:PUNE:BLD-PHOENIX-01,4454.17,28.7,1,4169.71,5019.76,5217.48,5180.74,4536.74,4973.085416666667,5217.48,153.16816302698786,-0.9978589232386036,0.06540312923014237,2,0
2026-09-02 18:30:00+00:00,urn:ngsi-ld:Building:PUNE:BLD-PHOENIX-01,4636.24,29.6,1,4297.99,4734.47,4890.74,4948.15,4509.97,4961.831666666666,5217.48,179.84422947480894,-0.9914448613738105,0.13052619222005127,2,0
2026-09-02 18:45:00+00:00,urn:ngsi-ld:Building:PUNE:BLD-PHOENIX-01,4552.59,29.2,1,4294.34,4715.58,4825.91,5165.69,4468.38,4944.016666666667,5217.48,190.18368570981562,-0.9807852804032304,0.1950903220161283,2,0
2026-09-02 19:00:00+00:00,urn:ngsi-ld:Building:PUNE:BLD-PHOENIX-01,4670.48,27.8,1,4259.7,4702.34,4868.4,4961.51,4434.36,4927.398749999999,5217.48,206.25422171838096,-0.9659258262890684,0.2588190451025203,2,0
2026-09-02 19:15:00+00:00,urn:ngsi-ld:Building:PUNE:BLD-PHOENIX-01,4169.71,26.4,1,4392.73,4454.17,5019.76,5217.48,4167.92,4909.048333333333,5217.48,208.79519711012534,-0.9469301294951057,0.3214394653031615,2,0
2026-09-02 19:30:00+00:00,urn:ngsi-ld:Building:PUNE:BLD-PHOENIX-01,4297.99,27.2,1,4283.49,4636.24,4734.47,4890.74,4225.25,4872.248333333334,5217.48,255.04630625879537,-0.923879532511287,0.38268343236508917,2,0
2026-09-02 19:45:00+00:00,urn:ngsi-ld:Building:PUNE:BLD-PHOENIX-01,4294.34,25.8,1,4214.26,4552.59,4715.58,4825.91,4237.06,4840.649583333333,5217.48,277.2559800818475,-0.8968727415326884,0.442288690219001,2,0
2026-09-02 20:00:00+00:00,urn:ngsi-ld:Building:PUNE:BLD-PHOENIX-01,4259.7,25.4,1,4361.29,4670.48,4702.34,4868.4,4276.46,4811.691666666667,5217.48,296.6664821364394,-0.8660254037844386,0.5000000000000001,2,0
2026-09-02 20:15:00+00:00,urn:ngsi-ld:Building:PUNE:BLD-PHOENIX-01,4392.73,24.5,1,4324.22,4169.71,4454.17,5019.76,4475.64,4780.0625,5217.48,313.6076387747072,-0.8314696123025455,0.5555702330196018,2,0
2026-09-02 20:30:00+00:00,urn:ngsi-ld:Building:PUNE:BLD-PHOENIX-01,4283.49,23.4,1,4287.7,4297.99,4636.24,4734.47,4351.53,4752.329583333333,5217.48,317.33843903810913,-0.7933533402912357,0.6087614290087199,2,0
2026-09-02 20:45:00+00:00,urn:ngsi-ld:Building:PUNE:BLD-PHOENIX-01,4214.26,23.2,1,4486.42,4294.34,4552.59,4715.58,4308.84,4721.6987500000005,5217.48,325.8808427646493,-0.7518398074789772,0.6593458151000691,2,0
2026-09-02 21:00:00+00:00,urn:ngsi-ld:Building:PUNE:BLD-PHOENIX-01,4361.29,22.5,1,4396.09,4259.7,4670.48,4702.34,4405.5,4693.020416666666,5217.48,339.28398062468807,-0.7071067811865477,0.7071067811865474,2,0
2026-09-02 21:15:00+00:00,urn:ngsi-ld:Building:PUNE:BLD-PHOENIX-01,4324.22,21.9,1,2084.72,4392.73,4169.71,4454.17,4353.47,4659.073333333334,5217.48,329.47336194585216,-0.6593458151000687,0.7518398074789775,2,0
2026-09-02 21:30:00+00:00,urn:ngsi-ld:Building:PUNE:BLD-PHOENIX-01,4287.7,21.5,1,2098.32,4283.49,4297.99,4636.24,4370.11,4623.384999999999,5217.48,316.64922890358514,-0.608761429008721,0.7933533402912349,2,0
2026-09-02 21:45:00+00:00,urn:ngsi-ld:Building:PUNE:BLD-PHOENIX-01,4486.42,21.4,1,2093.13,4214.26,4294.34,4552.59,4323.39,4595.86625,5217.48,315.89570660355713,-0.555570233019603,0.8314696123025447,2,0
2026-09-02 22:00:00+00:00,urn:ngsi-ld:Building:PUNE:BLD-PHOENIX-01,4396.09,20.1,1,2028.95,4361.29,4259.7,4670.48,4266.28,4567.5633333333335,5217.48,292.16034123135614,-0.5000000000000004,0.8660254037844384,2,0
2026-09-02 22:15:00+00:00,urn:ngsi-ld:Building:PUNE:BLD-PHOENIX-01,2084.72,19.7,0,1984.44,4324.22,4392.73,4169.71,2046.6,4544.004166666667,5217.48,281.6191228826704,-0.4422886902190014,0.8968727415326883,2,0
2026-09-02 22:30:00+00:00,urn:ngsi-ld:Building:PUNE:BLD-PHOENIX-01,2098.32,20.2,0,2063.41,4287.7,4283.49,4297.99,2039.14,4413.4725,5019.76,552.0593512850934,-0.38268343236508956,0.9238795325112868,2,0
2026-09-02 22:45:00+00:00,urn:ngsi-ld:Building:PUNE:BLD-PHOENIX-01,2093.13,17.7,0,1227.22,4486.42,4214.26,4294.34,2130.56,4297.121666666667,5019.76,716.7846552648848,-0.32143946530316186,0.9469301294951056,2,0
2026-09-02 23:00:00+00:00,urn:ngsi-ld:Building:PUNE:BLD-PHOENIX-01,2028.95,19.0,0,1100.0,4396.09,4361.29,4259.7,2049.79,4183.255833333334,5019.76,836.2373664421287,-0.25881904510252157,0.9659258262890681,2,0
2026-09-02 23:15:00+00:00,urn:ngsi-ld:Building:PUNE:BLD-PHOENIX-01,1984.44,18.3,0,1151.96,2084.72,4324.22,4392.73,1983.33,4064.945416666666,5019.76,930.6241954263112,-0.19509032201612872,0.9807852804032303,2,0
2026-09-02 23:30:00+00:00,urn:ngsi-ld:Building:PUNE:BLD-PHOENIX-01,2063.41,16.4,0,1215.26,2098.32,4287.7,4283.49,1977.61,3938.4737499999997,4734.47,998.9638536909042,-0.13052619222005168,0.9914448613738104,2,0
2026-09-02 23:45:00+00:00,urn:ngsi-ld:Building:PUNE:BLD-PHOENIX-01,1227.22,15.8,0,1340.66,2093.13,4486.42,4214.26,1460.01,3827.179583333333,4715.58,1053.7168706906432,-0.0654031292301428,0.9978589232386035,2,0
2026-09-03 00:00:00+00:00,urn:ngsi-ld:Building:PUNE:BLD-PHOENIX-01,1100.0,17.2,0,1263.83,2028.95,4396.09,4361.29,1100.0,3681.8312499999997,4702.34,1160.9750367099139,0.0,1.0,3,0
2026-09-03 00:15:00+00:00,urn:ngsi-ld:Building:PUNE:BLD-PHOENIX-01,1151.96,15.3,0,1168.11,1984.44,2084.72,4324.22,1367.03,3531.73375,4670.48,1252.5549903985368,0.06540312923014306,0.9978589232386035,3,0
2026-09-03 00:30:00+00:00,urn:ngsi-ld:Building:PUNE:BLD-PHOENIX-01,1215.26,15.7,0,1144.36,2063.41,2098.32,4287.7,1273.65,3394.1416666666664,4670.48,1326.037552811631,0.13052619222005157,0.9914448613738104,3,0
2026-09-03 00:45:00+00:00,urn:ngsi-ld:Building:PUNE:BLD-PHOENIX-01,1340.66,16.3,0,1362.68,1227.22,2093.13,4486.42,1296.02,3251.6008333333334,4670.48,1369.8575983018643,0.19509032201612825,0.9807852804032304,3,0
2026-09-03 01:00:00+00:00,urn:ngsi-ld:Building:PUNE:BLD-PHOENIX-01,1263.83,15.5,0,1233.26,1100.0,2028.95,4396.09,1337.35,3117.7704166666667,4670.48,1393.9152621911314,0.25881904510252074,0.9659258262890683,3,0
2026-09-03 01:15:00+00:00,urn:ngsi-ld:Building:PUNE:BLD-PHOENIX-01,1168.11,15.2,0,1100.0,1151.96,1984.44,2084.72,1284.09,2975.8266666666664,4486.42,1402.3525231356457,0.3214394653031616,0.9469301294951057,3,0
2026-09-03 01:30:00+00:00,urn:ngsi-ld:Building:PUNE:BLD-PHOENIX-01,1144.36,15.3,0,1239.23,1215.26,2063.41,2098.32,1220.82,2850.7599999999998,4486.42,1424.9136023694111,0.3826834323650898,0.9238795325112867,3,0
2026-09-03 01:45:00+00:00,urn:ngsi-ld:Building:PUNE:BLD-PHOENIX-01,1362.68,15.2,0,1317.12,1340.66,1227.22,2093.13,1412.14,2719.35875,4486.42,1431.0477640687518,0.44228869021900125,0.8968727415326884,3,0
2026-09-03 02:00:00+00:00,urn:ngsi-ld:Building:PUNE:BLD-PHOENIX-01,1233.26,14.7,0,1141.68,1263.83,1100.0,2028.95,1326.46,2597.20625,4486.42,1415.8044090038945,0.49999999999999994,0.8660254037844387,3,0
2026-09-03 02:15:00+00:00,urn:ngsi-ld:Building:PUNE:BLD-PHOENIX-01,1100.0,14.8,0,1256.42,1168.11,1151.96,1984.44,1194.28,2471.1045833333333,4486.42,1395.9315674144416,0.5555702330196022,0.8314696123025452,3,0
2026-09-03 02:30:00+00:00,urn:ngsi-ld:Building:PUNE:BLD-PHOENIX-01,1239.23,14.7,0,1265.38,1144.36,1215.26,2063.41,1386.42,2333.9075,4486.42,1360.2094503844576,0.6087614290087207,0.7933533402912352,3,0
2026-09-03 02:45:00+00:00,urn:ngsi-ld:Building:PUNE:BLD-PHOENIX-01,1317.12,14.5,0,1146.83,1362.68,1340.66,1227.22,1100.0,2207.063333333333,4486.42,1311.573971573892,0.6593458151000688,0.7518398074789774,3,0
2026-09-03 03:00:00+00:00,urn:ngsi-ld:Building:PUNE:BLD-PHOENIX-01,1141.68,14.5,0,1372.54,1233.26,1263.83,1100.0,1419.32,2086.349166666667,4486.42,1250.7152622118579,0.7071067811865476,0.7071067811865476,3,0
2026-09-03 03:15:00+00:00,urn:ngsi-ld:Building:PUNE:BLD-PHOENIX-01,1256.42,14.6,0,1267.07,1100.0,1168.11,1151.96,1100.0,1952.1987500000002,4486.42,1165.887819203845,0.7518398074789774,0.6593458151000688,3,0
2026-09-03 03:30:00+00:00,urn:ngsi-ld:Building:PUNE:BLD-PHOENIX-01,1265.38,14.9,0,1214.78,1239.23,1144.36,1215.26,1314.83,1824.37375,4486.42,1057.6687466096612,0.7933533402912352,0.6087614290087207,3,0
2026-09-03 03:45:00+00:00,urn:ngsi-ld:Building:PUNE:BLD-PHOENIX-01,1146.83,15.6,0,1233.89,1317.12,1362.68,1340.66,1214.72,1698.4437500000001,4486.42,922.9713388729557,0.8314696123025451,0.5555702330196024,3,0
2026-09-03 04:00:00+00:00,urn:ngsi-ld:Building:PUNE:BLD-PHOENIX-01,1372.54,15.3,0,1129.88,1141.68,1233.26,1263.83,1198.51,1559.2941666666666,4396.09,712.0061591814176,0.8660254037844386,0.5000000000000001,3,0
2026-09-03 04:15:00+00:00,urn:ngsi-ld:Building:PUNE:BLD-PHOENIX-01,1267.07,14.4,0,1126.32,1256.42,1100.0,1168.11,1301.51,1433.3129166666668,2098.32,376.85596583672145,0.8968727415326884,0.44228869021900125,3,0
2026-09-03 04:30:00+00:00,urn:ngsi-ld:Building:PUNE:BLD-PHOENIX-01,1214.78,15.4,0,1206.08,1265.38,1239.23,1144.36,1263.82,1399.2441666666666,2098.32,351.51342620051867,0.9238795325112867,0.38268343236508984,3,0
2026-09-03 04:45:00+00:00,urn:ngsi-ld:Building:PUNE:BLD-PHOENIX-01,1233.89,15.6,0,1211.74,1146.83,1317.12,1362.68,1349.34,1362.43,2093.13,319.96685029375766,0.9469301294951056,0.3214394653031617,3,0
2026-09-03 05:00:00+00:00,urn:ngsi-ld:Building:PUNE:BLD-PHOENIX-01,1129.88,17.6,0,1227.66,1372.54,1141.68,1233.26,1100.0,1326.6283333333333,2063.41,280.25996310352866,0.9659258262890683,0.25881904510252074,3,0
2026-09-03 05:15:00+00:00,urn:ngsi-ld:Building:PUNE:BLD-PHOENIX-01,1126.32,16.2,0,1382.25,1267.07,1256.42,1100.0,1309.97,1289.1670833333333,2063.41,239.41266686683576,0.9807852804032304,0.19509032201612833,3,0
2026-09-03 05:30:00+00:00,urn:ngsi-ld:Building:PUNE:BLD-PHOENIX-01,1206.08,18.3,0,1311.52,1214.78,1265.38,1239.23,1288.73,1253.4120833333334,2063.41,190.05221703460347,0.9914448613738104,0.1305261922200517,3,0
2026-09-03 05:45:00+00:00,urn:ngsi-ld:Building:PUNE:BLD-PHOENIX-01,1211.74,17.7,0,1100.0,1233.89,1146.83,1317.12,1324.81,1217.69,1372.54,79.74811623748072,0.9978589232386035,0.06540312923014327,3,0
2026-09-03 06:00:00+00:00,urn:ngsi-ld:Building:PUNE:BLD-PHOENIX-01,1227.66,17.7,0,1360.21,1129.88,1372.54,1141.68,1203.72,1217.0449999999998,1372.54,79.73028555530871,1.0,6.123233995736766e-17,3,0
2026-09-03 06:15:00+00:00,urn:ngsi-ld:Building:PUNE:BLD-PHOENIX-01,1382.25,20.2,0,1205.36,1126.32,1267.07,1256.42,1441.96,1222.3641666666665,1372.54,75.74075503410944,0.9978589232386035,-0.06540312923014314,3,0
2026-09-03 06:30:00+00:00,urn:ngsi-ld:Building:PUNE:BLD-PHOENIX-01,1311.52,18.7,0,1321.23,1206.08,1214.78,1265.38,1297.48,1231.9595833333333,1382.25,80.84882024216688,0.9914448613738104,-0.1305261922200516,3,0
2026-09-03 06:45:00+00:00,urn:ngsi-ld:Building:PUNE:BLD-PHOENIX-01,1100.0,19.3,0,1212.6,1211.74,1233.89,1146.83,1239.72,1235.9704166666668,1382.25,82.35794908828508,0.9807852804032304,-0.1950903220161282,3,0
2026-09-03 07:00:00+00:00,urn:ngsi-ld:Building:PUNE:BLD-PHOENIX-01,1360.21,21.0,0,2060.82,1227.66,1129.88,1372.54,1100.0,1225.9429166666666,1382.25,83.69716583811363,0.9659258262890683,-0.25881904510252063,3,0
2026-09-03 07:15:00+00:00,urn:ngsi-ld:Building:PUNE:BLD-PHOENIX-01,1205.36,21.6,0,1936.23,1382.25,1126.32,1267.07,1213.9,1229.95875,1382.25,87.80540011652263,0.9469301294951057,-0.3214394653031616,3,0
2026-09-03 07:30:00+00:00,urn:ngsi-ld:Building:PUNE:BLD-PHOENIX-01,1321.23,21.4,0,2081.5,1311.52,1206.08,1214.78,1329.76,1231.5108333333333,1382.25,86.99004095476144,0.9238795325112868,-0.3826834323650895,3,0
2026-09-03 07:45:00+00:00,urn:ngsi-ld:Building:PUNE:BLD-PHOENIX-01,1212.6,22.4,0,2132.84,1100.0,1211.74,1233.89,1391.56,1238.8804166666666,1382.25,86.77756399445208,0.8968727415326884,-0.44228869021900113,3,0
2026-09-03 08:00:00+00:00,urn:ngsi-ld:Building:PUNE:BLD-PHOENIX-01,2060.82,21.8,0,1896.39,1360.21,1227.66,1129.88,2054.38,1232.6270833333333,1382.25,82.78410168064859,0.8660254037844387,-0.4999999999999998,3,0
2026-09-03 08:15:00+00:00,urn:ngsi-ld:Building:PUNE:BLD-PHOENIX-01,1936.23,24.0,0,2134.47,1205.36,1382.25,1126.32,2209.83,1267.10875,2060.82,188.24027555705857,0.8314696123025451,-0.5555702330196023,3,0
2026-09-03 08:30:00+00:00,urn:ngsi-ld:Building:PUNE:BLD-PHOENIX-01,2081.5,24.4,0,1984.07,1321.23,1311.52,1206.08,1960.55,1301.9516666666666,2060.82,228.95342715440478,0.7933533402912352,-0.6087614290087207,3,0
2026-09-03 08:45:00+00:00,urn:ngsi-ld:Building:PUNE:BLD-PHOENIX-01,2132.84,25.1,0,2216.5,1212.6,1100.0,1211.74,2091.75,1337.04625,2081.5,278.1815901577032,0.7518398074789774,-0.6593458151000688,3,0
2026-09-03 09:00:00+00:00,urn:ngsi-ld:Building:PUNE:BLD-PHOENIX-01,1896.39,24.8,0,4553.2,2060.82,1360.21,1227.66,2094.59,1371.0345833333333,2132.84,322.0194840982467,0.7071067811865476,-0.7071067811865475,3,0
2026-09-03 09:15:00+00:00,urn:ngsi-ld:Building:PUNE:BLD-PHOENIX-01,2134.47,25.5,0,4609.76,1936.23,1205.36,1382.25,2110.79,1402.4808333333333,2132.84,335.2275409448385,0.659345815100069,-0.7518398074789773,3,0
2026-09-03 09:30:00+00:00,urn:ngsi-ld:Building:PUNE:BLD-PHOENIX-01,1984.07,26.1,0,4518.83,2081.5,1321.23,1311.52,2067.38,1439.0662499999999,2134.47,365.17018931388697,0.6087614290087209,-0.793353340291235,3,0
2026-09-03 09:45:00+00:00,urn:ngsi-ld:Building:PUNE:BLD-PHOENIX-01,2216.5,26.0,0,4832.76,2132.84,1212.6,1100.0,2086.22,1469.0116666666665,2134.47,379.49473544680137,0.5555702330196025,-0.831469612302545,3,0
2026-09-03 10:00:00+00:00,urn:ngsi-ld:Building:PUNE:BLD-PHOENIX-01,4553.2,28.1,1,4664.37,1896.39,2060.82,1360.21,4275.23,1513.58125,2216.5,402.14840886232304,0.49999999999999994,-0.8660254037844387,3,0
2026-09-03 10:15:00+00:00,urn:ngsi-ld:Building:PUNE:BLD-PHOENIX-01,4609.76,28.8,1,4661.42,2134.47,1936.23,1205.36,4705.95,1646.10875,4553.2,737.7256906330877,0.4422886902190017,-0.8968727415326881,3,0
2026-09-03 10:30:00+00:00,urn:ngsi-ld:Building:PUNE:BLD-PHOENIX-01,4518.83,28.6,1,4818.52,1984.07,2081.5,1321.23,4574.82,1785.3875,4609.76,948.4883659768519,0.3826834323650899,-0.9238795325112867,3,0
2026-09-03 10:45:00+00:00,urn:ngsi-ld:Building:PUNE:BLD-PHOENIX-01,4832.76,29.0,1,4962.23,2216.5,2132.84,1212.6,4638.24,1923.0562499999999,4609.76,1091.1251611417426,0.32143946530316175,-0.9469301294951056,3,0
2026-09-03 11:00:00+00:00,urn:ngsi-ld:Building:PUNE:BLD-PHOENIX-01,4664.37,30.1,1,4907.26,4553.2,1896.39,2060.82,4796.29,2073.0091666666667,4832.76,1230.6680659527017,0.258819045102521,-0.9659258262890682,3,0
2026-09-03 11:15:00+00:00,urn:ngsi-ld:Building:PUNE:BLD-PHOENIX-01,4661.42,30.5,1,4908.76,4609.76,2134.47,1936.23,4865.01,2220.2795833333334,4832.76,1321.0608708829616,0.19509032201612816,-0.9807852804032304,3,0
2026-09-03 11:30:00+00:00,urn:ngsi-ld:Building:PUNE:BLD-PHOENIX-01,4818.52,31.6,1,4868.64,4518.83,1984.07,2081.5,4858.16,2367.5754166666666,4832.76,1389.1091206518126,0.130526192220052,-0.9914448613738104,3,0
2026-09-03 11:45:00+00:00,urn:ngsi-ld:Building:PUNE:BLD-PHOENIX-01,4962.23,31.4,1,5076.61,4832.76,2216.5,2132.84,4973.96,2518.09375,4832.76,1452.0701074277722,0.06540312923014312,-0.9978589232386035,3,0
2026-09-03 12:00:00+00:00,urn:ngsi-ld:Building:PUNE:BLD-PHOENIX-01,4907.26,31.8,1,4911.07,4664.37,4553.2,1896.39,4971.89,2674.3641666666667,4962.23,1506.1731810724364,1.2246467991473532e-16,-1.0,3,0
2026-09-03 12:15:00+00:00,urn:ngsi-ld:Building:PUNE:BLD-PHOENIX-01,4908.76,31.9,1,5179.63,4661.42,4609.76,2134.47,4724.26,2827.6808333333333,4962.23,1539.4176317231547,-0.06540312923014287,-0.9978589232386035,3,0
2026-09-03 12:30:00+00:00,urn:ngsi-ld:Building:PUNE:BLD-PHOENIX-01,4868.64,31.9,1,5074.47,4818.52,4518.83,1984.07,5063.8,2974.61875,4962.23,1563.5660885249815,-0.13052619222005177,-0.9914448613738104,3,0
2026-09-03 12:45:00+00:00,urn:ngsi-ld:Building:PUNE:BLD-PHOENIX-01,5076.61,33.4,1,5054.93,4962.23,4832.76,2216.5,4951.42,3122.8320833333332,4962.23,1567.651267705588,-0.19509032201612792,-0.9807852804032305,3,0
2026-09-03 13:00:00+00:00,urn:ngsi-ld:Building:PUNE:BLD-PHOENIX-01,4911.07,32.3,1,5162.37,4907.26,4664.37,4553.2,5110.89,3288.5241666666666,5076.61,1554.6523048856368,-0.2588190451025208,-0.9659258262890683,3,0
2026-09-03 13:15:00+00:00,urn:ngsi-ld:Building:PUNE:BLD-PHOENIX-01,5179.63,33.7,1,5062.2,4908.76,4661.42,4609.76,5052.91,3436.476666666667,5076.61,1531.9582238419869,-0.32143946530316153,-0.9469301294951057,3,0
2026-09-03 13:30:00+00:00,urn:ngsi-ld:Building:PUNE:BLD-PHOENIX-01,5074.47,33.5,1,5048.8,4868.64,4818.52,4518.83,5056.36,3602.0712500000004,5179.63,1494.6454046428892,-0.38268343236508967,-0.9238795325112868,3,0
2026-09-03 13:45:00+00:00,urn:ngsi-ld:Building:PUNE:BLD-PHOENIX-01,5054.93,33.7,1,5032.29,5076.61,4962.23,4832.76,4989.33,3758.4562499999997,5179.63,1441.0135805286272,-0.44228869021900147,-0.8968727415326883,3,0
2026-09-03 14:00:00+00:00,urn:ngsi-ld:Building:PUNE:BLD-PHOENIX-01,5162.37,33.3,1,4976.63,4911.07,4907.26,4664.37,5018.8,3918.5533333333333,5179.63,1356.8550195810612,-0.4999999999999997,-0.8660254037844388,3,0
2026-09-03 14:15:00+00:00,urn:ngsi-ld:Building:PUNE:BLD-PHOENIX-01,5062.2,34.0,1,4998.12,5179.63,4908.76,4661.42,5058.32,4047.7845833333336,5179.63,1319.4097345403454,-0.555570233019602,-0.8314696123025455,3,0
2026-09-03 14:30:00+00:00,urn:ngsi-ld:Building:PUNE:BLD-PHOENIX-01,5048.8,33.0,1,4980.55,5074.47,4868.64,4818.52,5018.63,4178.033333333334,5179.63,1254.601777959038,-0.6087614290087207,-0.7933533402912352,3,0
2026-09-03 14:45:00+00:00,urn:ngsi-ld:Building:PUNE:BLD-PHOENIX-01,5032.29,34.5,1,4989.17,5054.93,5076.61,4962.23,4902.54,4301.670833333334,5179.63,1183.1884392750244,-0.6593458151000688,-0.7518398074789774,3,0
2026-09-03 15:00:00+00:00,urn:ngsi-ld:Building:PUNE:BLD-PHOENIX-01,4976.63,33.6,1,4987.52,5162.37,4911.07,4907.26,5176.02,4422.48125,5179.63,1096.9958131913047,-0.7071067811865471,-0.7071067811865479,3,0
2026-09-03 15:15:00+00:00,urn:ngsi-ld:Building:PUNE:BLD-PHOENIX-01,4998.12,32.9,1,5116.88,5062.2,5179.63,4908.76,5180.74,4550.824583333334,5179.63,960.2719562796913,-0.7518398074789773,-0.6593458151000691,3,0
2026-09-03 15:30:00+00:00,urn:ngsi-ld:Building:PUNE:BLD-PHOENIX-01,4980.55,32.9,1,4873.22,5048.8,5074.47,4868.64,4948.15,4670.143333333333,5179.63,813.6986908778023,-0.7933533402912349,-0.6087614290087209,3,0
2026-09-03 15:45:00+00:00,urn:ngsi-ld:Building:PUNE:BLD-PHOENIX-01,4989.17,33.0,1,4862.06,5032.29,5054.93,5076.61,5165.69,4794.996666666667,5179.63,579.942639582413,-0.8314696123025452,-0.5555702330196022,3,0
2026-09-03 16:00:00+00:00,urn:ngsi-ld:Building:PUNE:BLD-PHOENIX-01,4987.52,31.9,1,4861.33,4976.63,5162.37,4911.07,4961.51,4910.524583333333,5179.63,187.0139653465033,-0.8660254037844385,-0.5000000000000004,3,0
2026-09-03 16:15:00+00:00,urn:ngsi-ld:Building:PUNE:BLD-PHOENIX-01,5116.88,33.0,1,5136.32,4998.12,5062.2,5179.63,5217.48,4928.62125,5179.63,171.28603416038212,-0.8968727415326883,-0.44228869021900136,3,0
2026-09-03 16:30:00+00:00,urn:ngsi-ld:Building:PUNE:BLD-PHOENIX-01,4873.22,31.3,1,4899.6,4980.55,5048.8,5074.47,4890.74,4949.75125,5179.63,161.22469347264555,-0.9238795325112868,-0.3826834323650895,3,0
2026-09-03 16:45:00+00:00,urn:ngsi-ld:Building:PUNE:BLD-PHOENIX-01,4862.06,32.3,1,4755.35,4989.17,5032.29,5054.93,4825.91,4964.5175,5179.63,133.9661115893513,-0.9469301294951056,-0.3214394653031618,3,0
2026-09-03 17:00:00+00:00,urn:ngsi-ld:Building:PUNE:BLD-PHOENIX-01,4861.33,31.5,1,4642.45,4987.52,4976.63,5162.37,4868.4,4965.738333333334,5179.63,132.8419898804028,-0.9659258262890683,-0.25881904510252063,3,0
2026-09-03 17:15:00+00:00,urn:ngsi-ld:Building:PUNE:BLD-PHOENIX-01,5136.32,32.2,1,4635.78,5116.88,4998.12,5062.2,5019.76,4973.945,5179.63,118.75123999362232,-0.9807852804032303,-0.19509032201612866,3,0
2026-09-03 17:30:00+00:00,urn:ngsi-ld:Building:PUNE:BLD-PHOENIX-01,4899.6,29.7,1,4611.41,4873.22,4980.55,5048.8,4734.47,4993.7325,5179.63,102.92238364112592,-0.9914448613738104,-0.13052619222005163,3,0
2026-09-03 17:45:00+00:00,urn:ngsi-ld:Building:PUNE:BLD-PHOENIX-01,4755.35,29.7,1,4577.91,4862.06,4989.17,5032.29,4715.58,4997.110833333333,5179.63,98.1407561448862,-0.9978589232386035,-0.06540312923014273,3,0
2026-09-03 18:00:00+00:00,urn:ngsi-ld:Building:PUNE:BLD-PHOENIX-01,4642.45,30.4,1,4515.62,4861.33,4987.52,4976.63,4702.34,4988.490833333333,5179.63,109.737890643008,-1.0,-1.8369701987210297e-16,3,0
2026-09-03 18:15:00+00:00,urn:ngsi-ld:Building:PUNE:BLD-PHOENIX-01,4635.78,29.6,1,4465.74,5136.32,5116.88,4998.12,4454.17,4977.457083333334,5179.63,129.74879902206368,-0.9978589232386036,0.06540312923014237,3,0
2026-09-03 18:30:00+00:00,urn:ngsi-ld:Building:PUNE:BLD-PHOENIX-01,4611.41,29.1,1,4250.7,4899.6,4873.22,4980.55,4636.24,4966.082916666666,5179.63,146.86851402831394,-0.9914448613738105,0.13052619222005127,3,0
2026-09-03 18:45:00+00:00,urn:ngsi-ld:Building:PUNE:BLD-PHOENIX-01,4577.91,28.9,1,4291.02,4755.35,4862.06,4989.17,4552.59,4955.365,5179.63,162.80944791521563,-0.9807852804032304,0.1950903220161283,3,0
2026-09-03 19:00:00+00:00,urn:ngsi-ld:Building:PUNE:BLD-PHOENIX-01,4515.62,27.5,1,4442.72,4642.45,4861.33,4987.52,4670.48,4934.5858333333335,5179.63,177.7967124682425,-0.9659258262890684,0.2588190451025203,3,0
2026-09-03 19:15:00+00:00,urn:ngsi-ld:Building:PUNE:BLD-PHOENIX-01,4465.74,27.4,1,4485.94,4635.78,5136.32,5116.88,4169.71,4918.10875,5179.63,197.32250633692817,-0.9469301294951057,0.3214394653031615,3,0
2026-09-03 19:30:00+00:00,urn:ngsi-ld:Building:PUNE:BLD-PHOENIX-01,4250.7,26.1,1,4373.12,4611.41,4899.6,4873.22,4297.99,4888.363333333334,5162.37,209.61051987102417,-0.923879532511287,0.38268343236508917,3,0
2026-09-03 19:45:00+00:00,urn:ngsi-ld:Building:PUNE:BLD-PHOENIX-01,4291.02,25.5,1,4499.66,4577.91,4755.35,4862.06,4294.34,4854.039583333333,5162.37,242.6524684915794,-0.8968727415326884,0.442288690219001,3,0
2026-09-03 20:00:00+00:00,urn:ngsi-ld:Building:PUNE:BLD-PHOENIX-01,4442.72,25.7,1,4361.99,4515.62,4642.45,4861.33,4259.7,4822.21,5162.37,264.2926758267666,-0.8660254037844386,0.5000000000000001,3,0
2026-09-03 20:15:00+00:00,urn:ngsi-ld:Building:PUNE:BLD-PHOENIX-01,4485.94,24.5,1,4265.47,4465.74,4635.78,5136.32,4392.73,4792.224583333334,5136.32,264.84524232548927,-0.8314696123025455,0.5555702330196018,3,0
2026-09-03 20:30:00+00:00,urn:ngsi-ld:Building:PUNE:BLD-PHOENIX-01,4373.12,24.8,1,4410.12,4250.7,4611.41,4899.6,4283.49,4768.21375,5136.32,265.4263258430909,-0.7933533402912357,0.6087614290087199,3,0
2026-09-03 20:45:00+00:00,urn:ngsi-ld:Building:PUNE:BLD-PHOENIX-01,4499.66,22.9,1,4640.66,4291.02,4577.91,4755.35,4214.26,4740.060416666666,5136.32,270.1629038108114,-0.7518398074789772,0.6593458151000691,3,0
2026-09-03 21:00:00+00:00,urn:ngsi-ld:Building:PUNE:BLD-PHOENIX-01,4361.99,22.7,1,4230.55,4442.72,4515.62,4642.45,4361.29,4717.8675,5136.32,266.9715416726318,-0.7071067811865477,0.7071067811865474,3,0
2026-09-03 21:15:00+00:00,urn:ngsi-ld:Building:PUNE:BLD-PHOENIX-01,4265.47,21.9,1,2195.28,4485.94,4465.74,4635.78,4324.22,4692.2575,5136.32,270.5266463328609,-0.6593458151000687,0.7518398074789775,3,0
2026-09-03 21:30:00+00:00,urn:ngsi-ld:Building:PUNE:BLD-PHOENIX-01,4410.12,20.7,1,2104.36,4373.12,4250.7,4611.41,4287.7,4661.730416666666,5136.32,275.7974493289556,-0.608761429008721,0.7933533402912349,3,0
2026-09-03 21:45:00+00:00,urn:ngsi-ld:Building:PUNE:BLD-PHOENIX-01,4640.66,20.5,1,1985.64,4499.66,4291.02,4577.91,4486.42,4637.962500000001,5136.32,271.6760621106134,-0.555570233019603,0.8314696123025447,3,0
2026-09-03 22:00:00+00:00,urn:ngsi-ld:Building:PUNE:BLD-PHOENIX-01,4230.55,19.7,1,1869.97,4361.99,4442.72,4515.62,4396.09,4623.44125,5136.32,261.19966294862076,-0.5000000000000004,0.8660254037844384,3,0
2026-09-03 22:15:00+00:00,urn:ngsi-ld:Building:PUNE:BLD-PHOENIX-01,2195.28,20.1,0,1836.93,4265.47,4485.94,4465.74,2084.72,4591.900833333333,5136.32,261.0277445843059,-0.4422886902190014,0.8968727415326883,3,0
2026-09-03 22:30:00+00:00,urn:ngsi-ld:Building:PUNE:BLD-PHOENIX-01,2104.36,19.3,0,1998.97,4410.12,4373.12,4250.7,2098.32,4470.1675000000005,5136.32,538.9058280986665,-0.38268343236508956,0.9238795325112868,3,0
2026-09-03 22:45:00+00:00,urn:ngsi-ld:Building:PUNE:BLD-PHOENIX-01,1985.64,17.6,0,1287.66,4640.66,4499.66,4291.02,2093.13,4354.798333333333,5136.32,716.1127262590412,-0.32143946530316186,0.9469301294951056,3,0
2026-09-03 23:00:00+00:00,urn:ngsi-ld:Building:PUNE:BLD-PHOENIX-01,1869.97,17.6,0,1334.91,4230.55,4361.99,4442.72,2028.95,4234.947499999999,5136.32,854.7986419454281,-0.25881904510252157,0.9659258262890681,3,0
2026-09-03 23:15:00+00:00,urn:ngsi-ld:Building:PUNE:BLD-PHOENIX-01,1836.93,17.8,0,1358.38,2195.28,4265.47,4485.94,1984.44,4110.3075,5136.32,969.840348785621,-0.19509032201612872,0.9807852804032303,3,0
2026-09-03 23:30:00+00:00,urn:ngsi-ld:Building:PUNE:BLD-PHOENIX-01,1998.97,16.5,0,1278.83,2104.36,4410.12,4373.12,2063.41,3972.8329166666667,4899.6,1048.7163642509106,-0.13052619222005168,0.9914448613738104,3,0
2026-09-03 23:45:00+00:00,urn:ngsi-ld:Building:PUNE:BLD-PHOENIX-01,1287.66,16.4,0,1263.46,1985.64,4640.66,4499.66,1227.22,3851.973333333333,4755.35,1103.0039407224601,-0.0654031292301428,0.9978589232386035,3,0
2026-09-04 00:00:00+00:00,urn:ngsi-ld:Building:PUNE:BLD-PHOENIX-01,1334.91,16.6,0,1218.42,1869.97,4230.55,4361.99,1100.0,3707.48625,4642.45,1202.1861246398698,0.0,1.0,4,0
2026-09-04 00:15:00+00:00,urn:ngsi-ld:Building:PUNE:BLD-PHOENIX-01,1358.38,16.6,0,1290.05,1836.93,2195.28,4265.47,1151.96,3569.6720833333334,4640.66,1277.5642412129032,0.06540312923014306,0.9978589232386035,4,0
2026-09-04 00:30:00+00:00,urn:ngsi-ld:Building:PUNE:BLD-PHOENIX-01,1278.83,15.8,0,1187.0,1998.97,2104.36,4410.12,1215.26,3433.1137500000004,4640.66,1332.6271745489014,0.13052619222005157,0.9914448613738104,4,0
2026-09-04 00:45:00+00:00,urn:ngsi-ld:Building:PUNE:BLD-PHOENIX-01,1263.46,15.8,0,1135.01,1287.66,1985.64,4640.66,1340.66,3294.2562500000004,4640.66,1377.3855508576391,0.19509032201612825,0.9807852804032304,4,0
2026-09-04 01:00:00+00:00,urn:ngsi-ld:Building:PUNE:BLD-PHOENIX-01,1218.42,15.0,0,1257.47,1334.91,1869.97,4230.55,1263.83,3156.1541666666667,4640.66,1408.8852514508708,0.25881904510252074,0.9659258262890683,4,0
2026-09-04 01:15:00+00:00,urn:ngsi-ld:Building:PUNE:BLD-PHOENIX-01,1290.05,14.5,0,1326.81,1358.38,1836.93,2195.28,1168.11,3018.7708333333335,4640.66,1431.139892478278,0.3214394653031616,0.9469301294951057,4,0
2026-09-04 01:30:00+00:00,urn:ngsi-ld:Building:PUNE:BLD-PHOENIX-01,1187.0,14.8,0,1116.38,1278.83,1998.97,2104.36,1144.36,2886.4504166666666,4640.66,1438.33024173557,0.3826834323650898,0.9238795325112867,4,0
2026-09-04 01:45:00+00:00,urn:ngsi-ld:Building:PUNE:BLD-PHOENIX-01,1135.01,14.3,0,1198.98,1263.46,1287.66,1985.64,1362.68,2758.79625,4640.66,1447.9088378305842,0.44228869021900125,0.8968727415326884,4,0
2026-09-04 02:00:00+00:00,urn:ngsi-ld:Building:PUNE:BLD-PHOENIX-01,1257.47,15.2,0,1253.91,1218.42,1334.91,1869.97,1233.26,2627.295833333333,4640.66,1446.015148110305,0.49999999999999994,0.8660254037844387,4,0
2026-09-04 02:15:00+00:00,urn:ngsi-ld:Building:PUNE:BLD-PHOENIX-01,1326.81,14.0,0,1251.9,1290.05,1358.38,1836.93,1100.0,2494.5770833333336,4640.66,1418.0511903940744,0.5555702330196022,0.8314696123025452,4,0
2026-09-04 02:30:00+00:00,urn:ngsi-ld:Building:PUNE:BLD-PHOENIX-01,1116.38,14.2,0,1301.67,1187.0,1278.83,1998.97,1239.23,2362.9466666666667,4640.66,1371.0089462197034,0.6087614290087207,0.7933533402912352,4,0
2026-09-04 02:45:00+00:00,urn:ngsi-ld:Building:PUNE:BLD-PHOENIX-01,1198.98,15.1,0,1429.35,1135.01,1263.46,1287.66,1317.12,2227.2491666666665,4640.66,1323.7546625509306,0.6593458151000688,0.7518398074789774,4,0
2026-09-04 03:00:00+00:00,urn:ngsi-ld:Building:PUNE:BLD-PHOENIX-01,1253.91,14.3,0,1100.0,1257.47,1218.42,1334.91,1141.68,2089.7208333333333,4640.66,1246.6137928627936,0.7071067811865476,0.7071067811865476,4,0
2026-09-04 03:15:00+00:00,urn:ngsi-ld:Building:PUNE:BLD-PHOENIX-01,1251.9,15.4,0,1434.74,1326.81,1290.05,1358.38,1256.42,1960.2175,4640.66,1158.6334281657007,0.7518398074789774,0.6593458151000688,4,0
2026-09-04 03:30:00+00:00,urn:ngsi-ld:Building:PUNE:BLD-PHOENIX-01,1301.67,14.1,0,1423.94,1116.38,1187.0,1278.83,1265.38,1834.6520833333334,4640.66,1056.759754261045,0.7933533402912352,0.6087614290087207,4,0
2026-09-04 03:45:00+00:00,urn:ngsi-ld:Building:PUNE:BLD-PHOENIX-01,1429.35,14.7,0,1336.65,1198.98,1135.01,1263.46,1146.83,1705.1333333333334,4640.66,907.3008094278111,0.8314696123025451,0.5555702330196024,4,0
2026-09-04 04:00:00+00:00,urn:ngsi-ld:Building:PUNE:BLD-PHOENIX-01,1100.0,15.2,0,1271.31,1253.91,1257.47,1218.42,1372.54,1571.3287500000004,4230.55,658.1440007575128,0.8660254037844386,0.5000000000000001,4,0
2026-09-04 04:15:00+00:00,urn:ngsi-ld:Building:PUNE:BLD-PHOENIX-01,1434.74,15.7,0,1188.78,1251.9,1326.81,1290.05,1267.07,1440.8891666666668,2195.28,342.9334190913163,0.8968727415326884,0.44228869021900125,4,0
2026-09-04 04:30:00+00:00,urn:ngsi-ld:Building:PUNE:BLD-PHOENIX-01,1423.94,16.7,0,1335.36,1301.67,1116.38,1187.0,1214.78,1409.2,2104.36,303.0072457448215,0.9238795325112867,0.38268343236508984,4,0
2026-09-04 04:45:00+00:00,urn:ngsi-ld:Building:PUNE:BLD-PHOENIX-01,1336.65,15.5,0,1276.3,1429.35,1198.98,1135.01,1233.89,1380.8491666666666,1998.97,264.52478805374096,0.9469301294951056,0.3214394653031617,4,0
2026-09-04 05:00:00+00:00,urn:ngsi-ld:Building:PUNE:BLD-PHOENIX-01,1271.31,16.0,0,1220.39,1100.0,1253.91,1257.47,1129.88,1353.8079166666666,1998.97,231.0674166440391,0.9659258262890683,0.25881904510252074,4,0
2026-09-04 05:15:00+00:00,urn:ngsi-ld:Building:PUNE:BLD-PHOENIX-01,1188.78,16.1,0,1332.62,1434.74,1251.9,1326.81,1126.32,1328.8637500000002,1998.97,203.60543780229796,0.9807852804032304,0.19509032201612833,4,0
2026-09-04 05:30:00+00:00,urn:ngsi-ld:Building:PUNE:BLD-PHOENIX-01,1335.36,16.9,0,1350.36,1423.94,1301.67,1116.38,1206.08,1301.8575,1998.97,174.13850692315518,0.9914448613738104,0.1305261922200517,4,0
2026-09-04 05:45:00+00:00,urn:ngsi-ld:Building:PUNE:BLD-PHOENIX-01,1276.3,18.2,0,1100.0,1336.65,1429.35,1198.98,1211.74,1274.2070833333335,1434.74,91.90366825593112,0.9978589232386035,0.06540312923014327,4,0
2026-09-04 06:00:00+00:00,urn:ngsi-ld:Building:PUNE:BLD-PHOENIX-01,1220.39,17.4,0,1385.05,1271.31,1100.0,1253.91,1227.66,1273.73375,1434.74,91.86061268864863,1.0,6.123233995736766e-17,4,0
2026-09-04 06:15:00+00:00,urn:ngsi-ld:Building:PUNE:BLD-PHOENIX-01,1332.62,18.3,0,1178.68,1188.78,1434.74,1251.9,1382.25,1268.9620833333333,1434.74,91.51838270904238,0.9978589232386035,-0.06540312923014314,4,0
2026-09-04 06:30:00+00:00,urn:ngsi-ld:Building:PUNE:BLD-PHOENIX-01,1350.36,20.0,0,1370.19,1335.36,1423.94,1301.67,1311.52,1267.8887499999998,1434.74,90.57023411150078,0.9914448613738104,-0.1305261922200516,4,0
2026-09-04 06:45:00+00:00,urn:ngsi-ld:Building:PUNE:BLD-PHOENIX-01,1100.0,19.3,0,1222.13,1276.3,1336.65,1429.35,1100.0,1270.8691666666666,1434.74,92.1097773647227,0.9807852804032304,-0.1950903220161282,4,0
2026-09-04 07:00:00+00:00,urn:ngsi-ld:Building:PUNE:BLD-PHOENIX-01,1385.05,19.3,0,2071.58,1220.39,1271.31,1100.0,1360.21,1264.0583333333332,1434.74,98.502909366018,0.9659258262890683,-0.25881904510252063,4,0
2026-09-04 07:15:00+00:00,urn:ngsi-ld:Building:PUNE:BLD-PHOENIX-01,1178.68,20.7,0,2090.13,1332.62,1188.78,1434.74,1205.36,1271.00125,1434.74,100.9873346043472,0.9469301294951057,-0.3214394653031616,4,0
2026-09-04 07:30:00+00:00,urn:ngsi-ld:Building:PUNE:BLD-PHOENIX-01,1370.19,22.5,0,2161.08,1350.36,1335.36,1423.94,1321.23,1266.3608333333334,1434.74,102.61954118979865,0.9238795325112868,-0.3826834323650895,4,0
2026-09-04 07:45:00+00:00,urn:ngsi-ld:Building:PUNE:BLD-PHOENIX-01,1222.13,22.2,0,2121.71,1100.0,1276.3,1336.65,1212.6,1273.99375,1434.74,103.27081227472621,0.8968727415326884,-0.44228869021900113,4,0
2026-09-04 08:00:00+00:00,urn:ngsi-ld:Building:PUNE:BLD-PHOENIX-01,2071.58,22.7,0,1810.97,1385.05,1220.39,1271.31,2060.82,1277.62375,1434.74,99.64042211901616,0.8660254037844387,-0.4999999999999998,4,0
2026-09-04 08:15:00+00:00,urn:ngsi-ld:Building:PUNE:BLD-PHOENIX-01,2090.13,24.3,0,1953.28,1178.68,1332.62,1188.78,1936.23,1311.545,2071.58,190.0450335645643,0.8314696123025451,-0.5555702330196023,4,0
2026-09-04 08:30:00+00:00,urn:ngsi-ld:Building:PUNE:BLD-PHOENIX-01,2161.08,24.4,0,2060.81,1370.19,1350.36,1335.36,2081.5,1343.3500000000001,2090.13,247.80583470328494,0.7933533402912352,-0.6087614290087207,4,0
2026-09-04 08:45:00+00:00,urn:ngsi-ld:Building:PUNE:BLD-PHOENIX-01,2121.71,23.9,0,2235.34,1222.13,1100.0,1276.3,2132.84,1386.8791666666666,2161.08,293.7071804855811,0.7518398074789774,-0.6593458151000688,4,0
2026-09-04 09:00:00+00:00,urn:ngsi-ld:Building:PUNE:BLD-PHOENIX-01,1810.97,25.1,0,4347.39,2071.58,1385.05,1220.39,1896.39,1425.32625,2161.08,326.59400807633153,0.7071067811865476,-0.7071067811865475,4,0
2026-09-04 09:15:00+00:00,urn:ngsi-ld:Building:PUNE:BLD-PHOENIX-01,1953.28,24.6,0,4439.26,2090.13,1178.68,1332.62,2134.47,1448.5370833333334,2161.08,333.60166333222924,0.659345815100069,-0.7518398074789773,4,0
2026-09-04 09:30:00+00:00,urn:ngsi-ld:Building:PUNE:BLD-PHOENIX-01,2060.81,26.8,0,4401.21,2161.08,1370.19,1350.36,1984.07,1477.7612500000002,2161.08,346.11342877239144,0.6087614290087209,-0.793353340291235,4,0
2026-09-04 09:45:00+00:00,urn:ngsi-ld:Building:PUNE:BLD-PHOENIX-01,2235.34,27.2,0,4644.49,2121.71,1222.13,1100.0,2216.5,1509.3920833333332,2161.08,363.5692096062088,0.5555702330196025,-0.831469612302545,4,0
2026-09-04 10:00:00+00:00,urn:ngsi-ld:Building:PUNE:BLD-PHOENIX-01,4347.39,26.9,1,4807.15,1810.97,2071.58,1385.05,4553.2,1542.9750000000001,2235.34,391.96967837470487,0.49999999999999994,-0.8660254037844387,4,0
2026-09-04 10:15:00+00:00,urn:ngsi-ld:Building:PUNE:BLD-PHOENIX-01,4439.26,28.4,1,4791.21,1953.28,2090.13,1178.68,4609.76,1678.2829166666668,4347.39,684.0685297380919,0.4422886902190017,-0.8968727415326881,4,0
2026-09-04 10:30:00+00:00,urn:ngsi-ld:Building:PUNE:BLD-PHOENIX-01,4401.21,28.8,1,4719.91,2060.81,2161.08,1370.19,4518.83,1803.4712499999998,4439.26,883.4319141320528,0.3826834323650899,-0.9238795325112867,4,0
2026-09-04 10:45:00+00:00,urn:ngsi-ld:Building:PUNE:BLD-PHOENIX-01,4644.49,30.1,1,4864.81,2235.34,2121.71,1222.13,4832.76,1927.5241666666668,4439.26,1025.442818349021,0.32143946530316175,-0.9469301294951056,4,0
2026-09-04 11:00:00+00:00,urn:ngsi-ld:Building:PUNE:BLD-PHOENIX-01,4807.15,31.0,1,4805.75,4347.39,1810.97,2071.58,4664.37,2065.3508333333334,4644.49,1156.4962244112598,0.258819045102521,-0.9659258262890682,4,0
2026-09-04 11:15:00+00:00,urn:ngsi-ld:Building:PUNE:BLD-PHOENIX-01,4791.21,30.9,1,5089.75,4439.26,1953.28,2090.13,4661.42,2212.6775000000002,4807.15,1270.538386344959,0.19509032201612816,-0.9807852804032304,4,0
2026-09-04 11:30:00+00:00,urn:ngsi-ld:Building:PUNE:BLD-PHOENIX-01,4719.91,30.7,1,5091.74,4401.21,2060.81,2161.08,4818.52,2362.77875,4807.15,1354.3471668805853,0.130526192220052,-0.9914448613738104,4,0
2026-09-04 11:45:00+00:00,urn:ngsi-ld:Building:PUNE:BLD-PHOENIX-01,4864.81,31.2,1,4995.97,4644.49,2235.34,2121.71,4962.23,2503.8016666666667,4807.15,1417.4544397759494,0.06540312923014312,-0.9978589232386035,4,0
2026-09-04 12:00:00+00:00,urn:ngsi-ld:Building:PUNE:BLD-PHOENIX-01,4805.75,31.1,1,4880.69,4807.15,4347.39,1810.97,4907.26,2653.322916666667,4864.81,1470.6123325498188,1.2246467991473532e-16,-1.0,4,0
2026-09-04 12:15:00+00:00,urn:ngsi-ld:Building:PUNE:BLD-PHOENIX-01,5089.75,31.5,1,5204.72,4791.21,4439.26,1953.28,4908.76,2802.712916666667,4864.81,1500.523723439301,-0.06540312923014287,-0.9978589232386035,4,0
2026-09-04 12:30:00+00:00,urn:ngsi-ld:Building:PUNE:BLD-PHOENIX-01,5091.74,32.2,1,5207.04,4719.91,4401.21,2060.81,4868.64,2959.26,5089.75,1536.050000878871,-0.13052619222005177,-0.9914448613738104,4,0
2026-09-04 12:45:00+00:00,urn:ngsi-ld:Building:PUNE:BLD-PHOENIX-01,4995.97,32.4,1,5275.32,4864.81,4644.49,2235.34,5076.61,3115.150833333333,5091.74,1555.3974162081806,-0.19509032201612792,-0.9807852804032305,4,0
2026-09-04 13:00:00+00:00,urn:ngsi-ld:Building:PUNE:BLD-PHOENIX-01,4880.69,32.0,1,5311.15,4805.75,4807.15,4347.39,4911.07,3277.4829166666664,5091.74,1539.158617470788,-0.2588190451025208,-0.9659258262890683,4,0
2026-09-04 13:15:00+00:00,urn:ngsi-ld:Building:PUNE:BLD-PHOENIX-01,5204.72,33.1,1,4988.85,5089.75,4791.21,4439.26,5179.63,3423.134583333333,5091.74,1517.5357249543918,-0.32143946530316153,-0.9469301294951057,4,0
2026-09-04 13:30:00+00:00,urn:ngsi-ld:Building:PUNE:BLD-PHOENIX-01,5207.04,33.3,1,5235.45,5091.74,4719.91,4401.21,5074.47,3590.88625,5204.72,1480.718580841929,-0.38268343236508967,-0.9238795325112868,4,0
2026-09-04 13:45:00+00:00,urn:ngsi-ld:Building:PUNE:BLD-PHOENIX-01,5275.32,33.7,1,5119.96,4995.97,4864.81,4644.49,5054.93,3750.7550000000006,5207.04,1437.0138354512305,-0.44228869021900147,-0.8968727415326883,4,0
2026-09-04 14:00:00+00:00,urn:ngsi-ld:Building:PUNE:BLD-PHOENIX-01,5311.15,33.4,1,5239.67,4880.69,4805.75,4807.15,5162.37,3919.6379166666666,5275.32,1363.197026414709,-0.4999999999999997,-0.8660254037844388,4,0
2026-09-04 14:15:00+00:00,urn:ngsi-ld:Building:PUNE:BLD-PHOENIX-01,4988.85,33.2,1,5065.13,5204.72,5089.75,4791.21,5062.2,4054.6199999999994,5311.15,1332.2870979602355,-0.555570233019602,-0.8314696123025455,4,0
2026-09-04 14:30:00+00:00,urn:ngsi-ld:Building:PUNE:BLD-PHOENIX-01,5235.45,32.8,1,4998.02,5207.04,5091.74,4719.91,5048.8,4175.400000000001,5311.15,1276.6839228386903,-0.6087614290087207,-0.7933533402912352,4,0
2026-09-04 14:45:00+00:00,urn:ngsi-ld:Building:PUNE:BLD-PHOENIX-01,5119.96,34.0,1,5004.07,5275.32,4995.97,4864.81,5032.29,4303.49875,5311.15,1218.7056619228138,-0.6593458151000688,-0.7518398074789774,4,0
2026-09-04 15:00:00+00:00,urn:ngsi-ld:Building:PUNE:BLD-PHOENIX-01,5239.67,34.2,1,5065.95,5311.15,4880.69,4805.75,4976.63,4428.425833333334,5311.15,1136.211180516069,-0.7071067811865471,-0.7071067811865479,4,0
2026-09-04 15:15:00+00:00,urn:ngsi-ld:Building:PUNE:BLD-PHOENIX-01,5065.13,34.5,1,5114.1,4988.85,5204.72,5089.75,4998.12,4571.288333333333,5311.15,1000.2098449289356,-0.7518398074789773,-0.6593458151000691,4,0
2026-09-04 15:30:00+00:00,urn:ngsi-ld:Building:PUNE:BLD-PHOENIX-01,4998.02,33.0,1,4933.35,5235.45,5207.04,5091.74,4980.55,4700.9487500000005,5311.15,833.9555318731702,-0.7933533402912349,-0.6087614290087209,4,0
2026-09-04 15:45:00+00:00,urn:ngsi-ld:Building:PUNE:BLD-PHOENIX-01,5004.07,31.8,1,4927.66,5119.96,5275.32,4995.97,4989.17,4823.3324999999995,5311.15,616.9537367001498,-0.8314696123025452,-0.5555702330196022,4,0
2026-09-04 16:00:00+00:00,urn:ngsi-ld:Building:PUNE:BLD-PHOENIX-01,5065.95,32.6,1,4928.64,5239.67,5311.15,4880.69,4987.52,4938.69625,5311.15,277.4169513458773,-0.8660254037844385,-0.5000000000000004,4,0
2026-09-04 16:15:00+00:00,urn:ngsi-ld:Building:PUNE:BLD-PHOENIX-01,5114.1,33.9,1,4658.26,5065.13,4988.85,5204.72,5116.88,4968.6362500000005,5311.15,248.04632647279848,-0.8968727415326883,-0.44228869021900136,4,0
2026-09-04 16:30:00+00:00,urn:ngsi-ld:Building:PUNE:BLD-PHOENIX-01,4933.35,32.0,1,4835.58,4998.02,5235.45,5207.04,4873.22,4996.754583333333,5311.15,222.34576033504553,-0.9238795325112868,-0.3826834323650895,4,0
2026-09-04 16:45:00+00:00,urn:ngsi-ld:Building:PUNE:BLD-PHOENIX-01,4927.66,32.5,1,4680.66,5004.07,5119.96,5275.32,4862.06,5018.927083333333,5311.15,183.51798519802858,-0.9469301294951056,-0.3214394653031618,4,0
2026-09-04 17:00:00+00:00,urn:ngsi-ld:Building:PUNE:BLD-PHOENIX-01,4928.64,31.2,1,4659.57,5065.95,5239.67,5311.15,4861.33,5030.725833333333,5311.15,166.73319869516789,-0.9659258262890683,-0.25881904510252063,4,0
2026-09-04 17:15:00+00:00,urn:ngsi-ld:Building:PUNE:BLD-PHOENIX-01,4658.26,31.4,1,4533.69,5114.1,5065.13,4988.85,5136.32,5035.787916666667,5311.15,161.4094767429983,-0.9807852804032303,-0.19509032201612866,4,0
2026-09-04 17:30:00+00:00,urn:ngsi-ld:Building:PUNE:BLD-PHOENIX-01,4835.58,30.0,1,4519.16,4933.35,4998.02,5235.45,4899.6,5030.248333333333,5311.15,172.09602023211053,-0.9914448613738104,-0.13052619222005163,4,0
2026-09-04 17:45:00+00:00,urn:ngsi-ld:Building:PUNE:BLD-PHOENIX-01,4680.66,30.5,1,4535.64,4927.66,5004.07,5119.96,4755.35,5035.067916666666,5311.15,164.478136751986,-0.9978589232386035,-0.06540312923014273,4,0
2026-09-04 18:00:00+00:00,urn:ngsi-ld:Building:PUNE:BLD-PHOENIX-01,4659.57,29.7,1,4383.93,4928.64,5065.95,5239.67,4642.45,5027.3949999999995,5311.15,176.61362488685006,-1.0,-1.8369701987210297e-16,4,0
2026-09-04 18:15:00+00:00,urn:ngsi-ld:Building:PUNE:BLD-PHOENIX-01,4533.69,29.7,1,4477.74,4658.26,5114.1,5065.13,4635.78,5021.304166666667,5311.15,186.8157583409747,-0.9978589232386036,0.06540312923014237,4,0
2026-09-04 18:30:00+00:00,urn:ngsi-ld:Building:PUNE:BLD-PHOENIX-01,4519.16,28.2,1,4340.89,4835.58,4933.35,4998.02,4611.41,4998.134999999999,5311.15,210.88861995401092,-0.9914448613738105,0.13052619222005127,4,0
2026-09-04 18:45:00+00:00,urn:ngsi-ld:Building:PUNE:BLD-PHOENIX-01,4535.64,28.1,1,4343.16,4680.66,4927.66,5004.07,4577.91,4974.2775,5311.15,231.2439947845844,-0.9807852804032304,0.1950903220161283,4,0
2026-09-04 19:00:00+00:00,urn:ngsi-ld:Building:PUNE:BLD-PHOENIX-01,4383.93,26.9,1,4338.69,4659.57,4928.64,5065.95,4515.62,4955.097083333333,5311.15,247.86041202189674,-0.9659258262890684,0.2588190451025203,4,0
2026-09-04 19:15:00+00:00,urn:ngsi-ld:Building:PUNE:BLD-PHOENIX-01,4477.74,27.7,1,4303.24,4533.69,4658.26,5114.1,4465.74,4934.39875,5311.15,273.7353011708287,-0.9469301294951057,0.3214394653031615,4,0
2026-09-04 19:30:00+00:00,urn:ngsi-ld:Building:PUNE:BLD-PHOENIX-01,4340.89,26.5,1,4314.52,4519.16,4835.58,4933.35,4250.7,4904.107916666667,5311.15,282.60097488956563,-0.923879532511287,0.38268343236508917,4,0
2026-09-04 19:45:00+00:00,urn:ngsi-ld:Building:PUNE:BLD-PHOENIX-01,4343.16,25.4,1,4399.67,4535.64,4680.66,4927.66,4291.02,4868.0183333333325,5311.15,297.1636743507538,-0.8968727415326884,0.442288690219001,4,0
2026-09-04 20:00:00+00:00,urn:ngsi-ld:Building:PUNE:BLD-PHOENIX-01,4338.69,26.0,1,4485.24,4383.93,4659.57,4928.64,4442.72,4829.178333333333,5311.15,302.48393871365636,-0.8660254037844386,0.5000000000000001,4,0
2026-09-04 20:15:00+00:00,urn:ngsi-ld:Building:PUNE:BLD-PHOENIX-01,4303.24,24.1,1,4261.25,4477.74,4533.69,4658.26,4485.94,4788.659166666667,5239.67,300.2389709072846,-0.8314696123025455,0.5555702330196018,4,0
2026-09-04 20:30:00+00:00,urn:ngsi-ld:Building:PUNE:BLD-PHOENIX-01,4314.52,24.1,1,4342.8,4340.89,4519.16,4835.58,4373.12,4760.092083333334,5239.67,312.7207833359802,-0.7933533402912357,0.6087614290087199,4,0
2026-09-04 20:45:00+00:00,urn:ngsi-ld:Building:PUNE:BLD-PHOENIX-01,4399.67,23.7,1,4241.86,4343.16,4535.64,4680.66,4499.66,4721.72,5239.67,308.32647585482835,-0.7518398074789772,0.6593458151000691,4,0
2026-09-04 21:00:00+00:00,urn:ngsi-ld:Building:PUNE:BLD-PHOENIX-01,4485.24,23.3,1,4304.92,4338.69,4383.93,4659.57,4361.99,4691.707916666666,5239.67,302.8849446353999,-0.7071067811865477,0.7071067811865474,4,0
2026-09-04 21:15:00+00:00,urn:ngsi-ld:Building:PUNE:BLD-PHOENIX-01,4261.25,22.7,1,2020.0,4303.24,4477.74,4533.69,4265.47,4660.2733333333335,5114.1,281.96939595988823,-0.6593458151000687,0.7518398074789775,4,0
2026-09-04 21:30:00+00:00,urn:ngsi-ld:Building:PUNE:BLD-PHOENIX-01,4342.8,21.0,1,2068.93,4314.52,4340.89,4519.16,4410.12,4626.778333333333,5114.1,279.52131172802797,-0.608761429008721,0.7933533402912349,4,0
2026-09-04 21:45:00+00:00,urn:ngsi-ld:Building:PUNE:BLD-PHOENIX-01,4241.86,20.7,1,2066.2,4399.67,4343.16,4535.64,4640.66,4599.4775,5114.1,273.6210511900714,-0.555570233019603,0.8314696123025447,4,0
2026-09-04 22:00:00+00:00,urn:ngsi-ld:Building:PUNE:BLD-PHOENIX-01,4304.92,20.1,1,2050.39,4485.24,4338.69,4383.93,4230.55,4567.71875,5114.1,268.8108580608757,-0.5000000000000004,0.8660254037844384,4,0
2026-09-04 22:15:00+00:00,urn:ngsi-ld:Building:PUNE:BLD-PHOENIX-01,2020.0,19.4,0,2091.35,4261.25,4303.24,4477.74,2195.28,4536.009166666667,5114.1,251.83329896749387,-0.4422886902190014,0.8968727415326883,4,0
2026-09-04 22:30:00+00:00,urn:ngsi-ld:Building:PUNE:BLD-PHOENIX-01,2068.93,20.0,0,1969.69,4342.8,4314.52,4340.89,2104.36,4407.088333333333,4933.35,553.8748644395943,-0.38268343236508956,0.9238795325112868,4,0
2026-09-04 22:45:00+00:00,urn:ngsi-ld:Building:PUNE:BLD-PHOENIX-01,2066.2,20.2,0,1269.74,4241.86,4399.67,4343.16,1985.64,4287.7375,4928.64,719.4213115701466,-0.32143946530316186,0.9469301294951056,4,0
2026-09-04 23:00:00+00:00,urn:ngsi-ld:Building:PUNE:BLD-PHOENIX-01,2050.39,18.0,0,1323.22,4304.92,4485.24,4338.69,1869.97,4168.51,4928.64,836.3638920220457,-0.25881904510252157,0.9659258262890681,4,0
2026-09-04 23:15:00+00:00,urn:ngsi-ld:Building:PUNE:BLD-PHOENIX-01,2091.35,17.9,0,1168.57,2020.0,4261.25,4303.24,1836.93,4048.5829166666667,4835.58,924.3578139089874,-0.19509032201612872,0.9807852804032303,4,0
2026-09-04 23:30:00+00:00,urn:ngsi-ld:Building:PUNE:BLD-PHOENIX-01,1969.69,18.5,0,1100.0,2068.93,4342.8,4314.52,1998.97,3941.6283333333336,4835.58,996.440866757745,-0.13052619222005168,0.9914448613738104,4,0
2026-09-04 23:45:00+00:00,urn:ngsi-ld:Building:PUNE:BLD-PHOENIX-01,1269.74,17.4,0,1349.56,2066.2,4241.86,4399.67,1287.66,3822.21625,4680.66,1054.6736675257794,-0.0654031292301428,0.9978589232386035,4,0
2026-09-05 00:00:00+00:00,urn:ngsi-ld:Building:PUNE:BLD-PHOENIX-01,1323.22,15.5,0,1144.66,2050.39,4304.92,4485.24,1334.91,3680.0945833333335,4659.57,1158.6570981283849,0.0,1.0,5,1
2026-09-05 00:15:00+00:00,urn:ngsi-ld:Building:PUNE:BLD-PHOENIX-01,1168.57,16.9,0,1200.37,2091.35,2020.0,4261.25,1358.38,3541.08,4535.64,1233.744188807948,0.06540312923014306,0.9978589232386035,5,1
2026-09-05 00:30:00+00:00,urn:ngsi-ld:Building:PUNE:BLD-PHOENIX-01,1100.0,15.8,0,1320.24,1969.69,2068.93,4342.8,1278.83,3400.866666666667,4535.64,1305.18302954918,0.13052619222005157,0.9914448613738104,5,1
2026-09-05 00:45:00+00:00,urn:ngsi-ld:Building:PUNE:BLD-PHOENIX-01,1349.56,14.7,0,1163.99,1269.74,2066.2,4241.86,1263.46,3258.4016666666666,4535.64,1363.1303463038582,0.19509032201612825,0.9807852804032304,5,1
2026-09-05 01:00:00+00:00,urn:ngsi-ld:Building:PUNE:BLD-PHOENIX-01,1144.66,14.9,0,1342.09,1323.22,2050.39,4304.92,1218.42,3125.648333333333,4485.24,1388.2462482247613,0.25881904510252074,0.9659258262890683,5,1
2026-09-05 01:15:00+00:00,urn:ngsi-ld:Building:PUNE:BLD-PHOENIX-01,1200.37,15.1,0,1186.82,1168.57,2091.35,2020.0,1290.05,2990.6787499999996,4485.24,1417.7458371786806,0.3214394653031616,0.9469301294951057,5,1
2026-09-05 01:30:00+00:00,urn:ngsi-ld:Building:PUNE:BLD-PHOENIX-01,1320.24,14.5,0,1175.51,1100.0,1969.69,2068.93,1187.0,2854.1216666666664,4485.24,1426.0980685244795,0.3826834323650898,0.9238795325112867,5,1
2026-09-05 01:45:00+00:00,urn:ngsi-ld:Building:PUNE:BLD-PHOENIX-01,1163.99,14.0,0,1142.29,1349.56,1269.74,2066.2,1135.01,2728.26125,4485.24,1422.4674481927195,0.44228869021900125,0.8968727415326884,5,1
2026-09-05 02:00:00+00:00,urn:ngsi-ld:Building:PUNE:BLD-PHOENIX-01,1342.09,14.7,0,1187.63,1144.66,1323.22,2050.39,1257.47,2595.795833333333,4485.24,1413.5436542832567,0.49999999999999994,0.8660254037844387,5,1
2026-09-05 02:15:00+00:00,urn:ngsi-ld:Building:PUNE:BLD-PHOENIX-01,1186.82,15.3,0,1306.18,1200.37,1168.57,2091.35,1326.81,2470.9375,4485.24,1384.956097211078,0.5555702330196022,0.8314696123025452,5,1
2026-09-05 02:30:00+00:00,urn:ngsi-ld:Building:PUNE:BLD-PHOENIX-01,1175.51,15.1,0,1200.39,1320.24,1100.0,1969.69,1116.38,2341.0866666666666,4485.24,1351.3814761831609,0.6087614290087207,0.7933533402912352,5,1
2026-09-05 02:45:00+00:00,urn:ngsi-ld:Building:PUNE:BLD-PHOENIX-01,1142.29,15.6,0,1350.0,1163.99,1349.56,1269.74,1198.98,2210.2945833333333,4485.24,1303.1217660278078,0.6593458151000688,0.7518398074789774,5,1
2026-09-05 03:00:00+00:00,urn:ngsi-ld:Building:PUNE:BLD-PHOENIX-01,1187.63,15.4,0,1254.24,1342.09,1144.66,1323.22,1253.91,2074.570416666667,4485.24,1232.919293562603,0.7071067811865476,0.7071067811865476,5,1
2026-09-05 03:15:00+00:00,urn:ngsi-ld:Building:PUNE:BLD-PHOENIX-01,1306.18,15.9,0,1262.52,1186.82,1200.37,1168.57,1251.9,1937.17,4342.8,1132.221980785512,0.7518398074789774,0.6593458151000688,5,1
2026-09-05 03:30:00+00:00,urn:ngsi-ld:Building:PUNE:BLD-PHOENIX-01,1200.39,14.2,0,1172.77,1175.51,1320.24,1100.0,1301.67,1814.0420833333335,4342.8,1024.0002767873848,0.7933533402912352,0.6087614290087207,5,1
2026-09-05 03:45:00+00:00,urn:ngsi-ld:Building:PUNE:BLD-PHOENIX-01,1350.0,15.5,0,1365.47,1142.29,1163.99,1349.56,1429.35,1683.1083333333333,4304.92,876.9454345905593,0.8314696123025451,0.5555702330196024,5,1
2026-09-05 04:00:00+00:00,urn:ngsi-ld:Building:PUNE:BLD-PHOENIX-01,1254.24,15.2,0,1324.06,1187.63,1342.09,1144.66,1100.0,1562.6141666666665,4304.92,688.5101937921793,0.8660254037844386,0.5000000000000001,5,1
2026-09-05 04:15:00+00:00,urn:ngsi-ld:Building:PUNE:BLD-PHOENIX-01,1262.52,15.9,0,1321.14,1306.18,1186.82,1200.37,1434.74,1435.5024999999998,2091.35,366.5432487590159,0.8968727415326884,0.44228869021900125,5,1
2026-09-05 04:30:00+00:00,urn:ngsi-ld:Building:PUNE:BLD-PHOENIX-01,1172.77,15.0,0,1235.44,1200.39,1175.51,1320.24,1423.94,1403.9408333333333,2091.35,346.0660410950762,0.9238795325112867,0.38268343236508984,5,1
2026-09-05 04:45:00+00:00,urn:ngsi-ld:Building:PUNE:BLD-PHOENIX-01,1365.47,16.2,0,1131.37,1350.0,1142.29,1163.99,1336.65,1366.6008333333332,2091.35,318.43953479578704,0.9469301294951056,0.3214394653031617,5,1
2026-09-05 05:00:00+00:00,urn:ngsi-ld:Building:PUNE:BLD-PHOENIX-01,1324.06,17.4,0,1267.62,1254.24,1187.63,1342.09,1271.31,1337.40375,2091.35,281.4858843446119,0.9659258262890683,0.25881904510252074,5,1
2026-09-05 05:15:00+00:00,urn:ngsi-ld:Building:PUNE:BLD-PHOENIX-01,1321.14,17.0,0,1301.88,1262.52,1306.18,1186.82,1188.78,1307.14,2091.35,237.03202539068647,0.9807852804032304,0.19509032201612833,5,1
2026-09-05 05:30:00+00:00,urn:ngsi-ld:Building:PUNE:BLD-PHOENIX-01,1235.44,16.9,0,1302.88,1172.77,1200.39,1175.51,1335.36,1275.0479166666667,1969.69,168.46225184121147,0.9914448613738104,0.1305261922200517,5,1
2026-09-05 05:45:00+00:00,urn:ngsi-ld:Building:PUNE:BLD-PHOENIX-01,1131.37,17.2,0,1289.22,1365.47,1350.0,1142.29,1276.3,1244.4541666666667,1365.47,80.57049275983888,0.9978589232386035,0.06540312923014327,5,1
2026-09-05 06:00:00+00:00,urn:ngsi-ld:Building:PUNE:BLD-PHOENIX-01,1267.62,18.4,0,1285.12,1324.06,1254.24,1187.63,1220.39,1238.68875,1365.47,83.5770390928447,1.0,6.123233995736766e-17,5,1
2026-09-05 06:15:00+00:00,urn:ngsi-ld:Building:PUNE:BLD-PHOENIX-01,1301.88,19.1,0,1186.38,1321.14,1262.52,1306.18,1332.62,1236.3720833333334,1365.47,81.88551711262622,0.9978589232386035,-0.06540312923014314,5,1
2026-09-05 06:30:00+00:00,urn:ngsi-ld:Building:PUNE:BLD-PHOENIX-01,1302.88,19.4,0,1190.76,1235.44,1172.77,1200.39,1350.36,1241.9266666666665,1365.47,81.6072660692804,0.9914448613738104,-0.1305261922200516,5,1
2026-09-05 06:45:00+00:00,urn:ngsi-ld:Building:PUNE:BLD-PHOENIX-01,1289.22,19.8,0,1143.13,1131.37,1365.47,1350.0,1100.0,1250.3799999999999,1365.47,76.62196103587841,0.9807852804032304,-0.1950903220161282,5,1
2026-09-05 07:00:00+00:00,urn:ngsi-ld:Building:PUNE:BLD-PHOENIX-01,1285.12,19.9,0,2151.24,1267.62,1324.06,1254.24,1385.05,1247.8658333333335,1365.47,74.17706236987412,0.9659258262890683,-0.25881904510252063,5,1
2026-09-05 07:15:00+00:00,urn:ngsi-ld:Building:PUNE:BLD-PHOENIX-01,1186.38,21.3,0,2237.36,1301.88,1321.14,1262.52,1178.68,1253.7183333333335,1365.47,71.15990203697082,0.9469301294951057,-0.3214394653031616,5,1
2026-09-05 07:30:00+00:00,urn:ngsi-ld:Building:PUNE:BLD-PHOENIX-01,1190.76,21.6,0,2338.02,1302.88,1235.44,1172.77,1370.19,1253.1354166666667,1365.47,71.67137552275882,0.9238795325112868,-0.3826834323650895,5,1
2026-09-05 07:45:00+00:00,urn:ngsi-ld:Building:PUNE:BLD-PHOENIX-01,1143.13,21.8,0,2074.24,1289.22,1131.37,1365.47,1222.13,1247.7404166666668,1365.47,71.27265543532422,0.8968727415326884,-0.44228869021900113,5,1
2026-09-05 08:00:00+00:00,urn:ngsi-ld:Building:PUNE:BLD-PHOENIX-01,2151.24,23.5,0,2085.37,1285.12,1267.62,1324.06,2071.58,1246.87125,1365.47,72.45576721460827,0.8660254037844387,-0.4999999999999998,5,1
2026-09-05 08:15:00+00:00,urn:ngsi-ld:Building:PUNE:BLD-PHOENIX-01,2237.36,23.7,0,2039.18,1186.38,1301.88,1321.14,2090.13,1280.5858333333333,2151.24,198.06480594931034,0.8314696123025451,-0.5555702330196023,5,1
2026-09-05 08:30:00+00:00,urn:ngsi-ld:Building:PUNE:BLD-PHOENIX-01,2338.02,23.9,0,2072.72,1190.76,1302.88,1235.44,2161.08,1324.3583333333333,2237.36,276.85519378815724,0.7933533402912352,-0.6087614290087207,5,1
2026-09-05 08:45:00+00:00,urn:ngsi-ld:Building:PUNE:BLD-PHOENIX-01,2074.24,24.5,0,1963.65,1143.13,1289.22,1131.37,2121.71,1372.79625,2338.02,343.38259478067977,0.7518398074789774,-0.6593458151000688,5,1
2026-09-05 09:00:00+00:00,urn:ngsi-ld:Building:PUNE:BLD-PHOENIX-01,2085.37,25.0,0,4739.23,2151.24,1285.12,1267.62,1810.97,1411.6274999999998,2338.02,367.99505944513817,0.7071067811865476,-0.7071067811865475,5,1
2026-09-05 09:15:00+00:00,urn:ngsi-ld:Building:PUNE:BLD-PHOENIX-01,2039.18,26.4,0,4672.47,2237.36,1186.38,1301.88,1953.28,1449.0333333333335,2338.02,389.2490948486899,0.659345815100069,-0.7518398074789773,5,1
2026-09-05 09:30:00+00:00,urn:ngsi-ld:Building:PUNE:BLD-PHOENIX-01,2072.72,27.5,0,5010.57,2338.02,1190.76,1302.88,2060.81,1479.5749999999998,2338.02,405.9514161335257,0.6087614290087209,-0.793353340291235,5,1
2026-09-05 09:45:00+00:00,urn:ngsi-ld:Building:PUNE:BLD-PHOENIX-01,1963.65,27.2,0,4745.1,2074.24,1143.13,1289.22,2235.34,1515.9220833333331,2338.02,418.71910152556177,0.5555702330196025,-0.831469612302545,5,1
2026-09-05 10:00:00+00:00,urn:ngsi-ld:Building:PUNE:BLD-PHOENIX-01,4739.23,27.9,1,5018.45,2085.37,2151.24,1285.12,4347.39,1541.4908333333333,2338.02,426.80464239876204,0.49999999999999994,-0.8660254037844387,5,1
2026-09-05 10:15:00+00:00,urn:ngsi-ld:Building:PUNE:BLD-PHOENIX-01,4672.47,27.8,1,5127.89,2039.18,2237.36,1186.38,4439.26,1686.6987500000002,4739.23,775.3457927879481,0.4422886902190017,-0.8968727415326881,5,1
2026-09-05 10:30:00+00:00,urn:ngsi-ld:Building:PUNE:BLD-PHOENIX-01,5010.57,30.4,1,5065.36,2072.72,2338.02,1190.76,4401.21,1828.7799999999997,4739.23,979.7319431531953,0.3826834323650899,-0.9238795325112867,5,1
2026-09-05 10:45:00+00:00,urn:ngsi-ld:Building:PUNE:BLD-PHOENIX-01,4745.1,28.4,1,5007.07,1963.65,2074.24,1143.13,4644.49,1988.6883333333333,5010.57,1163.8926428216864,0.32143946530316175,-0.9469301294951056,5,1
2026-09-05 11:00:00+00:00,urn:ngsi-ld:Building:PUNE:BLD-PHOENIX-01,5018.45,29.8,1,4995.52,4739.23,2085.37,2151.24,4807.15,2129.50625,5010.57,1283.5133789679148,0.258819045102521,-0.9659258262890682,5,1
2026-09-05 11:15:00+00:00,urn:ngsi-ld:Building:PUNE:BLD-PHOENIX-01,5127.89,30.6,1,5352.23,4672.47,2039.18,2237.36,4791.21,2283.4391666666666,5018.45,1399.0511654686684,0.19509032201612816,-0.9807852804032304,5,1
2026-09-05 11:30:00+00:00,urn:ngsi-ld:Building:PUNE:BLD-PHOENIX-01,5065.36,30.3,1,5322.26,5010.57,2072.72,2338.02,4719.91,2442.05375,5127.89,1497.5340680564304,0.130526192220052,-0.9914448613738104,5,1
2026-09-05 11:45:00+00:00,urn:ngsi-ld:Building:PUNE:BLD-PHOENIX-01,5007.07,30.6,1,5171.11,4745.1,1963.65,2074.24,4864.81,2601.63375,5127.89,1565.8673226704223,0.06540312923014312,-0.9978589232386035,5,1
2026-09-05 12:00:00+00:00,urn:ngsi-ld:Building:PUNE:BLD-PHOENIX-01,4995.52,31.0,1,5390.72,5018.45,4739.23,2085.37,4805.75,2763.12125,5127.89,1606.9577226556685,1.2246467991473532e-16,-1.0,5,1
2026-09-05 12:15:00+00:00,urn:ngsi-ld:Building:PUNE:BLD-PHOENIX-01,5352.23,32.5,1,5418.89,5127.89,4672.47,2039.18,5089.75,2918.4504166666666,5127.89,1636.024215897841,-0.06540312923014287,-0.9978589232386035,5,1
2026-09-05 12:30:00+00:00,urn:ngsi-ld:Building:PUNE:BLD-PHOENIX-01,5322.26,32.8,1,5149.85,5065.36,5010.57,2072.72,5091.74,3087.215,5352.23,1670.559108739133,-0.13052619222005177,-0.9914448613738104,5,1
2026-09-05 12:45:00+00:00,urn:ngsi-ld:Building:PUNE:BLD-PHOENIX-01,5171.11,33.0,1,5381.04,5007.07,4745.1,1963.65,4995.97,3254.6891666666666,5352.23,1685.308517323899,-0.19509032201612792,-0.9807852804032305,5,1
2026-09-05 13:00:00+00:00,urn:ngsi-ld:Building:PUNE:BLD-PHOENIX-01,5390.72,33.3,1,5305.82,4995.52,5018.45,4739.23,4880.69,3416.4345833333336,5352.23,1674.7201221955759,-0.2588190451025208,-0.9659258262890683,5,1
2026-09-05 13:15:00+00:00,urn:ngsi-ld:Building:PUNE:BLD-PHOENIX-01,5418.89,33.4,1,5258.76,5352.23,5127.89,4672.47,5204.72,3587.50125,5390.72,1657.1424063529198,-0.32143946530316153,-0.9469301294951057,5,1
2026-09-05 13:30:00+00:00,urn:ngsi-ld:Building:PUNE:BLD-PHOENIX-01,5149.85,32.6,1,5243.45,5322.26,5065.36,5010.57,5207.04,3763.8558333333335,5418.89,1615.1855583584531,-0.38268343236508967,-0.9238795325112868,5,1
2026-09-05 13:45:00+00:00,urn:ngsi-ld:Building:PUNE:BLD-PHOENIX-01,5381.04,32.9,1,5218.96,5171.11,5007.07,4745.1,5275.32,3928.8179166666664,5418.89,1541.4563815120325,-0.44228869021900147,-0.8968727415326883,5,1
2026-09-05 14:00:00+00:00,urn:ngsi-ld:Building:PUNE:BLD-PHOENIX-01,5305.82,33.8,1,5281.95,5390.72,4995.52,5018.45,5311.15,4105.3975,5418.89,1448.3961486484184,-0.4999999999999997,-0.8660254037844388,5,1
2026-09-05 14:15:00+00:00,urn:ngsi-ld:Building:PUNE:BLD-PHOENIX-01,5258.76,32.9,1,5469.08,5418.89,5352.23,5127.89,4988.85,4236.838333333333,5418.89,1405.8607806999075,-0.555570233019602,-0.8314696123025455,5,1
2026-09-05 14:30:00+00:00,urn:ngsi-ld:Building:PUNE:BLD-PHOENIX-01,5243.45,33.3,1,5250.84,5149.85,5322.26,5065.36,5235.45,4362.7300000000005,5418.89,1353.3254614178184,-0.6087614290087207,-0.7933533402912352,5,1
2026-09-05 14:45:00+00:00,urn:ngsi-ld:Building:PUNE:BLD-PHOENIX-01,5218.96,32.6,1,5370.49,5381.04,5171.11,5007.07,5119.96,4483.789583333333,5418.89,1292.9365378873708,-0.6593458151000688,-0.7518398074789774,5,1
2026-09-05 15:00:00+00:00,urn:ngsi-ld:Building:PUNE:BLD-PHOENIX-01,5281.95,33.5,1,5385.29,5305.82,5390.72,4995.52,5239.67,4614.819583333334,5418.89,1193.6652756821745,-0.7071067811865471,-0.7071067811865479,5,1
2026-09-05 15:15:00+00:00,urn:ngsi-ld:Building:PUNE:BLD-PHOENIX-01,5469.08,33.2,1,5368.63,5258.76,5418.89,5352.23,5065.13,4748.010416666667,5418.89,1071.2130227537523,-0.7518398074789773,-0.6593458151000691,5,1
2026-09-05 15:30:00+00:00,urn:ngsi-ld:Building:PUNE:BLD-PHOENIX-01,5250.84,32.4,1,5248.16,5243.45,5149.85,5322.26,4998.02,4890.922916666667,5469.08,910.9107329121911,-0.7933533402912349,-0.6087614290087209,5,1
2026-09-05 15:45:00+00:00,urn:ngsi-ld:Building:PUNE:BLD-PHOENIX-01,5370.49,33.6,1,5276.92,5218.96,5381.04,5171.11,5004.07,5023.3445833333335,5469.08,686.8599957587851,-0.8314696123025452,-0.5555702330196022,5,1
2026-09-05 16:00:00+00:00,urn:ngsi-ld:Building:PUNE:BLD-PHOENIX-01,5385.29,32.4,1,5190.09,5281.95,5305.82,5390.72,5065.95,5165.296249999999,5469.08,221.2646868388112,-0.8660254037844385,-0.5000000000000004,5,1
2026-09-05 16:15:00+00:00,urn:ngsi-ld:Building:PUNE:BLD-PHOENIX-01,5368.63,32.3,1,5123.38,5469.08,5258.76,5418.89,5114.1,5192.215416666667,5469.08,205.9452039401153,-0.8968727415326883,-0.44228869021900136,5,1
2026-09-05 16:30:00+00:00,urn:ngsi-ld:Building:PUNE:BLD-PHOENIX-01,5248.16,32.5,1,5028.71,5250.84,5243.45,5149.85,4933.35,5221.222083333333,5469.08,176.475438320136,-0.9238795325112868,-0.3826834323650895,5,1
2026-09-05 16:45:00+00:00,urn:ngsi-ld:Building:PUNE:BLD-PHOENIX-01,5276.92,32.2,1,5139.81,5370.49,5218.96,5381.04,4927.66,5231.121666666667,5469.08,170.71482153809706,-0.9469301294951056,-0.3214394653031618,5,1
2026-09-05 17:00:00+00:00,urn:ngsi-ld:Building:PUNE:BLD-PHOENIX-01,5190.09,32.1,1,4993.99,5385.29,5281.95,5305.82,4928.64,5253.280833333333,5469.08,135.838362319219,-0.9659258262890683,-0.25881904510252063,5,1
2026-09-05 17:15:00+00:00,urn:ngsi-ld:Building:PUNE:BLD-PHOENIX-01,5123.38,31.2,1,5161.29,5368.63,5469.08,5258.76,4658.26,5260.4325,5469.08,127.17968197221232,-0.9807852804032303,-0.19509032201612866,5,1
2026-09-05 17:30:00+00:00,urn:ngsi-ld:Building:PUNE:BLD-PHOENIX-01,5028.71,31.1,1,4957.82,5248.16,5250.84,5243.45,4835.58,5260.244583333333,5469.08,127.38719999116591,-0.9914448613738104,-0.13052619222005163,5,1
2026-09-05 17:45:00+00:00,urn:ngsi-ld:Building:PUNE:BLD-PHOENIX-01,5139.81,30.9,1,4498.37,5276.92,5370.49,5218.96,4680.66,5258.7175,5469.08,130.01751812581452,-0.9978589232386035,-0.06540312923014273,5,1
2026-09-05 18:00:00+00:00,urn:ngsi-ld:Building:PUNE:BLD-PHOENIX-01,4993.99,29.0,1,4684.44,5190.09,5385.29,5281.95,4659.57,5264.248333333333,5469.08,121.38389190713958,-1.0,-1.8369701987210297e-16,5,1
2026-09-05 18:15:00+00:00,urn:ngsi-ld:Building:PUNE:BLD-PHOENIX-01,5161.29,30.6,1,4644.04,5123.38,5368.63,5469.08,4533.69,5264.184583333334,5469.08,121.53147454136345,-0.9978589232386036,0.06540312923014237,5,1
2026-09-05 18:30:00+00:00,urn:ngsi-ld:Building:PUNE:BLD-PHOENIX-01,4957.82,29.6,1,4511.99,5028.71,5248.16,5250.84,4519.16,5256.22875,5469.08,121.76668657424479,-0.9914448613738105,0.13052619222005127,5,1
2026-09-05 18:45:00+00:00,urn:ngsi-ld:Building:PUNE:BLD-PHOENIX-01,4498.37,27.2,1,4793.44,5139.81,5276.92,5370.49,4535.64,5241.04375,5469.08,135.16134187529696,-0.9807852804032304,0.1950903220161283,5,1
2026-09-05 19:00:00+00:00,urn:ngsi-ld:Building:PUNE:BLD-PHOENIX-01,4684.44,27.8,1,4732.63,4993.99,5190.09,5385.29,4383.93,5213.012916666667,5469.08,203.0199860044336,-0.9659258262890684,0.2588190451025203,5,1
2026-09-05 19:15:00+00:00,urn:ngsi-ld:Building:PUNE:BLD-PHOENIX-01,4644.04,26.5,1,4701.85,5161.29,5123.38,5368.63,4477.74,5183.584583333333,5469.08,226.0260196638118,-0.9469301294951057,0.3214394653031615,5,1
2026-09-05 19:30:00+00:00,urn:ngsi-ld:Building:PUNE:BLD-PHOENIX-01,4511.99,26.8,1,4720.42,4957.82,5028.71,5248.16,4340.89,5151.299166666667,5469.08,245.45803494903836,-0.923879532511287,0.38268343236508917,5,1
2026-09-05 19:45:00+00:00,urn:ngsi-ld:Building:PUNE:BLD-PHOENIX-01,4793.44,25.6,1,4540.6,4498.37,5139.81,5276.92,4343.16,5124.721666666667,5469.08,277.99775300421146,-0.8968727415326884,0.442288690219001,5,1
2026-09-05 20:00:00+00:00,urn:ngsi-ld:Building:PUNE:BLD-PHOENIX-01,4732.63,24.6,1,4568.99,4684.44,4993.99,5190.09,4338.69,5100.238333333334,5469.08,280.30769689086236,-0.8660254037844386,0.5000000000000001,5,1
2026-09-05 20:15:00+00:00,urn:ngsi-ld:Building:PUNE:BLD-PHOENIX-01,4701.85,24.3,1,4674.53,4644.04,5161.29,5123.38,4303.24,5076.355416666666,5469.08,286.3828335877676,-0.8314696123025455,0.5555702330196018,5,1
2026-09-05 20:30:00+00:00,urn:ngsi-ld:Building:PUNE:BLD-PHOENIX-01,4720.42,24.7,1,4682.01,4511.99,4957.82,5028.71,4314.52,5053.150833333333,5469.08,293.43601185177636,-0.7933533402912357,0.6087614290087199,5,1
2026-09-05 20:45:00+00:00,urn:ngsi-ld:Building:PUNE:BLD-PHOENIX-01,4540.6,23.9,1,4521.76,4793.44,4498.37,5139.81,4399.67,5031.357916666667,5469.08,298.073934919016,-0.7518398074789772,0.6593458151000691,5,1
2026-09-05 21:00:00+00:00,urn:ngsi-ld:Building:PUNE:BLD-PHOENIX-01,4568.99,23.4,1,4667.65,4732.63,4684.44,4993.99,4485.24,5003.092916666667,5469.08,311.37706565013366,-0.7071067811865477,0.7071067811865474,5,1
2026-09-05 21:15:00+00:00,urn:ngsi-ld:Building:PUNE:BLD-PHOENIX-01,4674.53,22.3,1,2045.75,4701.85,4644.04,5161.29,4261.25,4973.38625,5469.08,317.56443889479834,-0.6593458151000687,0.7518398074789775,5,1
2026-09-05 21:30:00+00:00,urn:ngsi-ld:Building:PUNE:BLD-PHOENIX-01,4682.01,21.8,1,2141.78,4720.42,4511.99,4957.82,4342.8,4940.28,5385.29,304.8009449517867,-0.608761429008721,0.7933533402912349,5,1
2026-09-05 21:45:00+00:00,urn:ngsi-ld:Building:PUNE:BLD-PHOENIX-01,4521.76,20.4,1,2082.49,4540.6,4793.44,4498.37,4241.86,4916.57875,5385.29,301.70220461956507,-0.555570233019603,0.8314696123025447,5,1
2026-09-05 22:00:00+00:00,urn:ngsi-ld:Building:PUNE:BLD-PHOENIX-01,4667.65,20.9,1,2206.21,4568.99,4732.63,4684.44,4304.92,4881.215,5385.29,295.86933170489436,-0.5000000000000004,0.8660254037844384,5,1
2026-09-05 22:15:00+00:00,urn:ngsi-ld:Building:PUNE:BLD-PHOENIX-01,2045.75,20.5,0,2017.94,4674.53,4701.85,4644.04,2020.0,4851.3133333333335,5368.63,278.46231379814947,-0.4422886902190014,0.8968727415326883,5,1
2026-09-05 22:30:00+00:00,urn:ngsi-ld:Building:PUNE:BLD-PHOENIX-01,2141.78,18.4,0,1946.24,4682.01,4720.42,4511.99,2068.93,4712.86,5276.92,622.9995553142539,-0.38268343236508956,0.9238795325112868,5,1
2026-09-05 22:45:00+00:00,urn:ngsi-ld:Building:PUNE:BLD-PHOENIX-01,2082.49,18.5,0,1403.13,4521.76,4540.6,4793.44,2066.2,4583.427500000001,5276.92,803.4922148171414,-0.32143946530316186,0.9469301294951056,5,1
2026-09-05 23:00:00+00:00,urn:ngsi-ld:Building:PUNE:BLD-PHOENIX-01,2206.21,17.8,0,1287.54,4667.65,4568.99,4732.63,2050.39,4450.32625,5190.09,937.0946754768584,-0.25881904510252157,0.9659258262890681,5,1
2026-09-05 23:15:00+00:00,urn:ngsi-ld:Building:PUNE:BLD-PHOENIX-01,2017.94,17.2,0,1246.3,2045.75,4674.53,4701.85,2091.35,4325.997916666666,5161.29,1028.1937395468365,-0.19509032201612872,0.9807852804032303,5,1
2026-09-05 23:30:00+00:00,urn:ngsi-ld:Building:PUNE:BLD-PHOENIX-01,1946.24,17.3,0,1172.24,2141.78,4682.01,4720.42,1969.69,4196.604583333334,5161.29,1115.204881659907,-0.13052619222005168,0.9914448613738104,5,1
2026-09-05 23:45:00+00:00,urn:ngsi-ld:Building:PUNE:BLD-PHOENIX-01,1403.13,17.1,0,1219.01,2082.49,4521.76,4540.6,1269.74,4068.168333333333,5161.29,1190.1867736461884,-0.0654031292301428,0.9978589232386035,5,1
2026-09-06 00:00:00+00:00,urn:ngsi-ld:Building:PUNE:BLD-PHOENIX-01,1287.54,16.2,0,1214.17,2206.21,4667.65,4568.99,1323.22,3912.4733333333334,5161.29,1284.5698968159725,0.0,1.0,6,1
2026-09-06 00:15:00+00:00,urn:ngsi-ld:Building:PUNE:BLD-PHOENIX-01,1246.3,14.5,0,1142.46,2017.94,2045.75,4674.53,1168.57,3758.037916666666,5161.29,1368.924449428563,0.06540312923014306,0.9978589232386035,6,1
2026-09-06 00:30:00+00:00,urn:ngsi-ld:Building:PUNE:BLD-PHOENIX-01,1172.24,15.6,0,1100.0,1946.24,2141.78,4682.01,1100.0,3594.9133333333334,4957.82,1426.4889284645283,0.13052619222005157,0.9914448613738104,6,1
2026-09-06 00:45:00+00:00,urn:ngsi-ld:Building:PUNE:BLD-PHOENIX-01,1219.01,16.1,0,1212.03,1403.13,2082.49,4521.76,1349.56,3437.1808333333333,4793.44,1477.6118768852357,0.19509032201612825,0.9807852804032304,6,1
2026-09-06 01:00:00+00:00,urn:ngsi-ld:Building:PUNE:BLD-PHOENIX-01,1214.17,15.1,0,1323.02,1287.54,2206.21,4667.65,1144.66,3300.540833333333,4793.44,1526.0465460788746,0.25881904510252074,0.9659258262890683,6,1
2026-09-06 01:15:00+00:00,urn:ngsi-ld:Building:PUNE:BLD-PHOENIX-01,1142.46,13.9,0,1373.93,1246.3,2017.94,2045.75,1200.37,3155.9462499999995,4793.44,1553.3805981788087,0.3214394653031616,0.9469301294951057,6,1
2026-09-06 01:30:00+00:00,urn:ngsi-ld:Building:PUNE:BLD-PHOENIX-01,1100.0,15.4,0,1345.86,1172.24,1946.24,2141.78,1320.24,3010.0470833333334,4793.44,1571.8671501903796,0.3826834323650898,0.9238795325112867,6,1
2026-09-06 01:45:00+00:00,urn:ngsi-ld:Building:PUNE:BLD-PHOENIX-01,1212.03,14.2,0,1351.96,1219.01,1403.13,2082.49,1163.99,2867.880833333333,4793.44,1584.3666034204443,0.44228869021900125,0.8968727415326884,6,1
2026-09-06 02:00:00+00:00,urn:ngsi-ld:Building:PUNE:BLD-PHOENIX-01,1323.02,15.6,0,1152.29,1214.17,1287.54,2206.21,1342.09,2718.655416666667,4732.63,1563.6444297411938,0.49999999999999994,0.8660254037844387,6,1
2026-09-06 02:15:00+00:00,urn:ngsi-ld:Building:PUNE:BLD-PHOENIX-01,1373.93,14.2,0,1276.35,1142.46,1246.3,2017.94,1186.82,2576.588333333333,4720.42,1527.1733053775993,0.5555702330196022,0.8314696123025452,6,1
2026-09-06 02:30:00+00:00,urn:ngsi-ld:Building:PUNE:BLD-PHOENIX-01,1345.86,14.1,0,1302.63,1100.0,1172.24,1946.24,1175.51,2437.9249999999997,4720.42,1476.042453168773,0.6087614290087207,0.7933533402912352,6,1
2026-09-06 02:45:00+00:00,urn:ngsi-ld:Building:PUNE:BLD-PHOENIX-01,1351.96,13.7,0,1308.94,1212.03,1219.01,1403.13,1142.29,2297.318333333333,4682.01,1408.3364739376568,0.6593458151000688,0.7518398074789774,6,1
2026-09-06 03:00:00+00:00,urn:ngsi-ld:Building:PUNE:BLD-PHOENIX-01,1152.29,14.3,0,1244.21,1323.02,1214.17,1287.54,1187.63,2164.458333333333,4682.01,1336.058681019474,0.7071067811865476,0.7071067811865476,6,1
2026-09-06 03:15:00+00:00,urn:ngsi-ld:Building:PUNE:BLD-PHOENIX-01,1276.35,14.6,0,1264.4,1373.93,1142.46,1246.3,1306.18,2022.095833333333,4682.01,1247.8244829403372,0.7518398074789774,0.6593458151000688,6,1
2026-09-06 03:30:00+00:00,urn:ngsi-ld:Building:PUNE:BLD-PHOENIX-01,1302.63,14.5,0,1445.87,1345.86,1100.0,1172.24,1200.39,1880.505,4682.01,1120.0173780988546,0.7933533402912352,0.6087614290087207,6,1
2026-09-06 03:45:00+00:00,urn:ngsi-ld:Building:PUNE:BLD-PHOENIX-01,1308.94,14.7,0,1342.72,1351.96,1212.03,1219.01,1350.0,1739.6975,4667.65,952.3828817155072,0.8314696123025451,0.5555702330196024,6,1
2026-09-06 04:00:00+00:00,urn:ngsi-ld:Building:PUNE:BLD-PHOENIX-01,1244.21,15.5,0,1299.02,1152.29,1323.02,1214.17,1254.24,1605.8300000000002,4667.65,748.2545084452507,0.8660254037844386,0.5000000000000001,6,1
2026-09-06 04:15:00+00:00,urn:ngsi-ld:Building:PUNE:BLD-PHOENIX-01,1264.4,15.2,0,1316.88,1276.35,1373.93,1142.46,1262.52,1463.1866666666667,2206.21,369.78530994243164,0.8968727415326884,0.44228869021900125,6,1
2026-09-06 04:30:00+00:00,urn:ngsi-ld:Building:PUNE:BLD-PHOENIX-01,1445.87,16.1,0,1207.83,1302.63,1345.86,1100.0,1172.77,1430.6304166666669,2206.21,350.13943253053696,0.9238795325112867,0.38268343236508984,6,1
2026-09-06 04:45:00+00:00,urn:ngsi-ld:Building:PUNE:BLD-PHOENIX-01,1342.72,16.7,0,1311.52,1308.94,1351.96,1212.03,1365.47,1401.6341666666667,2206.21,315.8195030449618,0.9469301294951056,0.3214394653031617,6,1
2026-09-06 05:00:00+00:00,urn:ngsi-ld:Building:PUNE:BLD-PHOENIX-01,1299.02,18.3,0,1263.13,1244.21,1152.29,1323.02,1324.06,1370.8104166666665,2206.21,280.61801154613977,0.9659258262890683,0.25881904510252074,6,1
2026-09-06 05:15:00+00:00,urn:ngsi-ld:Building:PUNE:BLD-PHOENIX-01,1316.88,17.1,0,1332.0,1264.4,1276.35,1373.93,1321.14,1333.0108333333335,2017.94,217.10934626127883,0.9807852804032304,0.19509032201612833,6,1
2026-09-06 05:30:00+00:00,urn:ngsi-ld:Building:PUNE:BLD-PHOENIX-01,1207.83,16.7,0,1186.35,1445.87,1302.63,1345.86,1235.44,1303.8,1946.24,160.81213222113075,0.9914448613738104,0.1305261922200517,6,1
2026-09-06 05:45:00+00:00,urn:ngsi-ld:Building:PUNE:BLD-PHOENIX-01,1311.52,17.4,0,1323.52,1342.72,1308.94,1351.96,1131.37,1273.0329166666668,1445.87,85.60648804507481,0.9978589232386035,0.06540312923014327,6,1
2026-09-06 06:00:00+00:00,urn:ngsi-ld:Building:PUNE:BLD-PHOENIX-01,1263.13,18.1,0,1220.25,1299.02,1244.21,1152.29,1267.62,1269.2158333333334,1445.87,81.49717247214731,1.0,6.123233995736766e-17,6,1
2026-09-06 06:15:00+00:00,urn:ngsi-ld:Building:PUNE:BLD-PHOENIX-01,1332.0,19.4,0,1323.99,1316.88,1264.4,1276.35,1301.88,1268.19875,1445.87,81.41081678508282,0.9978589232386035,-0.06540312923014314,6,1
2026-09-06 06:30:00+00:00,urn:ngsi-ld:Building:PUNE:BLD-PHOENIX-01,1186.35,19.2,0,1276.97,1207.83,1445.87,1302.63,1302.88,1271.7695833333335,1445.87,82.28334104059468,0.9914448613738104,-0.1305261922200516,6,1
2026-09-06 06:45:00+00:00,urn:ngsi-ld:Building:PUNE:BLD-PHOENIX-01,1323.52,20.5,0,1256.09,1311.52,1342.72,1308.94,1289.22,1272.3574999999998,1445.87,81.58875685774775,0.9807852804032304,-0.1950903220161282,6,1
2026-09-06 07:00:00+00:00,urn:ngsi-ld:Building:PUNE:BLD-PHOENIX-01,1220.25,19.4,0,2025.18,1263.13,1299.02,1244.21,1285.12,1276.7120833333333,1445.87,81.40644905402482,0.9659258262890683,-0.25881904510252063,6,1
2026-09-06 07:15:00+00:00,urn:ngsi-ld:Building:PUNE:BLD-PHOENIX-01,1323.99,21.0,0,2046.71,1332.0,1316.88,1264.4,1186.38,1276.9654166666667,1445.87,81.21258822815574,0.9469301294951057,-0.3214394653031616,6,1
2026-09-06 07:30:00+00:00,urn:ngsi-ld:Building:PUNE:BLD-PHOENIX-01,1276.97,22.1,0,2012.24,1186.35,1207.83,1445.87,1190.76,1284.5291666666667,1445.87,76.4547891359649,0.9238795325112868,-0.3826834323650895,6,1
2026-09-06 07:45:00+00:00,urn:ngsi-ld:Building:PUNE:BLD-PHOENIX-01,1256.09,22.5,0,2023.27,1323.52,1311.52,1342.72,1143.13,1291.9029166666667,1445.87,65.65519122310452,0.8968727415326884,-0.44228869021900113,6,1
2026-09-06 08:00:00+00:00,urn:ngsi-ld:Building:PUNE:BLD-PHOENIX-01,2025.18,22.4,0,2096.36,1220.25,1263.13,1299.02,2151.24,1293.73875,1445.87,63.917708800539636,0.8660254037844387,-0.4999999999999998,6,1
2026-09-06 08:15:00+00:00,urn:ngsi-ld:Building:PUNE:BLD-PHOENIX-01,2046.71,23.4,0,1895.34,1323.99,1332.0,1316.88,2237.36,1322.9954166666666,2025.18,162.53052422270835,0.8314696123025451,-0.5555702330196023,6,1
2026-09-06 08:30:00+00:00,urn:ngsi-ld:Building:PUNE:BLD-PHOENIX-01,2012.24,22.9,0,2122.59,1276.97,1186.35,1207.83,2338.02,1351.0279166666667,2046.71,219.67176116181875,0.7933533402912352,-0.6087614290087207,6,1
2026-09-06 08:45:00+00:00,urn:ngsi-ld:Building:PUNE:BLD-PHOENIX-01,2023.27,24.7,0,2126.95,1256.09,1323.52,1311.52,2074.24,1378.7937499999998,2046.71,257.79607855832825,0.7518398074789774,-0.6593458151000688,6,1
2026-09-06 09:00:00+00:00,urn:ngsi-ld:Building:PUNE:BLD-PHOENIX-01,2096.36,25.1,0,4627.93,2025.18,1220.25,1263.13,2085.37,1406.765,2046.71,289.25729659721003,0.7071067811865476,-0.7071067811865475,6,1
2026-09-06 09:15:00+00:00,urn:ngsi-ld:Building:PUNE:BLD-PHOENIX-01,1895.34,25.2,0,4822.78,2046.71,1323.99,1332.0,2039.18,1446.10125,2096.36,316.09386253626764,0.659345815100069,-0.7518398074789773,6,1
2026-09-06 09:30:00+00:00,urn:ngsi-ld:Building:PUNE:BLD-PHOENIX-01,2122.59,26.2,0,4801.34,2012.24,1276.97,1186.35,2072.72,1471.8925,2096.36,326.7154080188166,0.6087614290087209,-0.793353340291235,6,1
2026-09-06 09:45:00+00:00,urn:ngsi-ld:Building:PUNE:BLD-PHOENIX-01,2126.95,28.1,0,4956.37,2023.27,1256.09,1323.52,1963.65,1506.0575000000001,2122.59,350.26893639333764,0.5555702330196025,-0.831469612302545,6,1
2026-09-06 10:00:00+00:00,urn:ngsi-ld:Building:PUNE:BLD-PHOENIX-01,4627.93,26.8,1,4950.5,2096.36,2025.18,1220.25,4739.23,1540.14125,2126.95,369.5239522072124,0.49999999999999994,-0.8660254037844387,6,1
2026-09-06 10:15:00+00:00,urn:ngsi-ld:Building:PUNE:BLD-PHOENIX-01,4822.78,28.4,1,4744.66,1895.34,2046.71,1323.99,4672.47,1681.1295833333334,4627.93,725.6302177056818,0.4422886902190017,-0.8968727415326881,6,1
2026-09-06 10:30:00+00:00,urn:ngsi-ld:Building:PUNE:BLD-PHOENIX-01,4801.34,29.1,1,4984.81,2122.59,2012.24,1276.97,5010.57,1829.3954166666665,4822.78,961.8623130789102,0.3826834323650899,-0.9238795325112867,6,1
2026-09-06 10:45:00+00:00,urn:ngsi-ld:Building:PUNE:BLD-PHOENIX-01,4956.37,29.3,1,5071.77,2126.95,2023.27,1256.09,4745.1,1969.2066666666667,4822.78,1132.43389135261,0.32143946530316175,-0.9469301294951056,6,1
2026-09-06 11:00:00+00:00,urn:ngsi-ld:Building:PUNE:BLD-PHOENIX-01,4950.5,30.3,1,4953.25,4627.93,2096.36,2025.18,5018.45,2119.775416666667,4956.37,1276.5767129590547,0.258819045102521,-0.9659258262890682,6,1
2026-09-06 11:15:00+00:00,urn:ngsi-ld:Building:PUNE:BLD-PHOENIX-01,4744.66,30.1,1,5140.06,4822.78,1895.34,2046.71,5127.89,2271.9204166666664,4956.37,1387.2981902854729,0.19509032201612816,-0.9807852804032304,6,1
2026-09-06 11:30:00+00:00,urn:ngsi-ld:Building:PUNE:BLD-PHOENIX-01,4984.81,30.3,1,5162.87,4801.34,2122.59,2012.24,5065.36,2414.7445833333336,4956.37,1459.280394566104,0.130526192220052,-0.9914448613738104,6,1
2026-09-06 11:45:00+00:00,urn:ngsi-ld:Building:PUNE:BLD-PHOENIX-01,5071.77,30.5,1,5260.0,4956.37,2126.95,2023.27,5007.07,2572.11875,4984.81,1525.6171604171245,0.06540312923014312,-0.9978589232386035,6,1
2026-09-06 12:00:00+00:00,urn:ngsi-ld:Building:PUNE:BLD-PHOENIX-01,4953.25,31.5,1,5347.1,4950.5,4627.93,2096.36,4995.52,2728.7958333333336,5071.77,1582.5499473425896,1.2246467991473532e-16,-1.0,6,1
2026-09-06 12:15:00+00:00,urn:ngsi-ld:Building:PUNE:BLD-PHOENIX-01,5140.06,32.0,1,5175.97,4744.66,4822.78,1895.34,5352.23,2882.5508333333332,5071.77,1612.9277367055338,-0.06540312923014287,-0.9978589232386035,6,1
2026-09-06 12:30:00+00:00,urn:ngsi-ld:Building:PUNE:BLD-PHOENIX-01,5162.87,32.5,1,5202.88,4984.81,4801.34,2122.59,5322.26,3041.22,5140.06,1640.8275135510341,-0.13052619222005177,-0.9914448613738104,6,1
2026-09-06 12:45:00+00:00,urn:ngsi-ld:Building:PUNE:BLD-PHOENIX-01,5260.0,32.5,1,5318.15,5071.77,4956.37,2126.95,5171.11,3206.908333333333,5162.87,1646.144856092733,-0.19509032201612792,-0.9807852804032305,6,1
2026-09-06 13:00:00+00:00,urn:ngsi-ld:Building:PUNE:BLD-PHOENIX-01,5347.1,33.0,1,5404.77,4953.25,4950.5,4627.93,5390.72,3370.9283333333333,5260.0,1646.440280469842,-0.2588190451025208,-0.9659258262890683,6,1
2026-09-06 13:15:00+00:00,urn:ngsi-ld:Building:PUNE:BLD-PHOENIX-01,5175.97,32.8,1,5302.16,5140.06,4744.66,4822.78,5418.89,3542.880416666667,5347.1,1627.4523360694998,-0.32143946530316153,-0.9469301294951057,6,1
2026-09-06 13:30:00+00:00,urn:ngsi-ld:Building:PUNE:BLD-PHOENIX-01,5202.88,32.3,1,5443.95,5162.87,4984.81,4801.34,5149.85,3703.3795833333334,5347.1,1588.588281792246,-0.38268343236508967,-0.9238795325112868,6,1
2026-09-06 13:45:00+00:00,urn:ngsi-ld:Building:PUNE:BLD-PHOENIX-01,5318.15,33.3,1,5461.22,5260.0,5071.77,4956.37,5381.04,3866.959166666667,5347.1,1528.8804099104582,-0.44228869021900147,-0.8968727415326883,6,1
2026-09-06 14:00:00+00:00,urn:ngsi-ld:Building:PUNE:BLD-PHOENIX-01,5404.77,33.8,1,5423.57,5347.1,4953.25,4950.5,5305.82,4036.2116666666666,5347.1,1450.0934797263694,-0.4999999999999997,-0.8660254037844388,6,1
2026-09-06 14:15:00+00:00,urn:ngsi-ld:Building:PUNE:BLD-PHOENIX-01,5302.16,32.9,1,5327.33,5175.97,5140.06,4744.66,5258.76,4177.027916666667,5404.77,1409.8494778705983,-0.555570233019602,-0.8314696123025455,6,1
2026-09-06 14:30:00+00:00,urn:ngsi-ld:Building:PUNE:BLD-PHOENIX-01,5443.95,33.6,1,5204.85,5202.88,5162.87,4984.81,5243.45,4312.671666666667,5404.77,1351.370061451864,-0.6087614290087207,-0.7933533402912352,6,1
2026-09-06 14:45:00+00:00,urn:ngsi-ld:Building:PUNE:BLD-PHOENIX-01,5461.22,34.6,1,5101.41,5318.15,5260.0,5071.77,5218.96,4455.659583333333,5443.95,1276.8802970640065,-0.6593458151000688,-0.7518398074789774,6,1
2026-09-06 15:00:00+00:00,urn:ngsi-ld:Building:PUNE:BLD-PHOENIX-01,5423.57,33.4,1,5159.96,5404.77,5347.1,4953.25,5281.95,4598.9075,5461.22,1181.41200027488,-0.7071067811865471,-0.7071067811865479,6,1
2026-09-06 15:15:00+00:00,urn:ngsi-ld:Building:PUNE:BLD-PHOENIX-01,5327.33,33.3,1,5382.22,5302.16,5175.97,5140.06,5469.08,4737.54125,5461.22,1064.4032800805405,-0.7518398074789773,-0.6593458151000691,6,1
2026-09-06 15:30:00+00:00,urn:ngsi-ld:Building:PUNE:BLD-PHOENIX-01,5204.85,32.2,1,5164.04,5443.95,5202.88,5162.87,5250.84,4880.5408333333335,5461.22,880.6351355446922,-0.7933533402912349,-0.6087614290087209,6,1
2026-09-06 15:45:00+00:00,urn:ngsi-ld:Building:PUNE:BLD-PHOENIX-01,5101.41,32.4,1,5038.2,5461.22,5318.15,5260.0,5370.49,5008.968333333333,5461.22,657.3979092615624,-0.8314696123025452,-0.5555702330196022,6,1
2026-09-06 16:00:00+00:00,urn:ngsi-ld:Building:PUNE:BLD-PHOENIX-01,5159.96,32.3,1,5277.64,5423.57,5404.77,5347.1,5385.29,5132.904166666666,5461.22,235.33785746416595,-0.8660254037844385,-0.5000000000000004,6,1
2026-09-06 16:15:00+00:00,urn:ngsi-ld:Building:PUNE:BLD-PHOENIX-01,5382.22,32.9,1,5177.11,5327.33,5302.16,5175.97,5368.63,5155.0720833333335,5461.22,209.32281881846333,-0.8968727415326883,-0.44228869021900136,6,1
2026-09-06 16:30:00+00:00,urn:ngsi-ld:Building:PUNE:BLD-PHOENIX-01,5164.04,31.7,1,4854.41,5204.85,5443.95,5202.88,5248.16,5178.382083333333,5461.22,201.72156639207662,-0.9238795325112868,-0.3826834323650895,6,1
2026-09-06 16:45:00+00:00,urn:ngsi-ld:Building:PUNE:BLD-PHOENIX-01,5038.2,30.8,1,5233.06,5101.41,5461.22,5318.15,5276.92,5193.494583333333,5461.22,185.15213920455028,-0.9469301294951056,-0.3214394653031618,6,1
2026-09-06 17:00:00+00:00,urn:ngsi-ld:Building:PUNE:BLD-PHOENIX-01,5277.64,31.8,1,5000.29,5159.96,5423.57,5404.77,5190.09,5196.904166666667,5461.22,181.30919667602043,-0.9659258262890683,-0.25881904510252063,6,1
2026-09-06 17:15:00+00:00,urn:ngsi-ld:Building:PUNE:BLD-PHOENIX-01,5177.11,30.7,1,4568.36,5382.22,5327.33,5302.16,5123.38,5210.535000000001,5461.22,174.13433607427586,-0.9807852804032303,-0.19509032201612866,6,1
2026-09-06 17:30:00+00:00,urn:ngsi-ld:Building:PUNE:BLD-PHOENIX-01,4854.41,29.8,1,4826.16,5164.04,5204.85,5443.95,5028.71,5228.55375,5461.22,143.5132394382171,-0.9914448613738104,-0.13052619222005163,6,1
2026-09-06 17:45:00+00:00,urn:ngsi-ld:Building:PUNE:BLD-PHOENIX-01,5233.06,30.7,1,4718.12,5038.2,5101.41,5461.22,5139.81,5223.120416666667,5461.22,155.1399327530814,-0.9978589232386035,-0.06540312923014273,6,1
2026-09-06 18:00:00+00:00,urn:ngsi-ld:Building:PUNE:BLD-PHOENIX-01,5000.29,30.1,1,4820.75,5277.64,5159.96,5423.57,4993.99,5229.840833333333,5461.22,151.7551061506102,-1.0,-1.8369701987210297e-16,6,1
2026-09-06 18:15:00+00:00,urn:ngsi-ld:Building:PUNE:BLD-PHOENIX-01,4568.36,28.0,1,4782.3,5177.11,5382.22,5327.33,5161.29,5231.800833333334,5461.22,148.29171884352016,-0.9978589232386036,0.06540312923014237,6,1
2026-09-06 18:30:00+00:00,urn:ngsi-ld:Building:PUNE:BLD-PHOENIX-01,4826.16,28.8,1,4639.04,4854.41,5164.04,5204.85,4957.82,5207.9800000000005,5461.22,200.42335275726626,-0.9914448613738105,0.13052619222005127,6,1
2026-09-06 18:45:00+00:00,urn:ngsi-ld:Building:PUNE:BLD-PHOENIX-01,4718.12,27.5,1,4557.05,5233.06,5038.2,5101.41,4498.37,5193.9504166666675,5461.22,214.97488901856175,-0.9807852804032304,0.1950903220161283,6,1
2026-09-06 19:00:00+00:00,urn:ngsi-ld:Building:PUNE:BLD-PHOENIX-01,4820.75,27.7,1,4685.65,5000.29,5277.64,5159.96,4684.44,5171.372083333334,5461.22,235.23752636121304,-0.9659258262890684,0.2588190451025203,6,1
2026-09-06 19:15:00+00:00,urn:ngsi-ld:Building:PUNE:BLD-PHOENIX-01,4782.3,27.1,1,4699.88,4568.36,5177.11,5382.22,4644.04,5149.440833333333,5461.22,242.56384088245835,-0.9469301294951057,0.3214394653031615,6,1
2026-09-06 19:30:00+00:00,urn:ngsi-ld:Building:PUNE:BLD-PHOENIX-01,4639.04,26.5,1,4725.29,4826.16,4854.41,5164.04,4511.99,5133.037916666667,5461.22,253.7447577009531,-0.923879532511287,0.38268343236508917,6,1
2026-09-06 19:45:00+00:00,urn:ngsi-ld:Building:PUNE:BLD-PHOENIX-01,4557.05,26.5,1,4783.33,4718.12,5233.06,5038.2,4793.44,5109.544583333333,5461.22,272.4124742879286,-0.8968727415326884,0.442288690219001,6,1
2026-09-06 20:00:00+00:00,urn:ngsi-ld:Building:PUNE:BLD-PHOENIX-01,4685.65,26.9,1,4660.18,4820.75,5000.29,5277.64,4732.63,5077.832083333334,5461.22,290.75572089750375,-0.8660254037844386,0.5000000000000001,6,1
2026-09-06 20:15:00+00:00,urn:ngsi-ld:Building:PUNE:BLD-PHOENIX-01,4699.88,24.8,1,4699.99,4782.3,4568.36,5177.11,4701.85,5047.86875,5461.22,292.64651516381485,-0.8314696123025455,0.5555702330196018,6,1
2026-09-06 20:30:00+00:00,urn:ngsi-ld:Building:PUNE:BLD-PHOENIX-01,4725.29,25.1,1,4659.52,4639.04,4826.16,4854.41,4720.42,5022.773749999999,5461.22,295.6998712680801,-0.7933533402912357,0.6087614290087199,6,1
2026-09-06 20:45:00+00:00,urn:ngsi-ld:Building:PUNE:BLD-PHOENIX-01,4783.33,22.4,1,4832.88,4557.05,4718.12,5233.06,4540.6,4992.829583333333,5461.22,287.4680316514893,-0.7518398074789772,0.6593458151000691,6,1
2026-09-06 21:00:00+00:00,urn:ngsi-ld:Building:PUNE:BLD-PHOENIX-01,4660.18,22.6,1,4654.42,4685.65,4820.75,5000.29,4568.99,4964.5841666666665,5423.57,272.3508127384576,-0.7071067811865477,0.7071067811865474,6,1
2026-09-06 21:15:00+00:00,urn:ngsi-ld:Building:PUNE:BLD-PHOENIX-01,4699.99,21.4,1,2014.52,4699.88,4782.3,4568.36,4674.53,4932.77625,5382.22,260.7461080257302,-0.6593458151000687,0.7518398074789775,6,1
2026-09-06 21:30:00+00:00,urn:ngsi-ld:Building:PUNE:BLD-PHOENIX-01,4659.52,21.2,1,2018.75,4725.29,4639.04,4826.16,4682.01,4906.637083333334,5382.22,250.72545935625638,-0.608761429008721,0.7933533402912349,6,1
2026-09-06 21:45:00+00:00,urn:ngsi-ld:Building:PUNE:BLD-PHOENIX-01,4832.88,20.8,1,2142.97,4783.33,4557.05,4718.12,4521.76,4883.915,5382.22,247.21050375184012,-0.555570233019603,0.8314696123025447,6,1
2026-09-06 22:00:00+00:00,urn:ngsi-ld:Building:PUNE:BLD-PHOENIX-01,4654.42,21.6,1,2046.41,4660.18,4685.65,4820.75,4667.65,4872.726250000001,5382.22,242.97931062066755,-0.5000000000000004,0.8660254037844384,6,1
2026-09-06 22:15:00+00:00,urn:ngsi-ld:Building:PUNE:BLD-PHOENIX-01,2014.52,19.8,0,2116.9,4699.99,4699.88,4782.3,2045.75,4851.662083333334,5382.22,238.87429446543845,-0.4422886902190014,0.8968727415326883,6,1
2026-09-06 22:30:00+00:00,urn:ngsi-ld:Building:PUNE:BLD-PHOENIX-01,2018.75,19.9,0,2118.52,4659.52,4725.29,4639.04,2141.78,4711.34125,5277.64,611.7589175790714,-0.38268343236508956,0.9238795325112868,6,1
2026-09-06 22:45:00+00:00,urn:ngsi-ld:Building:PUNE:BLD-PHOENIX-01,2142.97,18.5,0,1169.62,4832.88,4783.33,4557.05,2082.49,4580.2875,5277.64,814.0247783978483,-0.32143946530316186,0.9469301294951056,6,1
2026-09-06 23:00:00+00:00,urn:ngsi-ld:Building:PUNE:BLD-PHOENIX-01,2046.41,17.9,0,1160.4,4654.42,4660.18,4685.65,2206.21,4459.652916666667,5277.64,946.8989131552598,-0.25881904510252157,0.9659258262890681,6,1
2026-09-06 23:15:00+00:00,urn:ngsi-ld:Building:PUNE:BLD-PHOENIX-01,2116.9,16.8,0,1323.36,2014.52,4699.99,4699.88,2017.94,4325.0183333333325,5233.06,1049.675040636977,-0.19509032201612872,0.9807852804032303,6,1
2026-09-06 23:30:00+00:00,urn:ngsi-ld:Building:PUNE:BLD-PHOENIX-01,2118.52,18.4,0,1115.8,2018.75,4659.52,4725.29,1946.24,4197.5095833333335,5233.06,1124.844524624663,-0.13052619222005168,0.9914448613738104,6,1
2026-09-06 23:45:00+00:00,urn:ngsi-ld:Building:PUNE:BLD-PHOENIX-01,1169.62,17.7,0,1118.79,2142.97,4832.88,4783.33,1403.13,4083.5141666666673,5233.06,1192.0047110167952,-0.0654031292301428,0.9978589232386035,6,1
2026-09-07 00:00:00+00:00,urn:ngsi-ld:Building:PUNE:BLD-PHOENIX-01,1160.4,16.6,0,1446.07,2046.41,4654.42,4660.18,1287.54,3914.2041666666664,5000.29,1304.8650251734898,0.0,1.0,0,0
2026-09-07 00:15:00+00:00,urn:ngsi-ld:Building:PUNE:BLD-PHOENIX-01,1323.36,16.0,0,1100.0,2116.9,2014.52,4699.99,1246.3,3754.20875,4832.88,1397.9948844632156,0.06540312923014306,0.9978589232386035,0,0
2026-09-07 00:30:00+00:00,urn:ngsi-ld:Building:PUNE:BLD-PHOENIX-01,1115.8,15.8,0,1338.96,2118.52,2018.75,4659.52,1172.24,3619.0004166666663,4832.88,1470.8529819904652,0.13052619222005157,0.9914448613738104,0,0
2026-09-07 00:45:00+00:00,urn:ngsi-ld:Building:PUNE:BLD-PHOENIX-01,1118.79,14.7,0,1221.2,1169.62,2142.97,4832.88,1219.01,3464.402083333333,4832.88,1532.1703556492141,0.19509032201612825,0.9807852804032304,0,0
2026-09-07 01:00:00+00:00,urn:ngsi-ld:Building:PUNE:BLD-PHOENIX-01,1446.07,15.5,0,1302.29,1160.4,2046.41,4654.42,1214.17,3314.4300000000003,4832.88,1579.5410228098265,0.25881904510252074,0.9659258262890683,0,0
2026-09-07 01:15:00+00:00,urn:ngsi-ld:Building:PUNE:BLD-PHOENIX-01,1100.0,15.8,0,1308.02,1323.36,2116.9,2014.52,1142.46,3173.818333333333,4832.88,1589.792113165755,0.3214394653031616,0.9469301294951057,0,0
2026-09-07 01:30:00+00:00,urn:ngsi-ld:Building:PUNE:BLD-PHOENIX-01,1338.96,15.7,0,1228.83,1115.8,2118.52,2018.75,1100.0,3020.3891666666664,4832.88,1605.4206158617849,0.3826834323650898,0.9238795325112867,0,0
2026-09-07 01:45:00+00:00,urn:ngsi-ld:Building:PUNE:BLD-PHOENIX-01,1221.2,13.8,0,1251.75,1118.79,1169.62,2142.97,1212.03,2882.8858333333337,4832.88,1602.077925969117,0.44228869021900125,0.8968727415326884,0,0
2026-09-07 02:00:00+00:00,urn:ngsi-ld:Building:PUNE:BLD-PHOENIX-01,1302.29,15.2,0,1334.49,1446.07,1160.4,2046.41,1323.02,2743.8920833333336,4832.88,1595.206767448292,0.49999999999999994,0.8660254037844387,0,0
2026-09-07 02:15:00+00:00,urn:ngsi-ld:Building:PUNE:BLD-PHOENIX-01,1308.02,13.7,0,1374.45,1100.0,1323.36,2116.9,1373.93,2602.91875,4832.88,1565.3666848330743,0.5555702330196022,0.8314696123025452,0,0
2026-09-07 02:30:00+00:00,urn:ngsi-ld:Building:PUNE:BLD-PHOENIX-01,1228.83,13.2,0,1352.73,1338.96,1115.8,2118.52,1345.86,2461.59125,4832.88,1520.2792782372123,0.6087614290087207,0.7933533402912352,0,0
2026-09-07 02:45:00+00:00,urn:ngsi-ld:Building:PUNE:BLD-PHOENIX-01,1251.75,15.2,0,1275.23,1221.2,1118.79,1169.62,1351.96,2315.905416666667,4832.88,1460.2666895824618,0.6593458151000688,0.7518398074789774,0,0
2026-09-07 03:00:00+00:00,urn:ngsi-ld:Building:PUNE:BLD-PHOENIX-01,1334.49,14.3,0,1227.46,1302.29,1446.07,1160.4,1152.29,2168.75625,4832.88,1376.3418137531378,0.7071067811865476,0.7071067811865476,0,0
2026-09-07 03:15:00+00:00,urn:ngsi-ld:Building:PUNE:BLD-PHOENIX-01,1374.45,15.3,0,1159.25,1308.02,1100.0,1323.36,1276.35,2030.1858333333332,4832.88,1278.5394478854464,0.7518398074789774,0.6593458151000688,0,0
2026-09-07 03:30:00+00:00,urn:ngsi-ld:Building:PUNE:BLD-PHOENIX-01,1352.73,15.3,0,1272.94,1228.83,1338.96,1115.8,1302.63,1891.6216666666667,4832.88,1150.3985372060154,0.7933533402912352,0.6087614290087207,0,0
2026-09-07 03:45:00+00:00,urn:ngsi-ld:Building:PUNE:BLD-PHOENIX-01,1275.23,15.4,0,1246.03,1251.75,1221.2,1118.79,1308.94,1753.83875,4832.88,991.5317562732464,0.8314696123025451,0.5555702330196024,0,0
2026-09-07 04:00:00+00:00,urn:ngsi-ld:Building:PUNE:BLD-PHOENIX-01,1227.46,15.3,0,1352.53,1334.49,1302.29,1446.07,1244.21,1605.6033333333332,4654.42,746.9739455130259,0.8660254037844386,0.5000000000000001,0,0
2026-09-07 04:15:00+00:00,urn:ngsi-ld:Building:PUNE:BLD-PHOENIX-01,1159.25,14.8,0,1306.5,1374.45,1308.02,1100.0,1264.4,1462.8133333333335,2142.97,372.5170218773048,0.8968727415326884,0.44228869021900125,0,0
2026-09-07 04:30:00+00:00,urn:ngsi-ld:Building:PUNE:BLD-PHOENIX-01,1272.94,15.6,0,1375.6,1352.73,1228.83,1338.96,1445.87,1427.1770833333333,2142.97,358.07318066066335,0.9238795325112867,0.38268343236508984,0,0
2026-09-07 04:45:00+00:00,urn:ngsi-ld:Building:PUNE:BLD-PHOENIX-01,1246.03,17.0,0,1136.9,1275.23,1251.75,1221.2,1342.72,1396.1016666666667,2142.97,336.19556083842764,0.9469301294951056,0.3214394653031617,0,0
2026-09-07 05:00:00+00:00,urn:ngsi-ld:Building:PUNE:BLD-PHOENIX-01,1352.53,17.1,0,1406.57,1227.46,1334.49,1302.29,1299.02,1358.7291666666667,2118.52,297.1472900462188,0.9659258262890683,0.25881904510252074,0,0
2026-09-07 05:15:00+00:00,urn:ngsi-ld:Building:PUNE:BLD-PHOENIX-01,1306.5,16.7,0,1292.53,1159.25,1374.45,1308.02,1316.88,1329.8174999999999,2118.52,258.5824273131185,0.9807852804032304,0.19509032201612833,0,0
2026-09-07 05:30:00+00:00,urn:ngsi-ld:Building:PUNE:BLD-PHOENIX-01,1375.6,17.1,0,1151.52,1272.94,1352.73,1228.83,1207.83,1296.0508333333335,2118.52,196.8857963810303,0.9914448613738104,0.1305261922200517,0,0
2026-09-07 05:45:00+00:00,urn:ngsi-ld:Building:PUNE:BLD-PHOENIX-01,1136.9,18.1,0,1117.59,1246.03,1275.23,1251.75,1311.52,1265.0958333333335,1446.07,92.88792638855469,0.9978589232386035,0.06540312923014327,0,0
2026-09-07 06:00:00+00:00,urn:ngsi-ld:Building:PUNE:BLD-PHOENIX-01,1406.57,18.3,0,1352.19,1352.53,1227.46,1334.49,1263.13,1263.7324999999998,1446.07,94.57496834195322,1.0,6.123233995736766e-17,0,0
2026-09-07 06:15:00+00:00,urn:ngsi-ld:Building:PUNE:BLD-PHOENIX-01,1292.53,18.6,0,1221.07,1306.5,1159.25,1374.45,1332.0,1273.9895833333333,1446.07,96.21572823927296,0.9978589232386035,-0.06540312923014314,0,0
2026-09-07 06:30:00+00:00,urn:ngsi-ld:Building:PUNE:BLD-PHOENIX-01,1151.52,19.6,0,1244.29,1375.6,1272.94,1352.73,1186.35,1272.705,1446.07,95.73251494302494,0.9914448613738104,-0.1305261922200516,0,0
2026-09-07 06:45:00+00:00,urn:ngsi-ld:Building:PUNE:BLD-PHOENIX-01,1117.59,20.1,0,1312.4,1136.9,1246.03,1275.23,1323.52,1274.1933333333334,1446.07,93.43723620736091,0.9807852804032304,-0.1950903220161282,0,0
2026-09-07 07:00:00+00:00,urn:ngsi-ld:Building:PUNE:BLD-PHOENIX-01,1352.19,20.0,0,2053.83,1406.57,1352.53,1227.46,1220.25,1274.1433333333332,1446.07,93.52429155075251,0.9659258262890683,-0.25881904510252063,0,0
2026-09-07 07:15:00+00:00,urn:ngsi-ld:Building:PUNE:BLD-PHOENIX-01,1221.07,21.2,0,1899.37,1292.53,1306.5,1159.25,1323.99,1270.2316666666668,1406.57,87.80945718394808,0.9469301294951057,-0.3214394653031616,0,0
2026-09-07 07:30:00+00:00,urn:ngsi-ld:Building:PUNE:BLD-PHOENIX-01,1244.29,21.8,0,2198.98,1151.52,1375.6,1272.94,1276.97,1275.2762500000001,1406.57,80.80271711982837,0.9238795325112868,-0.3826834323650895,0,0
2026-09-07 07:45:00+00:00,urn:ngsi-ld:Building:PUNE:BLD-PHOENIX-01,1312.4,22.2,0,1924.26,1117.59,1136.9,1246.03,1256.09,1271.3316666666667,1406.57,79.86399121430618,0.8968727415326884,-0.44228869021900113,0,0
2026-09-07 08:00:00+00:00,urn:ngsi-ld:Building:PUNE:BLD-PHOENIX-01,2053.83,22.3,0,2039.34,1352.19,1406.57,1352.53,2025.18,1275.1316666666667,1406.57,79.54402038893564,0.8660254037844387,-0.4999999999999998,0,0
2026-09-07 08:15:00+00:00,urn:ngsi-ld:Building:PUNE:BLD-PHOENIX-01,1899.37,23.2,0,2032.26,1221.07,1292.53,1306.5,2046.71,1306.4458333333334,2053.83,177.86492769388056,0.8314696123025451,-0.5555702330196023,0,0
2026-09-07 08:30:00+00:00,urn:ngsi-ld:Building:PUNE:BLD-PHOENIX-01,2198.98,23.4,0,2083.43,1244.29,1151.52,1375.6,2012.24,1331.0854166666666,2053.83,215.14529159476834,0.7933533402912352,-0.6087614290087207,0,0
2026-09-07 08:45:00+00:00,urn:ngsi-ld:Building:PUNE:BLD-PHOENIX-01,1924.26,24.9,0,1923.11,1312.4,1117.59,1136.9,2023.27,1371.5083333333332,2198.98,277.26780056799265,0.7518398074789774,-0.6593458151000688,0,0
2026-09-07 09:00:00+00:00,urn:ngsi-ld:Building:PUNE:BLD-PHOENIX-01,2039.34,24.3,0,4455.95,2053.83,1352.19,1406.57,2096.36,1399.5295833333332,2198.98,297.8567455567538,0.7071067811865476,-0.7071067811865475,0,0
2026-09-07 09:15:00+00:00,urn:ngsi-ld:Building:PUNE:BLD-PHOENIX-01,2032.26,26.8,0,4470.41,1899.37,1221.07,1292.53,1895.34,1428.8983333333333,2198.98,324.7042399082933,0.659345815100069,-0.7518398074789773,0,0
2026-09-07 09:30:00+00:00,urn:ngsi-ld:Building:PUNE:BLD-PHOENIX-01,2083.43,27.2,0,4596.91,2198.98,1244.29,1151.52,2122.59,1456.3070833333334,2198.98,346.9122385256533,0.6087614290087209,-0.793353340291235,0,0
2026-09-07 09:45:00+00:00,urn:ngsi-ld:Building:PUNE:BLD-PHOENIX-01,1923.11,27.3,0,4639.76,1924.26,1312.4,1117.59,2126.95,1486.7529166666666,2198.98,368.8003170383349,0.5555702330196025,-0.831469612302545,0,0
2026-09-07 10:00:00+00:00,urn:ngsi-ld:Building:PUNE:BLD-PHOENIX-01,4455.95,28.2,1,4590.03,2039.34,2053.83,1352.19,4627.93,1513.747916666667,2198.98,376.2798760517099,0.49999999999999994,-0.8660254037844387,0,0
2026-09-07 10:15:00+00:00,urn:ngsi-ld:Building:PUNE:BLD-PHOENIX-01,4470.41,28.7,1,4935.76,2032.26,1899.37,1221.07,4822.78,1648.2683333333332,4455.95,703.9264118447962,0.4422886902190017,-0.8968727415326881,0,0
2026-09-07 10:30:00+00:00,urn:ngsi-ld:Building:PUNE:BLD-PHOENIX-01,4596.91,28.9,1,4779.02,2083.43,2198.98,1244.29,4801.34,1786.2333333333333,4470.41,900.8523865166223,0.3826834323650899,-0.9238795325112867,0,0
2026-09-07 10:45:00+00:00,urn:ngsi-ld:Building:PUNE:BLD-PHOENIX-01,4639.76,29.2,1,4662.6,1923.11,1924.26,1312.4,4956.37,1924.7320833333333,4596.91,1059.9707358797705,0.32143946530316175,-0.9469301294951056,0,0
2026-09-07 11:00:00+00:00,urn:ngsi-ld:Building:PUNE:BLD-PHOENIX-01,4590.03,29.6,1,4781.18,4455.95,2039.34,2053.83,4950.5,2066.1375000000003,4639.76,1184.5421307105162,0.258819045102521,-0.9659258262890682,0,0
2026-09-07 11:15:00+00:00,urn:ngsi-ld:Building:PUNE:BLD-PHOENIX-01,4935.76,31.2,1,4953.32,4470.41,2032.26,1899.37,4744.66,2201.0333333333333,4639.76,1280.2223616967322,0.19509032201612816,-0.9807852804032304,0,0
2026-09-07 11:30:00+00:00,urn:ngsi-ld:Building:PUNE:BLD-PHOENIX-01,4779.02,30.3,1,4975.46,4596.91,2083.43,2198.98,4984.81,2352.2525,4935.76,1380.3909367190313,0.130526192220052,-0.9914448613738104,0,0
2026-09-07 11:45:00+00:00,urn:ngsi-ld:Building:PUNE:BLD-PHOENIX-01,4662.6,30.7,1,4946.43,4639.76,1923.11,1924.26,5071.77,2494.0616666666665,4935.76,1448.818625449451,0.06540312923014312,-0.9978589232386035,0,0
2026-09-07 12:00:00+00:00,urn:ngsi-ld:Building:PUNE:BLD-PHOENIX-01,4781.18,32.2,1,5074.63,4590.03,4455.95,2039.34,4953.25,2640.965833333333,4935.76,1483.554267857264,1.2246467991473532e-16,-1.0,0,0
2026-09-07 12:15:00+00:00,urn:ngsi-ld:Building:PUNE:BLD-PHOENIX-01,4953.32,32.5,1,4936.72,4935.76,4470.41,2032.26,5140.06,2781.574583333333,4935.76,1520.9229037802236,-0.06540312923014287,-0.9978589232386035,0,0
2026-09-07 12:30:00+00:00,urn:ngsi-ld:Building:PUNE:BLD-PHOENIX-01,4975.46,32.1,1,5314.86,4779.02,4596.91,2083.43,5162.87,2934.1075,4953.32,1548.415493478939,-0.13052619222005177,-0.9914448613738104,0,0
2026-09-07 12:45:00+00:00,urn:ngsi-ld:Building:PUNE:BLD-PHOENIX-01,4946.43,32.9,1,5012.92,4662.6,4639.76,1923.11,5260.0,3093.438333333333,4975.46,1553.7446032300952,-0.19509032201612792,-0.9807852804032305,0,0
2026-09-07 13:00:00+00:00,urn:ngsi-ld:Building:PUNE:BLD-PHOENIX-01,5074.63,33.2,1,5202.84,4781.18,4590.03,4455.95,5347.1,3252.9733333333334,4975.46,1538.5422265832335,-0.2588190451025208,-0.9659258262890683,0,0
2026-09-07 13:15:00+00:00,urn:ngsi-ld:Building:PUNE:BLD-PHOENIX-01,4936.72,32.2,1,5219.81,4953.32,4935.76,4470.41,5175.97,3408.0749999999994,5074.63,1526.1728104812255,-0.32143946530316153,-0.9469301294951057,0,0
2026-09-07 13:30:00+00:00,urn:ngsi-ld:Building:PUNE:BLD-PHOENIX-01,5314.86,34.0,1,5115.69,4975.46,4779.02,4596.91,5202.88,3562.8937499999997,5074.63,1482.509500944148,-0.38268343236508967,-0.9238795325112868,0,0
2026-09-07 13:45:00+00:00,urn:ngsi-ld:Building:PUNE:BLD-PHOENIX-01,5012.92,33.7,1,4872.88,4946.43,4662.6,4639.76,5318.15,3732.500833333333,5314.86,1437.8918226738467,-0.44228869021900147,-0.8968727415326883,0,0
2026-09-07 14:00:00+00:00,urn:ngsi-ld:Building:PUNE:BLD-PHOENIX-01,5202.84,33.7,1,5129.26,5074.63,4781.18,4590.03,5404.77,3886.689166666667,5314.86,1363.5832708901396,-0.4999999999999997,-0.8660254037844388,0,0
2026-09-07 14:15:00+00:00,urn:ngsi-ld:Building:PUNE:BLD-PHOENIX-01,5219.81,33.9,1,4987.91,4936.72,4953.32,4935.76,5302.16,4017.897916666667,5314.86,1330.6580158506738,-0.555570233019602,-0.8314696123025455,0,0
2026-09-07 14:30:00+00:00,urn:ngsi-ld:Building:PUNE:BLD-PHOENIX-01,5115.69,33.7,1,5299.96,5314.86,4975.46,4779.02,5443.95,4156.249583333333,5314.86,1272.1431947478666,-0.6087614290087207,-0.7933533402912352,0,0
2026-09-07 14:45:00+00:00,urn:ngsi-ld:Building:PUNE:BLD-PHOENIX-01,4872.88,33.1,1,5039.08,5012.92,4946.43,4662.6,5461.22,4277.779166666667,5314.86,1215.0714100142727,-0.6593458151000688,-0.7518398074789774,0,0
2026-09-07 15:00:00+00:00,urn:ngsi-ld:Building:PUNE:BLD-PHOENIX-01,5129.26,33.6,1,5228.73,5202.84,5074.63,4781.18,5423.57,4400.638333333333,5314.86,1111.4032211760941,-0.7071067811865471,-0.7071067811865479,0,0
2026-09-07 15:15:00+00:00,urn:ngsi-ld:Building:PUNE:BLD-PHOENIX-01,4987.91,33.7,1,4933.51,5219.81,4936.72,4953.32,5327.33,4529.385,5314.86,999.2896732571006,-0.7518398074789773,-0.6593458151000691,0,0
2026-09-07 15:30:00+00:00,urn:ngsi-ld:Building:PUNE:BLD-PHOENIX-01,5299.96,33.6,1,4843.99,5115.69,5314.86,4975.46,5204.85,4652.537083333334,5314.86,848.987991662309,-0.7933533402912349,-0.6087614290087209,0,0
2026-09-07 15:45:00+00:00,urn:ngsi-ld:Building:PUNE:BLD-PHOENIX-01,5039.08,33.0,1,5037.95,4872.88,5012.92,4946.43,5101.41,4786.559166666667,5314.86,658.2491006412062,-0.8314696123025452,-0.5555702330196022,0,0
2026-09-07 16:00:00+00:00,urn:ngsi-ld:Building:PUNE:BLD-PHOENIX-01,5228.73,33.0,1,5038.58,5129.26,5202.84,5074.63,5159.96,4916.39125,5314.86,248.96184183466113,-0.8660254037844385,-0.5000000000000004,0,0
2026-09-07 16:15:00+00:00,urn:ngsi-ld:Building:PUNE:BLD-PHOENIX-01,4933.51,31.9,1,5037.21,4987.91,5219.81,4936.72,5382.22,4948.590416666667,5314.86,236.48259867010452,-0.8968727415326883,-0.44228869021900136,0,0
2026-09-07 16:30:00+00:00,urn:ngsi-ld:Building:PUNE:BLD-PHOENIX-01,4843.99,31.7,1,4693.75,5299.96,5115.69,5314.86,5164.04,4967.8862500000005,5314.86,213.55046807674123,-0.9238795325112868,-0.3826834323650895,0,0
2026-09-07 16:45:00+00:00,urn:ngsi-ld:Building:PUNE:BLD-PHOENIX-01,5037.95,31.9,1,4735.49,5039.08,4872.88,5012.92,5038.2,4978.18125,5314.86,200.4419757374555,-0.9469301294951056,-0.3214394653031618,0,0
2026-09-07 17:00:00+00:00,urn:ngsi-ld:Building:PUNE:BLD-PHOENIX-01,5038.58,32.6,1,4966.57,5228.73,5129.26,5202.84,5277.64,4994.7725,5314.86,187.25796678365447,-0.9659258262890683,-0.25881904510252063,0,0
2026-09-07 17:15:00+00:00,urn:ngsi-ld:Building:PUNE:BLD-PHOENIX-01,5037.21,30.9,1,4654.61,4933.51,4987.91,5219.81,5177.11,5013.462083333333,5314.86,166.3190953502197,-0.9807852804032303,-0.19509032201612866,0,0
2026-09-07 17:30:00+00:00,urn:ngsi-ld:Building:PUNE:BLD-PHOENIX-01,4693.75,30.5,1,4632.67,4843.99,5299.96,5115.69,4854.41,5017.689166666667,5314.86,165.54579902016332,-0.9914448613738104,-0.13052619222005163,0,0
2026-09-07 17:45:00+00:00,urn:ngsi-ld:Building:PUNE:BLD-PHOENIX-01,4735.49,29.2,1,4513.97,5037.95,5039.08,4872.88,5233.06,5014.1362500000005,5314.86,171.69172596145322,-0.9978589232386035,-0.06540312923014273,0,0
2026-09-07 18:00:00+00:00,urn:ngsi-ld:Building:PUNE:BLD-PHOENIX-01,4966.57,30.4,1,4473.65,5038.58,5228.73,5129.26,5000.29,5017.173333333333,5314.86,165.74466299154503,-1.0,-1.8369701987210297e-16,0,0
2026-09-07 18:15:00+00:00,urn:ngsi-ld:Building:PUNE:BLD-PHOENIX-01,4654.61,28.4,1,4327.96,5037.21,4933.51,4987.91,4568.36,5024.897916666667,5314.86,158.42643740682996,-0.9978589232386036,0.06540312923014237,0,0
2026-09-07 18:30:00+00:00,urn:ngsi-ld:Building:PUNE:BLD-PHOENIX-01,4632.67,28.8,1,4305.97,4693.75,4843.99,5299.96,4826.16,5012.451666666667,5314.86,175.14558581911177,-0.9914448613738105,0.13052619222005127,0,0
2026-09-07 18:45:00+00:00,urn:ngsi-ld:Building:PUNE:BLD-PHOENIX-01,4513.97,27.2,1,4431.87,4735.49,5037.95,5039.08,4718.12,4998.16875,5314.86,191.50628815460013,-0.9807852804032304,0.1950903220161283,0,0
2026-09-07 19:00:00+00:00,urn:ngsi-ld:Building:PUNE:BLD-PHOENIX-01,4473.65,28.1,1,4283.37,4966.57,5038.58,5228.73,4820.75,4980.149583333333,5314.86,215.4364736081688,-0.9659258262890684,0.2588190451025203,0,0
2026-09-07 19:15:00+00:00,urn:ngsi-ld:Building:PUNE:BLD-PHOENIX-01,4327.96,27.4,1,4324.77,4654.61,5037.21,4933.51,4782.3,4955.108749999999,5314.86,237.74871137247666,-0.9469301294951057,0.3214394653031615,0,0
2026-09-07 19:30:00+00:00,urn:ngsi-ld:Building:PUNE:BLD-PHOENIX-01,4305.97,26.1,1,4290.38,4632.67,4693.75,4843.99,4639.04,4929.743750000001,5314.86,270.0723377785765,-0.923879532511287,0.38268343236508917,0,0
2026-09-07 19:45:00+00:00,urn:ngsi-ld:Building:PUNE:BLD-PHOENIX-01,4431.87,24.7,1,4449.95,4513.97,4735.49,5037.95,4557.05,4887.706666666667,5299.96,285.5937314905542,-0.8968727415326884,0.442288690219001,0,0
2026-09-07 20:00:00+00:00,urn:ngsi-ld:Building:PUNE:BLD-PHOENIX-01,4283.37,26.0,1,4542.1,4473.65,4966.57,5038.58,4685.65,4863.49625,5299.96,298.8389236741907,-0.8660254037844386,0.5000000000000001,0,0
2026-09-07 20:15:00+00:00,urn:ngsi-ld:Building:PUNE:BLD-PHOENIX-01,4324.77,24.8,1,4262.02,4327.96,4654.61,5037.21,4699.88,4825.185,5299.96,312.0879469971562,-0.8314696123025455,0.5555702330196018,0,0
2026-09-07 20:30:00+00:00,urn:ngsi-ld:Building:PUNE:BLD-PHOENIX-01,4290.38,24.2,1,4409.93,4305.97,4632.67,4693.75,4725.29,4787.891666666666,5299.96,316.32960587597915,-0.7933533402912357,0.6087614290087199,0,0
2026-09-07 20:45:00+00:00,urn:ngsi-ld:Building:PUNE:BLD-PHOENIX-01,4449.95,22.8,1,4463.11,4431.87,4513.97,4735.49,4783.33,4753.50375,5299.96,323.91404317135596,-0.7518398074789772,0.6593458151000691,0,0
2026-09-07 21:00:00+00:00,urn:ngsi-ld:Building:PUNE:BLD-PHOENIX-01,4542.1,22.7,1,4337.91,4283.37,4473.65,4966.57,4660.18,4735.881666666667,5299.96,328.60762592265013,-0.7071067811865477,0.7071067811865474,0,0
2026-09-07 21:15:00+00:00,urn:ngsi-ld:Building:PUNE:BLD-PHOENIX-01,4262.02,22.2,1,1927.38,4324.77,4327.96,4654.61,4699.99,4711.416666666667,5299.96,319.7858185080562,-0.6593458151000687,0.7518398074789775,0,0
2026-09-07 21:30:00+00:00,urn:ngsi-ld:Building:PUNE:BLD-PHOENIX-01,4409.93,22.3,1,2176.96,4290.38,4305.97,4632.67,4659.52,4681.171249999999,5299.96,326.7496221788905,-0.608761429008721,0.7933533402912349,0,0
2026-09-07 21:45:00+00:00,urn:ngsi-ld:Building:PUNE:BLD-PHOENIX-01,4463.11,21.4,1,1922.12,4449.95,4431.87,4513.97,4832.88,4644.086666666667,5228.73,303.1191590586623,-0.555570233019603,0.8314696123025447,0,0
2026-09-07 22:00:00+00:00,urn:ngsi-ld:Building:PUNE:BLD-PHOENIX-01,4337.91,20.0,1,2208.15,4542.1,4283.37,4473.65,4654.42,4620.087916666666,5228.73,293.1225019173345,-0.5000000000000004,0.8660254037844384,0,0
2026-09-07 22:15:00+00:00,urn:ngsi-ld:Building:PUNE:BLD-PHOENIX-01,1927.38,19.7,0,1988.5,4262.02,4324.77,4327.96,2014.52,4582.970416666667,5038.58,268.0276272016006,-0.4422886902190014,0.8968727415326883,0,0
2026-09-07 22:30:00+00:00,urn:ngsi-ld:Building:PUNE:BLD-PHOENIX-01,2176.96,19.1,0,1909.66,4409.93,4290.38,4305.97,2018.75,4457.714999999999,5038.58,597.2779194923103,-0.38268343236508956,0.9238795325112868,0,0
2026-09-07 22:45:00+00:00,urn:ngsi-ld:Building:PUNE:BLD-PHOENIX-01,1922.12,18.9,0,1212.66,4463.11,4449.95,4431.87,2142.97,4346.58875,5038.58,750.6895077907251,-0.32143946530316186,0.9469301294951056,0,0
2026-09-07 23:00:00+00:00,urn:ngsi-ld:Building:PUNE:BLD-PHOENIX-01,2208.15,17.3,0,1254.91,4337.91,4542.1,4283.37,2046.41,4216.7625,5038.58,883.5907662499568,-0.25881904510252157,0.9659258262890681,0,0
2026-09-07 23:15:00+00:00,urn:ngsi-ld:Building:PUNE:BLD-PHOENIX-01,1988.5,17.7,0,1274.39,1927.38,4262.02,4324.77,2116.9,4098.827916666667,5037.21,955.1277028161123,-0.19509032201612872,0.9807852804032303,0,0
2026-09-07 23:30:00+00:00,urn:ngsi-ld:Building:PUNE:BLD-PHOENIX-01,1909.66,17.1,0,1318.31,2176.96,4409.93,4290.38,2118.52,3971.7983333333336,4966.57,1025.073316154878,-0.13052619222005168,0.9914448613738104,0,0
2026-09-07 23:45:00+00:00,urn:ngsi-ld:Building:PUNE:BLD-PHOENIX-01,1212.66,17.7,0,1283.05,1922.12,4463.11,4449.95,1169.62,3855.794583333333,4966.57,1094.9700690131226,-0.0654031292301428,0.9978589232386035,0,0
2026-09-08 00:00:00+00:00,urn:ngsi-ld:Building:PUNE:BLD-PHOENIX-01,1254.91,17.3,0,1431.97,2208.15,4337.91,4542.1,1160.4,3709.0099999999998,4966.57,1202.7372162768506,0.0,1.0,1,0
2026-09-08 00:15:00+00:00,urn:ngsi-ld:Building:PUNE:BLD-PHOENIX-01,1274.39,17.0,0,1250.41,1988.5,1927.38,4262.02,1323.36,3554.3575,4654.61,1270.713575992191,0.06540312923014306,0.9978589232386035,1,0
2026-09-08 00:30:00+00:00,urn:ngsi-ld:Building:PUNE:BLD-PHOENIX-01,1318.31,16.3,0,1288.23,1909.66,2176.96,4409.93,1115.8,3413.515,4632.67,1329.4329687436657,0.13052619222005157,0.9914448613738104,1,0
2026-09-08 00:45:00+00:00,urn:ngsi-ld:Building:PUNE:BLD-PHOENIX-01,1283.05,15.9,0,1279.9,1212.66,1922.12,4463.11,1118.79,3275.4166666666665,4542.1,1368.8435917374063,0.19509032201612825,0.9807852804032304,1,0
2026-09-08 01:00:00+00:00,urn:ngsi-ld:Building:PUNE:BLD-PHOENIX-01,1431.97,15.1,0,1100.0,1254.91,2208.15,4337.91,1446.07,3140.795,4542.1,1400.2548315962617,0.25881904510252074,0.9659258262890683,1,0
2026-09-08 01:15:00+00:00,urn:ngsi-ld:Building:PUNE:BLD-PHOENIX-01,1250.41,14.5,0,1145.45,1274.39,1988.5,1927.38,1100.0,3014.058333333334,4542.1,1411.9751921353904,0.3214394653031616,0.9469301294951057,1,0
2026-09-08 01:30:00+00:00,urn:ngsi-ld:Building:PUNE:BLD-PHOENIX-01,1288.23,14.8,0,1263.0,1318.31,1909.66,2176.96,1338.96,2885.8270833333336,4542.1,1427.1281662119359,0.3826834323650898,0.9238795325112867,1,0
2026-09-08 01:45:00+00:00,urn:ngsi-ld:Building:PUNE:BLD-PHOENIX-01,1279.9,14.4,0,1300.04,1283.05,1212.66,1922.12,1221.2,2760.087916666667,4542.1,1429.5034542044295,0.44228869021900125,0.8968727415326884,1,0
2026-09-08 02:00:00+00:00,urn:ngsi-ld:Building:PUNE:BLD-PHOENIX-01,1100.0,14.5,0,1100.0,1431.97,1254.91,2208.15,1302.29,2628.7558333333336,4542.1,1413.93974775052,0.49999999999999994,0.8660254037844387,1,0
2026-09-08 02:15:00+00:00,urn:ngsi-ld:Building:PUNE:BLD-PHOENIX-01,1145.45,14.5,0,1437.48,1250.41,1274.39,1988.5,1308.02,2496.115416666667,4542.1,1401.230699287546,0.5555702330196022,0.8314696123025452,1,0
2026-09-08 02:30:00+00:00,urn:ngsi-ld:Building:PUNE:BLD-PHOENIX-01,1263.0,13.5,0,1308.03,1288.23,1318.31,1909.66,1228.83,2363.6437499999997,4542.1,1370.789070346322,0.6087614290087207,0.7933533402912352,1,0
2026-09-08 02:45:00+00:00,urn:ngsi-ld:Building:PUNE:BLD-PHOENIX-01,1300.04,14.8,0,1257.57,1279.9,1283.05,1212.66,1251.75,2237.502916666667,4542.1,1324.2827326042136,0.6593458151000688,0.7518398074789774,1,0
2026-09-08 03:00:00+00:00,urn:ngsi-ld:Building:PUNE:BLD-PHOENIX-01,1100.0,14.9,0,1303.35,1100.0,1431.97,1254.91,1334.49,2106.2566666666667,4542.1,1249.455013949684,0.7071067811865476,0.7071067811865476,1,0
2026-09-08 03:15:00+00:00,urn:ngsi-ld:Building:PUNE:BLD-PHOENIX-01,1437.48,13.9,0,1207.41,1145.45,1250.41,1274.39,1374.45,1962.8358333333333,4463.11,1151.402188969795,0.7518398074789774,0.6593458151000688,1,0
2026-09-08 03:30:00+00:00,urn:ngsi-ld:Building:PUNE:BLD-PHOENIX-01,1308.03,14.2,0,1275.44,1263.0,1288.23,1318.31,1352.73,1845.1466666666668,4463.11,1045.675445910273,0.7933533402912352,0.6087614290087207,1,0
2026-09-08 03:45:00+00:00,urn:ngsi-ld:Building:PUNE:BLD-PHOENIX-01,1257.57,14.6,0,1290.61,1300.04,1279.9,1283.05,1275.23,1715.9008333333334,4463.11,895.8485725685579,0.8314696123025451,0.5555702330196024,1,0
2026-09-08 04:00:00+00:00,urn:ngsi-ld:Building:PUNE:BLD-PHOENIX-01,1303.35,14.8,0,1378.27,1100.0,1100.0,1431.97,1227.46,1582.3366666666668,4337.91,681.8545988995818,0.8660254037844386,0.5000000000000001,1,0
2026-09-08 04:15:00+00:00,urn:ngsi-ld:Building:PUNE:BLD-PHOENIX-01,1207.41,15.6,0,1241.87,1437.48,1145.45,1250.41,1159.25,1455.8966666666668,2208.15,348.55293162567614,0.8968727415326884,0.44228869021900125,1,0
2026-09-08 04:30:00+00:00,urn:ngsi-ld:Building:PUNE:BLD-PHOENIX-01,1275.44,15.1,0,1124.38,1308.03,1263.0,1288.23,1272.94,1425.8979166666666,2208.15,337.00091931200257,0.9238795325112867,0.38268343236508984,1,0
2026-09-08 04:45:00+00:00,urn:ngsi-ld:Building:PUNE:BLD-PHOENIX-01,1290.61,15.4,0,1174.97,1257.57,1300.04,1279.9,1246.03,1388.3345833333333,2208.15,297.5830528275713,0.9469301294951056,0.3214394653031617,1,0
2026-09-08 05:00:00+00:00,urn:ngsi-ld:Building:PUNE:BLD-PHOENIX-01,1378.27,18.0,0,1234.26,1303.35,1100.0,1100.0,1352.53,1362.0216666666668,2208.15,275.42748116270593,0.9659258262890683,0.25881904510252074,1,0
2026-09-08 05:15:00+00:00,urn:ngsi-ld:Building:PUNE:BLD-PHOENIX-01,1241.87,17.3,0,1133.46,1207.41,1437.48,1145.45,1306.5,1327.4433333333334,1988.5,208.55838764694275,0.9807852804032304,0.19509032201612833,1,0
2026-09-08 05:30:00+00:00,urn:ngsi-ld:Building:PUNE:BLD-PHOENIX-01,1124.38,16.1,0,1165.3,1275.44,1308.03,1263.0,1375.6,1296.33375,1909.66,154.2895858528299,0.9914448613738104,0.1305261922200517,1,0
2026-09-08 05:45:00+00:00,urn:ngsi-ld:Building:PUNE:BLD-PHOENIX-01,1174.97,18.5,0,1175.79,1290.61,1257.57,1300.04,1136.9,1263.61375,1437.48,87.28414283014514,0.9978589232386035,0.06540312923014327,1,0
2026-09-08 06:00:00+00:00,urn:ngsi-ld:Building:PUNE:BLD-PHOENIX-01,1234.26,17.8,0,1227.95,1378.27,1303.35,1100.0,1406.57,1262.0433333333333,1437.48,88.5703447601606,1.0,6.123233995736766e-17,1,0
2026-09-08 06:15:00+00:00,urn:ngsi-ld:Building:PUNE:BLD-PHOENIX-01,1133.46,18.1,0,1306.71,1241.87,1207.41,1437.48,1292.53,1261.1829166666666,1437.48,88.74278878087836,0.9978589232386035,-0.06540312923014314,1,0
2026-09-08 06:30:00+00:00,urn:ngsi-ld:Building:PUNE:BLD-PHOENIX-01,1165.3,19.2,0,1223.57,1124.38,1275.44,1308.03,1151.52,1255.3108333333332,1437.48,92.41745143439701,0.9914448613738104,-0.1305261922200516,1,0
2026-09-08 06:45:00+00:00,urn:ngsi-ld:Building:PUNE:BLD-PHOENIX-01,1175.79,19.4,0,1313.48,1174.97,1290.61,1257.57,1117.59,1248.9354166666665,1437.48,93.1572338888643,0.9807852804032304,-0.1950903220161282,1,0
2026-09-08 07:00:00+00:00,urn:ngsi-ld:Building:PUNE:BLD-PHOENIX-01,1227.95,20.7,0,2057.66,1234.26,1378.27,1303.35,1352.19,1244.46625,1437.48,94.0183376101909,0.9659258262890683,-0.25881904510252063,1,0
2026-09-08 07:15:00+00:00,urn:ngsi-ld:Building:PUNE:BLD-PHOENIX-01,1306.71,20.8,0,1968.24,1133.46,1241.87,1207.41,1221.07,1235.9654166666667,1437.48,85.13112387318216,0.9469301294951057,-0.3214394653031616,1,0
2026-09-08 07:30:00+00:00,urn:ngsi-ld:Building:PUNE:BLD-PHOENIX-01,1223.57,21.5,0,2092.27,1165.3,1124.38,1275.44,1244.29,1238.31125,1437.48,86.31392891286396,0.9238795325112868,-0.3826834323650895,1,0
2026-09-08 07:45:00+00:00,urn:ngsi-ld:Building:PUNE:BLD-PHOENIX-01,1313.48,22.4,0,2076.68,1175.79,1174.97,1290.61,1312.4,1235.6170833333333,1437.48,85.69495634642345,0.8968727415326884,-0.44228869021900113,1,0
2026-09-08 08:00:00+00:00,urn:ngsi-ld:Building:PUNE:BLD-PHOENIX-01,2057.66,22.7,0,2116.16,1227.95,1234.26,1378.27,2053.83,1237.01625,1437.48,86.71744735950661,0.8660254037844387,-0.4999999999999998,1,0
2026-09-08 08:15:00+00:00,urn:ngsi-ld:Building:PUNE:BLD-PHOENIX-01,1968.24,22.9,0,2136.57,1306.71,1133.46,1241.87,1899.37,1276.91875,2057.66,185.26452815890428,0.8314696123025451,-0.5555702330196023,1,0
2026-09-08 08:30:00+00:00,urn:ngsi-ld:Building:PUNE:BLD-PHOENIX-01,2092.27,24.5,0,2181.76,1223.57,1165.3,1124.38,2198.98,1311.2016666666666,2057.66,230.48730433126218,0.7933533402912352,-0.6087614290087207,1,0
2026-09-08 08:45:00+00:00,urn:ngsi-ld:Building:PUNE:BLD-PHOENIX-01,2076.68,24.9,0,2110.08,1313.48,1175.79,1174.97,1924.26,1345.7545833333334,2092.27,279.825394704412,0.7518398074789774,-0.6593458151000688,1,0
2026-09-08 09:00:00+00:00,urn:ngsi-ld:Building:PUNE:BLD-PHOENIX-01,2116.16,25.3,0,4466.01,2057.66,1227.95,1234.26,2039.34,1378.1145833333333,2092.27,316.7760048138572,0.7071067811865476,-0.7071067811865475,1,0
2026-09-08 09:15:00+00:00,urn:ngsi-ld:Building:PUNE:BLD-PHOENIX-01,2136.57,26.4,0,4504.06,1968.24,1306.71,1133.46,2032.26,1420.4545833333332,2116.16,344.66877341146056,0.659345815100069,-0.7518398074789773,1,0
2026-09-08 09:30:00+00:00,urn:ngsi-ld:Building:PUNE:BLD-PHOENIX-01,2181.76,26.4,0,4711.97,2092.27,1223.57,1165.3,2083.43,1449.5833333333333,2136.57,374.42644629350565,0.6087614290087209,-0.793353340291235,1,0
2026-09-08 09:45:00+00:00,urn:ngsi-ld:Building:PUNE:BLD-PHOENIX-01,2110.08,27.2,0,4574.47,2076.68,1313.48,1175.79,1923.11,1485.9887500000002,2181.76,401.558138357206,0.5555702330196025,-0.831469612302545,1,0
2026-09-08 10:00:00+00:00,urn:ngsi-ld:Building:PUNE:BLD-PHOENIX-01,4466.01,27.8,1,4783.12,2116.16,2057.66,1227.95,4455.95,1521.5100000000002,2181.76,417.8494698374119,0.49999999999999994,-0.8660254037844387,1,0
2026-09-08 10:15:00+00:00,urn:ngsi-ld:Building:PUNE:BLD-PHOENIX-01,4504.06,27.8,1,4633.86,2136.57,1968.24,1306.71,4470.41,1653.2875000000001,4466.01,728.9503222606088,0.4422886902190017,-0.8968727415326881,1,0
2026-09-08 10:30:00+00:00,urn:ngsi-ld:Building:PUNE:BLD-PHOENIX-01,4711.97,30.5,1,4596.0,2181.76,2092.27,1223.57,4596.91,1790.6479166666668,4504.06,925.4081366946292,0.3826834323650899,-0.9238795325112867,1,0
2026-09-08 10:45:00+00:00,urn:ngsi-ld:Building:PUNE:BLD-PHOENIX-01,4574.47,29.3,1,4768.53,2110.08,2076.68,1313.48,4639.76,1933.8366666666668,4711.97,1092.9289751722006,0.32143946530316175,-0.9469301294951056,1,0
2026-09-08 11:00:00+00:00,urn:ngsi-ld:Building:PUNE:BLD-PHOENIX-01,4783.12,29.5,1,5030.08,4466.01,2116.16,2057.66,4590.03,2070.6641666666665,4711.97,1208.3628455922988,0.258819045102521,-0.9659258262890682,1,0
2026-09-08 11:15:00+00:00,urn:ngsi-ld:Building:PUNE:BLD-PHOENIX-01,4633.86,29.9,1,4883.87,4504.06,2136.57,1968.24,4935.76,2212.5329166666666,4783.12,1318.4015813673554,0.19509032201612816,-0.9807852804032304,1,0
2026-09-08 11:30:00+00:00,urn:ngsi-ld:Building:PUNE:BLD-PHOENIX-01,4596.0,29.8,1,5024.41,4711.97,2181.76,2092.27,4779.02,2353.8658333333333,4783.12,1389.7050248630699,0.130526192220052,-0.9914448613738104,1,0
2026-09-08 11:45:00+00:00,urn:ngsi-ld:Building:PUNE:BLD-PHOENIX-01,4768.53,30.1,1,4905.35,4574.47,2110.08,2076.68,4662.6,2498.516666666667,4783.12,1436.0694965006642,0.06540312923014312,-0.9978589232386035,1,0
2026-09-08 12:00:00+00:00,urn:ngsi-ld:Building:PUNE:BLD-PHOENIX-01,5030.08,33.2,1,5074.05,4783.12,4466.01,2116.16,4781.18,2648.2483333333334,4783.12,1478.7761361361506,1.2246467991473532e-16,-1.0,1,0
2026-09-08 12:15:00+00:00,urn:ngsi-ld:Building:PUNE:BLD-PHOENIX-01,4883.87,30.9,1,4976.64,4633.86,4504.06,2136.57,4953.32,2806.4075,5030.08,1523.2877651010308,-0.06540312923014287,-0.9978589232386035,1,0
2026-09-08 12:30:00+00:00,urn:ngsi-ld:Building:PUNE:BLD-PHOENIX-01,5024.41,31.8,1,4925.73,4596.0,4711.97,2181.76,4975.46,2962.6745833333334,5030.08,1536.5172450707462,-0.13052619222005177,-0.9914448613738104,1,0
2026-09-08 12:45:00+00:00,urn:ngsi-ld:Building:PUNE:BLD-PHOENIX-01,4905.35,32.4,1,4934.16,4768.53,4574.47,2110.08,4946.43,3123.4708333333333,5030.08,1542.1614946784343,-0.19509032201612792,-0.9807852804032305,1,0
2026-09-08 13:00:00+00:00,urn:ngsi-ld:Building:PUNE:BLD-PHOENIX-01,5074.05,32.7,1,5129.65,5030.08,4783.12,4466.01,5074.63,3278.869166666667,5030.08,1525.181287419602,-0.2588190451025208,-0.9659258262890683,1,0
2026-09-08 13:15:00+00:00,urn:ngsi-ld:Building:PUNE:BLD-PHOENIX-01,4976.64,32.9,1,5172.15,4883.87,4633.86,4504.06,4936.72,3439.123333333333,5074.05,1502.2033717775043,-0.32143946530316153,-0.9469301294951057,1,0
2026-09-08 13:30:00+00:00,urn:ngsi-ld:Building:PUNE:BLD-PHOENIX-01,4925.73,33.1,1,5204.14,5024.41,4596.0,4711.97,5314.86,3592.037083333333,5074.05,1461.9482598305442,-0.38268343236508967,-0.9238795325112868,1,0
2026-09-08 13:45:00+00:00,urn:ngsi-ld:Building:PUNE:BLD-PHOENIX-01,4934.16,33.6,1,5201.35,4905.35,4768.53,4574.47,5012.92,3746.2937500000003,5074.05,1394.9559762690749,-0.44228869021900147,-0.8968727415326883,1,0
2026-09-08 14:00:00+00:00,urn:ngsi-ld:Building:PUNE:BLD-PHOENIX-01,5129.65,33.2,1,5223.44,5074.05,5030.08,4783.12,5202.84,3897.1554166666665,5074.05,1313.8389105841877,-0.4999999999999997,-0.8660254037844388,1,0
2026-09-08 14:15:00+00:00,urn:ngsi-ld:Building:PUNE:BLD-PHOENIX-01,5172.15,33.7,1,4918.51,4976.64,4883.87,4633.86,5219.81,4025.155,5129.65,1275.9320170352594,-0.555570233019602,-0.8314696123025455,1,0
2026-09-08 14:30:00+00:00,urn:ngsi-ld:Building:PUNE:BLD-PHOENIX-01,5204.14,33.5,1,5141.16,4925.73,5024.41,4596.0,5115.69,4158.65125,5172.15,1217.6428765493727,-0.6087614290087207,-0.7933533402912352,1,0
2026-09-08 14:45:00+00:00,urn:ngsi-ld:Building:PUNE:BLD-PHOENIX-01,5201.35,34.0,1,5025.81,4934.16,4905.35,4768.53,4872.88,4288.3125,5204.14,1151.9486764429732,-0.6593458151000688,-0.7518398074789774,1,0
2026-09-08 15:00:00+00:00,urn:ngsi-ld:Building:PUNE:BLD-PHOENIX-01,5223.44,34.0,1,4995.49,5129.65,5074.05,5030.08,5129.26,4418.507083333333,5204.14,1064.36705779,-0.7071067811865471,-0.7071067811865479,1,0
2026-09-08 15:15:00+00:00,urn:ngsi-ld:Building:PUNE:BLD-PHOENIX-01,4918.51,33.1,1,4800.78,5172.15,4976.64,4883.87,4987.91,4547.977083333334,5223.44,955.5556485489282,-0.7518398074789773,-0.6593458151000691,1,0
2026-09-08 15:30:00+00:00,urn:ngsi-ld:Building:PUNE:BLD-PHOENIX-01,5141.16,33.4,1,4801.04,5204.14,4925.73,5024.41,5299.96,4663.89125,5223.44,807.5980491250447,-0.7933533402912349,-0.6087614290087209,1,0
2026-09-08 15:45:00+00:00,urn:ngsi-ld:Building:PUNE:BLD-PHOENIX-01,5025.81,33.7,1,4976.57,5201.35,4934.16,4905.35,5039.08,4787.199583333334,5223.44,615.129086547896,-0.8314696123025452,-0.5555702330196022,1,0
2026-09-08 16:00:00+00:00,urn:ngsi-ld:Building:PUNE:BLD-PHOENIX-01,4995.49,32.2,1,4882.17,5223.44,5129.65,5074.05,5228.73,4908.6883333333335,5223.44,232.05738759254132,-0.8660254037844385,-0.5000000000000004,1,0
2026-09-08 16:15:00+00:00,urn:ngsi-ld:Building:PUNE:BLD-PHOENIX-01,4800.78,32.5,1,4807.71,4918.51,5172.15,4976.64,4933.51,4930.75,5223.44,212.48567495460355,-0.8968727415326883,-0.44228869021900136,1,0
2026-09-08 16:30:00+00:00,urn:ngsi-ld:Building:PUNE:BLD-PHOENIX-01,4801.04,32.5,1,4853.6,5141.16,5204.14,4925.73,4843.99,4943.113333333334,5223.44,194.44604973620665,-0.9238795325112868,-0.3826834323650895,1,0
2026-09-08 16:45:00+00:00,urn:ngsi-ld:Building:PUNE:BLD-PHOENIX-01,4976.57,31.3,1,4839.56,5025.81,5201.35,4934.16,5037.95,4946.824583333333,5223.44,190.6556370273329,-0.9469301294951056,-0.3214394653031618,1,0
2026-09-08 17:00:00+00:00,urn:ngsi-ld:Building:PUNE:BLD-PHOENIX-01,4882.17,32.6,1,4712.82,4995.49,5223.44,5129.65,5038.58,4963.57875,5223.44,173.39827967447334,-0.9659258262890683,-0.25881904510252063,1,0
2026-09-08 17:15:00+00:00,urn:ngsi-ld:Building:PUNE:BLD-PHOENIX-01,4807.71,30.9,1,4493.77,4800.78,4918.51,5172.15,5037.21,4967.705833333333,5223.44,170.0630822325971,-0.9807852804032303,-0.19509032201612866,1,0
2026-09-08 17:30:00+00:00,urn:ngsi-ld:Building:PUNE:BLD-PHOENIX-01,4853.6,31.8,1,4336.47,4801.04,5141.16,5204.14,4693.75,4974.949583333333,5223.44,158.5367458292407,-0.9914448613738104,-0.13052619222005163,1,0
2026-09-08 17:45:00+00:00,urn:ngsi-ld:Building:PUNE:BLD-PHOENIX-01,4839.56,30.0,1,4541.36,4976.57,5025.81,5201.35,4735.49,4985.682916666667,5223.44,139.3209811124141,-0.9978589232386035,-0.06540312923014273,1,0
2026-09-08 18:00:00+00:00,urn:ngsi-ld:Building:PUNE:BLD-PHOENIX-01,4712.82,29.6,1,4329.93,4882.17,4995.49,5223.44,4966.57,4988.6425,5223.44,135.20098103114924,-1.0,-1.8369701987210297e-16,1,0
2026-09-08 18:15:00+00:00,urn:ngsi-ld:Building:PUNE:BLD-PHOENIX-01,4493.77,28.4,1,4378.61,4807.71,4800.78,4918.51,4654.61,4975.423333333333,5223.44,146.0481001073725,-0.9978589232386036,0.06540312923014237,1,0
2026-09-08 18:30:00+00:00,urn:ngsi-ld:Building:PUNE:BLD-PHOENIX-01,4336.47,27.8,1,4106.19,4853.6,4801.04,5141.16,4632.67,4959.169166666667,5223.44,175.43216994466616,-0.9914448613738105,0.13052619222005127,1,0
2026-09-08 18:45:00+00:00,urn:ngsi-ld:Building:PUNE:BLD-PHOENIX-01,4541.36,28.7,1,4365.11,4839.56,4976.57,5025.81,4513.97,4930.505,5223.44,215.85390820413798,-0.9807852804032304,0.1950903220161283,1,0
2026-09-08 19:00:00+00:00,urn:ngsi-ld:Building:PUNE:BLD-PHOENIX-01,4329.93,27.4,1,4388.32,4712.82,4882.17,4995.49,4473.65,4915.33875,5223.44,230.02056774421163,-0.9659258262890684,0.2588190451025203,1,0
2026-09-08 19:15:00+00:00,urn:ngsi-ld:Building:PUNE:BLD-PHOENIX-01,4378.61,26.9,1,4321.04,4493.77,4807.71,4800.78,4327.96,4884.333750000001,5223.44,256.34218974232476,-0.9469301294951057,0.3214394653031615,1,0
2026-09-08 19:30:00+00:00,urn:ngsi-ld:Building:PUNE:BLD-PHOENIX-01,4106.19,27.0,1,4326.68,4336.47,4853.6,4801.04,4305.97,4859.4158333333335,5223.44,275.3412685144433,-0.923879532511287,0.38268343236508917,1,0
2026-09-08 19:45:00+00:00,urn:ngsi-ld:Building:PUNE:BLD-PHOENIX-01,4365.11,25.4,1,4280.46,4541.36,4839.56,4976.57,4431.87,4825.268333333333,5223.44,314.7573993697546,-0.8968727415326884,0.442288690219001,1,0
2026-09-08 20:00:00+00:00,urn:ngsi-ld:Building:PUNE:BLD-PHOENIX-01,4388.32,25.2,1,4367.42,4329.93,4712.82,4882.17,4283.37,4801.557916666667,5223.44,327.3780526093541,-0.8660254037844386,0.5000000000000001,1,0
2026-09-08 20:15:00+00:00,urn:ngsi-ld:Building:PUNE:BLD-PHOENIX-01,4321.04,24.8,1,4321.47,4378.61,4493.77,4807.71,4324.77,4770.669166666667,5223.44,330.0381636815207,-0.8314696123025455,0.5555702330196018,1,0
2026-09-08 20:30:00+00:00,urn:ngsi-ld:Building:PUNE:BLD-PHOENIX-01,4326.68,23.7,1,4467.04,4106.19,4336.47,4853.6,4290.38,4735.20625,5223.44,330.74856095275726,-0.7933533402912357,0.6087614290087199,1,0
2026-09-08 20:45:00+00:00,urn:ngsi-ld:Building:PUNE:BLD-PHOENIX-01,4280.46,24.1,1,4329.98,4365.11,4541.36,4839.56,4449.95,4698.645416666667,5223.44,325.10802281012224,-0.7518398074789772,0.6593458151000691,1,0
2026-09-08 21:00:00+00:00,urn:ngsi-ld:Building:PUNE:BLD-PHOENIX-01,4367.42,22.7,1,4325.7,4388.32,4329.93,4712.82,4542.1,4660.275,5223.44,317.4506069762662,-0.7071067811865477,0.7071067811865474,1,0
2026-09-08 21:15:00+00:00,urn:ngsi-ld:Building:PUNE:BLD-PHOENIX-01,4321.47,23.1,1,2071.95,4321.04,4378.61,4493.77,4262.02,4624.6075,5141.16,298.97648311260417,-0.6593458151000687,0.7518398074789775,1,0
2026-09-08 21:30:00+00:00,urn:ngsi-ld:Building:PUNE:BLD-PHOENIX-01,4467.04,22.1,1,1943.1,4326.68,4106.19,4336.47,4409.93,4599.730833333334,5141.16,298.29667613068085,-0.608761429008721,0.7933533402912349,1,0
2026-09-08 21:45:00+00:00,urn:ngsi-ld:Building:PUNE:BLD-PHOENIX-01,4329.98,20.9,1,2253.63,4280.46,4365.11,4541.36,4463.11,4571.6425,5025.81,276.00309294507747,-0.555570233019603,0.8314696123025447,1,0
2026-09-08 22:00:00+00:00,urn:ngsi-ld:Building:PUNE:BLD-PHOENIX-01,4325.7,20.2,1,1976.4,4367.42,4388.32,4329.93,4337.91,4542.649583333333,4995.49,262.43390661903396,-0.5000000000000004,0.8660254037844384,1,0
2026-09-08 22:15:00+00:00,urn:ngsi-ld:Building:PUNE:BLD-PHOENIX-01,2071.95,20.3,0,2076.77,4321.47,4321.04,4378.61,1927.38,4514.741666666666,4976.57,247.36489576736795,-0.4422886902190014,0.8968727415326883,1,0
2026-09-08 22:30:00+00:00,urn:ngsi-ld:Building:PUNE:BLD-PHOENIX-01,1943.1,19.4,0,2036.89,4467.04,4326.68,4106.19,2176.96,4401.040416666667,4976.57,550.9871703981165,-0.38268343236508956,0.9238795325112868,1,0
2026-09-08 22:45:00+00:00,urn:ngsi-ld:Building:PUNE:BLD-PHOENIX-01,2253.63,18.1,0,1233.89,4329.98,4280.46,4365.11,1922.12,4281.959583333333,4976.57,737.9066564362217,-0.32143946530316186,0.9469301294951056,1,0
2026-09-08 23:00:00+00:00,urn:ngsi-ld:Building:PUNE:BLD-PHOENIX-01,1976.4,18.1,0,1241.65,4325.7,4367.42,4388.32,2208.15,4168.50375,4882.17,830.0431422512854,-0.25881904510252157,0.9659258262890681,1,0
2026-09-08 23:15:00+00:00,urn:ngsi-ld:Building:PUNE:BLD-PHOENIX-01,2076.77,18.6,0,1425.79,2071.95,4321.47,4321.04,1988.5,4047.43,4853.6,927.6087555551761,-0.19509032201612872,0.9807852804032303,1,0
2026-09-08 23:30:00+00:00,urn:ngsi-ld:Building:PUNE:BLD-PHOENIX-01,2036.89,17.6,0,1100.0,1943.1,4467.04,4326.68,1909.66,3933.6408333333334,4853.6,995.3207446364379,-0.13052619222005168,0.9914448613738104,1,0
2026-09-08 23:45:00+00:00,urn:ngsi-ld:Building:PUNE:BLD-PHOENIX-01,1233.89,16.7,0,1510.25,2253.63,4329.98,4280.46,1212.66,3816.2779166666664,4839.56,1046.8590578819053,-0.0654031292301428,0.9978589232386035,1,0
2026-09-09 00:00:00+00:00,urn:ngsi-ld:Building:PUNE:BLD-PHOENIX-01,1241.65,15.6,0,1172.97,1976.4,4325.7,4367.42,1254.91,3666.0416666666665,4712.82,1147.5103143068393,0.0,1.0,2,0
2026-09-09 00:15:00+00:00,urn:ngsi-ld:Building:PUNE:BLD-PHOENIX-01,1425.79,16.3,0,1179.51,2076.77,2071.95,4321.47,1274.39,3521.4095833333326,4541.36,1225.9127162116317,0.06540312923014306,0.9978589232386035,2,0
2026-09-09 00:30:00+00:00,urn:ngsi-ld:Building:PUNE:BLD-PHOENIX-01,1100.0,15.8,0,1216.9,2036.89,1943.1,4467.04,1318.31,3393.5770833333336,4541.36,1278.922352463294,0.13052619222005157,0.9914448613738104,2,0
2026-09-09 00:45:00+00:00,urn:ngsi-ld:Building:PUNE:BLD-PHOENIX-01,1510.25,15.4,0,1100.0,1233.89,2253.63,4329.98,1283.05,3258.724166666667,4541.36,1344.1463460240102,0.19509032201612825,0.9807852804032304,2,0
2026-09-09 01:00:00+00:00,urn:ngsi-ld:Building:PUNE:BLD-PHOENIX-01,1172.97,15.7,0,1250.98,1241.65,1976.4,4325.7,1431.97,3132.427916666667,4467.04,1360.6898121652257,0.25881904510252074,0.9659258262890683,2,0
2026-09-09 01:15:00+00:00,urn:ngsi-ld:Building:PUNE:BLD-PHOENIX-01,1179.51,15.4,0,1287.51,1425.79,2076.77,2071.95,1250.41,3000.8879166666666,4467.04,1392.1232323418374,0.3214394653031616,0.9469301294951057,2,0
2026-09-09 01:30:00+00:00,urn:ngsi-ld:Building:PUNE:BLD-PHOENIX-01,1216.9,14.0,0,1317.84,1100.0,2036.89,1943.1,1288.23,2867.592083333333,4467.04,1407.5423514918732,0.3826834323650898,0.9238795325112867,2,0
2026-09-09 01:45:00+00:00,urn:ngsi-ld:Building:PUNE:BLD-PHOENIX-01,1100.0,14.7,0,1406.06,1510.25,1233.89,2253.63,1279.9,2747.205,4467.04,1420.4999456315024,0.44228869021900125,0.8968727415326884,2,0
2026-09-09 02:00:00+00:00,urn:ngsi-ld:Building:PUNE:BLD-PHOENIX-01,1250.98,13.9,0,1146.21,1172.97,1241.65,1976.4,1100.0,2611.15875,4467.04,1415.1559131964427,0.49999999999999994,0.8660254037844387,2,0
2026-09-09 02:15:00+00:00,urn:ngsi-ld:Building:PUNE:BLD-PHOENIX-01,1287.51,14.3,0,1408.1,1179.51,1425.79,2076.77,1145.45,2480.43625,4467.04,1388.5085389720625,0.5555702330196022,0.8314696123025452,2,0
2026-09-09 02:30:00+00:00,urn:ngsi-ld:Building:PUNE:BLD-PHOENIX-01,1317.84,13.8,0,1303.47,1216.9,1100.0,2036.89,1263.0,2354.0391666666665,4467.04,1351.2443327087421,0.6087614290087207,0.7933533402912352,2,0
2026-09-09 02:45:00+00:00,urn:ngsi-ld:Building:PUNE:BLD-PHOENIX-01,1406.06,13.8,0,1152.49,1100.0,1510.25,1233.89,1300.04,2228.670833333333,4467.04,1298.828774623712,0.6593458151000688,0.7518398074789774,2,0
2026-09-09 03:00:00+00:00,urn:ngsi-ld:Building:PUNE:BLD-PHOENIX-01,1146.21,13.6,0,1134.87,1250.98,1172.97,1241.65,1100.0,2108.9041666666667,4467.04,1232.2228900081732,0.7071067811865476,0.7071067811865476,2,0
2026-09-09 03:15:00+00:00,urn:ngsi-ld:Building:PUNE:BLD-PHOENIX-01,1408.1,14.9,0,1288.17,1287.51,1179.51,1425.79,1437.48,1974.6870833333332,4467.04,1148.0821369513249,0.7518398074789774,0.6593458151000688,2,0
2026-09-09 03:30:00+00:00,urn:ngsi-ld:Building:PUNE:BLD-PHOENIX-01,1303.47,15.0,0,1280.36,1317.84,1216.9,1100.0,1308.03,1853.2966666666669,4467.04,1037.8930436252758,0.7933533402912352,0.6087614290087207,2,0
2026-09-09 03:45:00+00:00,urn:ngsi-ld:Building:PUNE:BLD-PHOENIX-01,1152.49,15.0,0,1278.16,1406.06,1100.0,1510.25,1257.57,1721.4812499999998,4329.98,880.4582098386157,0.8314696123025451,0.5555702330196024,2,0
2026-09-09 04:00:00+00:00,urn:ngsi-ld:Building:PUNE:BLD-PHOENIX-01,1134.87,14.9,0,1383.63,1146.21,1250.98,1172.97,1303.35,1589.0858333333335,4325.7,689.3145103015402,0.8660254037844386,0.5000000000000001,2,0
2026-09-09 04:15:00+00:00,urn:ngsi-ld:Building:PUNE:BLD-PHOENIX-01,1288.17,14.7,0,1367.4,1408.1,1287.51,1179.51,1207.41,1456.1345833333332,2253.63,374.25772645122976,0.8968727415326884,0.44228869021900125,2,0
2026-09-09 04:30:00+00:00,urn:ngsi-ld:Building:PUNE:BLD-PHOENIX-01,1280.36,15.1,0,1255.33,1303.47,1317.84,1216.9,1275.44,1423.4770833333334,2253.63,351.7021116064595,0.9238795325112867,0.38268343236508984,2,0
2026-09-09 04:45:00+00:00,urn:ngsi-ld:Building:PUNE:BLD-PHOENIX-01,1278.16,15.3,0,1210.71,1152.49,1406.06,1100.0,1290.61,1395.8629166666667,2253.63,334.73832371064947,0.9469301294951056,0.3214394653031617,2,0
2026-09-09 05:00:00+00:00,urn:ngsi-ld:Building:PUNE:BLD-PHOENIX-01,1383.63,16.2,0,1181.04,1134.87,1146.21,1250.98,1378.27,1355.2183333333335,2076.77,280.96001409233736,0.9659258262890683,0.25881904510252074,2,0
2026-09-09 05:15:00+00:00,urn:ngsi-ld:Building:PUNE:BLD-PHOENIX-01,1367.4,17.1,0,1115.72,1288.17,1408.1,1287.51,1241.87,1330.5195833333335,2076.77,248.11340856237402,0.9807852804032304,0.19509032201612833,2,0
2026-09-09 05:30:00+00:00,urn:ngsi-ld:Building:PUNE:BLD-PHOENIX-01,1255.33,16.8,0,1149.65,1280.36,1303.47,1317.84,1124.38,1300.9624999999999,2036.89,191.0371729417505,0.9914448613738104,0.1305261922200517,2,0
2026-09-09 05:45:00+00:00,urn:ngsi-ld:Building:PUNE:BLD-PHOENIX-01,1210.71,17.1,0,1100.0,1278.16,1152.49,1406.06,1174.97,1268.3975,1510.25,109.23273351730339,0.9978589232386035,0.06540312923014327,2,0
2026-09-09 06:00:00+00:00,urn:ngsi-ld:Building:PUNE:BLD-PHOENIX-01,1181.04,18.1,0,1420.14,1383.63,1134.87,1146.21,1234.26,1267.4316666666666,1510.25,109.65278476044352,1.0,6.123233995736766e-17,2,0
2026-09-09 06:15:00+00:00,urn:ngsi-ld:Building:PUNE:BLD-PHOENIX-01,1115.72,18.0,0,1280.5,1367.4,1288.17,1408.1,1133.46,1264.90625,1510.25,110.96251305121187,0.9978589232386035,-0.06540312923014314,2,0
2026-09-09 06:30:00+00:00,urn:ngsi-ld:Building:PUNE:BLD-PHOENIX-01,1149.65,17.8,0,1312.94,1255.33,1280.36,1303.47,1165.3,1251.9866666666667,1510.25,109.45688151079172,0.9914448613738104,-0.1305261922200516,2,0
2026-09-09 06:45:00+00:00,urn:ngsi-ld:Building:PUNE:BLD-PHOENIX-01,1100.0,20.2,0,1228.05,1210.71,1278.16,1152.49,1175.79,1254.0554166666666,1510.25,106.89872045316578,0.9807852804032304,-0.1950903220161282,2,0
2026-09-09 07:00:00+00:00,urn:ngsi-ld:Building:PUNE:BLD-PHOENIX-01,1420.14,19.5,0,2282.4,1181.04,1383.63,1134.87,1227.95,1236.9616666666666,1408.1,96.43953589674759,0.9659258262890683,-0.25881904510252063,2,0
2026-09-09 07:15:00+00:00,urn:ngsi-ld:Building:PUNE:BLD-PHOENIX-01,1280.5,20.6,0,1950.46,1115.72,1367.4,1288.17,1306.71,1247.2604166666667,1420.14,102.32668492415529,0.9469301294951057,-0.3214394653031616,2,0
2026-09-09 07:30:00+00:00,urn:ngsi-ld:Building:PUNE:BLD-PHOENIX-01,1312.94,21.9,0,1907.82,1149.65,1255.33,1280.36,1223.57,1251.4683333333332,1420.14,101.49256852887909,0.9238795325112868,-0.3826834323650895,2,0
2026-09-09 07:45:00+00:00,urn:ngsi-ld:Building:PUNE:BLD-PHOENIX-01,1228.05,21.2,0,2280.13,1100.0,1210.71,1278.16,1313.48,1255.47,1420.14,101.96259540043224,0.8968727415326884,-0.44228869021900113,2,0
2026-09-09 08:00:00+00:00,urn:ngsi-ld:Building:PUNE:BLD-PHOENIX-01,2282.4,21.8,0,1924.56,1420.14,1181.04,1383.63,2057.66,1260.8054166666668,1420.14,96.68736376996308,0.8660254037844387,-0.4999999999999998,2,0
2026-09-09 08:15:00+00:00,urn:ngsi-ld:Building:PUNE:BLD-PHOENIX-01,1950.46,22.4,0,2026.81,1280.5,1115.72,1367.4,1968.24,1303.78125,2282.4,229.7680385179382,0.8314696123025451,-0.5555702330196023,2,0
2026-09-09 08:30:00+00:00,urn:ngsi-ld:Building:PUNE:BLD-PHOENIX-01,1907.82,23.4,0,1988.13,1312.94,1149.65,1255.33,2092.27,1331.4041666666667,2282.4,264.89235915430044,0.7933533402912352,-0.6087614290087207,2,0
2026-09-09 08:45:00+00:00,urn:ngsi-ld:Building:PUNE:BLD-PHOENIX-01,2280.13,25.4,0,2087.54,1228.05,1100.0,1210.71,2076.68,1355.9866666666667,2282.4,289.78486529415073,0.7518398074789774,-0.6593458151000688,2,0
2026-09-09 09:00:00+00:00,urn:ngsi-ld:Building:PUNE:BLD-PHOENIX-01,1924.56,25.0,0,4415.34,2282.4,1420.14,1181.04,2116.16,1392.40625,2282.4,345.8531646309646,0.7071067811865476,-0.7071067811865475,2,0
2026-09-09 09:15:00+00:00,urn:ngsi-ld:Building:PUNE:BLD-PHOENIX-01,2026.81,24.5,0,4475.44,1950.46,1280.5,1115.72,2136.57,1424.8374999999999,2282.4,358.04199540230917,0.659345815100069,-0.7518398074789773,2,0
2026-09-09 09:30:00+00:00,urn:ngsi-ld:Building:PUNE:BLD-PHOENIX-01,1988.13,26.3,0,4636.51,1907.82,1312.94,1149.65,2181.76,1450.6170833333333,2282.4,378.47544758079994,0.6087614290087209,-0.793353340291235,2,0
2026-09-09 09:45:00+00:00,urn:ngsi-ld:Building:PUNE:BLD-PHOENIX-01,2087.54,27.2,0,4531.41,2280.13,1228.05,1100.0,2110.08,1479.1445833333335,2282.4,392.4472002699835,0.5555702330196025,-0.831469612302545,2,0
2026-09-09 10:00:00+00:00,urn:ngsi-ld:Building:PUNE:BLD-PHOENIX-01,4415.34,27.8,1,4499.33,1924.56,2282.4,1420.14,4466.01,1518.1050000000002,2282.4,404.826980948996,0.49999999999999994,-0.8660254037844387,2,0
2026-09-09 10:15:00+00:00,urn:ngsi-ld:Building:PUNE:BLD-PHOENIX-01,4475.44,27.5,1,4724.2,2026.81,1950.46,1280.5,4504.06,1654.79125,4415.34,709.1960782727406,0.4422886902190017,-0.8968727415326881,2,0
2026-09-09 10:30:00+00:00,urn:ngsi-ld:Building:PUNE:BLD-PHOENIX-01,4636.51,28.8,1,4906.18,1988.13,1907.82,1312.94,4711.97,1787.5941666666668,4475.44,908.0899270442409,0.3826834323650899,-0.9238795325112867,2,0
2026-09-09 10:45:00+00:00,urn:ngsi-ld:Building:PUNE:BLD-PHOENIX-01,4531.41,29.8,1,4873.56,2087.54,2280.13,1228.05,4574.47,1927.4337500000001,4636.51,1070.4761347533974,0.32143946530316175,-0.9469301294951056,2,0
2026-09-09 11:00:00+00:00,urn:ngsi-ld:Building:PUNE:BLD-PHOENIX-01,4499.33,28.9,1,4999.14,4415.34,1924.56,2282.4,4783.12,2062.985833333333,4636.51,1184.580124839363,0.258819045102521,-0.9659258262890682,2,0
2026-09-09 11:15:00+00:00,urn:ngsi-ld:Building:PUNE:BLD-PHOENIX-01,4724.2,29.6,1,5058.72,4475.44,2026.81,1950.46,4633.86,2192.806666666667,4636.51,1274.2270878002905,0.19509032201612816,-0.9807852804032304,2,0
2026-09-09 11:30:00+00:00,urn:ngsi-ld:Building:PUNE:BLD-PHOENIX-01,4906.18,30.9,1,4930.17,4636.51,1988.13,1907.82,4596.0,2332.673333333333,4724.2,1360.9652753378089,0.130526192220052,-0.9914448613738104,2,0
2026-09-09 11:45:00+00:00,urn:ngsi-ld:Building:PUNE:BLD-PHOENIX-01,4873.56,31.4,1,4993.81,4531.41,2087.54,2280.13,4768.53,2484.7920833333333,4906.18,1437.2091648716562,0.06540312923014312,-0.9978589232386035,2,0
2026-09-09 12:00:00+00:00,urn:ngsi-ld:Building:PUNE:BLD-PHOENIX-01,4999.14,32.3,1,5094.89,4499.33,4415.34,1924.56,5030.08,2637.4108333333334,4906.18,1489.558172584167,1.2246467991473532e-16,-1.0,2,0
2026-09-09 12:15:00+00:00,urn:ngsi-ld:Building:PUNE:BLD-PHOENIX-01,5058.72,31.9,1,4942.62,4724.2,4475.44,2026.81,4883.87,2796.4983333333334,4999.14,1530.5775878737475,-0.06540312923014287,-0.9978589232386035,2,0
2026-09-09 12:30:00+00:00,urn:ngsi-ld:Building:PUNE:BLD-PHOENIX-01,4930.17,32.3,1,5052.64,4906.18,4636.51,1988.13,5024.41,2960.7900000000004,5058.72,1553.763835913064,-0.13052619222005177,-0.9914448613738104,2,0
2026-09-09 12:45:00+00:00,urn:ngsi-ld:Building:PUNE:BLD-PHOENIX-01,4993.81,32.0,1,5252.81,4873.56,4531.41,2087.54,4905.35,3118.3116666666665,5058.72,1553.8018311720457,-0.19509032201612792,-0.9807852804032305,2,0
2026-09-09 13:00:00+00:00,urn:ngsi-ld:Building:PUNE:BLD-PHOENIX-01,5094.89,33.5,1,5044.85,4999.14,4499.33,4415.34,5074.05,3280.5537499999996,5058.72,1537.0931794159549,-0.2588190451025208,-0.9659258262890683,2,0
2026-09-09 13:15:00+00:00,urn:ngsi-ld:Building:PUNE:BLD-PHOENIX-01,4942.62,33.8,1,4906.68,5058.72,4724.2,4475.44,4976.64,3433.668333333333,5094.89,1526.7056614265475,-0.32143946530316153,-0.9469301294951057,2,0
2026-09-09 13:30:00+00:00,urn:ngsi-ld:Building:PUNE:BLD-PHOENIX-01,5052.64,33.1,1,5138.48,4930.17,4906.18,4636.51,4925.73,3586.256666666666,5094.89,1484.574284402817,-0.38268343236508967,-0.9238795325112868,2,0
2026-09-09 13:45:00+00:00,urn:ngsi-ld:Building:PUNE:BLD-PHOENIX-01,5252.81,32.9,1,4973.02,4993.81,4873.56,4531.41,4934.16,3742.077500000001,5094.89,1430.8812544365176,-0.44228869021900147,-0.8968727415326883,2,0
2026-09-09 14:00:00+00:00,urn:ngsi-ld:Building:PUNE:BLD-PHOENIX-01,5044.85,33.4,1,5305.83,5094.89,4999.14,4499.33,5129.65,3909.7758333333336,5252.81,1357.3907138423199,-0.4999999999999997,-0.8660254037844388,2,0
2026-09-09 14:15:00+00:00,urn:ngsi-ld:Building:PUNE:BLD-PHOENIX-01,4906.68,33.5,1,5068.94,4942.62,5058.72,4724.2,5172.15,4024.8779166666664,5252.81,1330.246743398217,-0.555570233019602,-0.8314696123025455,2,0
2026-09-09 14:30:00+00:00,urn:ngsi-ld:Building:PUNE:BLD-PHOENIX-01,5138.48,33.0,1,4967.36,5052.64,4930.17,4906.18,5204.14,4148.05375,5252.81,1265.083388221859,-0.6087614290087207,-0.7933533402912352,2,0
2026-09-09 14:45:00+00:00,urn:ngsi-ld:Building:PUNE:BLD-PHOENIX-01,4973.02,33.1,1,4871.66,5252.81,4993.81,4873.56,5201.35,4282.664583333333,5252.81,1185.7384891647848,-0.6593458151000688,-0.7518398074789774,2,0
2026-09-09 15:00:00+00:00,urn:ngsi-ld:Building:PUNE:BLD-PHOENIX-01,5305.83,34.2,1,4873.39,5044.85,5094.89,4999.14,5223.44,4394.868333333334,5252.81,1113.1962613658272,-0.7071067811865471,-0.7071067811865479,2,0
2026-09-09 15:15:00+00:00,urn:ngsi-ld:Building:PUNE:BLD-PHOENIX-01,5068.94,33.6,1,4897.78,4906.68,4942.62,5058.72,4918.51,4535.754583333333,5305.83,994.6113403299206,-0.7518398074789773,-0.6593458151000691,2,0
2026-09-09 15:30:00+00:00,urn:ngsi-ld:Building:PUNE:BLD-PHOENIX-01,4967.36,33.0,1,5128.9,5138.48,5052.64,4930.17,5141.16,4662.509999999999,5305.83,843.3026903014053,-0.7933533402912349,-0.6087614290087209,2,0
2026-09-09 15:45:00+00:00,urn:ngsi-ld:Building:PUNE:BLD-PHOENIX-01,4871.66,32.4,1,4895.39,4973.02,5252.81,4993.81,5025.81,4786.644583333334,5305.83,623.0174292766245,-0.8314696123025452,-0.5555702330196022,2,0
2026-09-09 16:00:00+00:00,urn:ngsi-ld:Building:PUNE:BLD-PHOENIX-01,4873.39,32.4,1,4869.2,5305.83,5044.85,5094.89,4995.49,4902.649583333333,5305.83,240.15907082566866,-0.8660254037844385,-0.5000000000000004,2,0
2026-09-09 16:15:00+00:00,urn:ngsi-ld:Building:PUNE:BLD-PHOENIX-01,4897.78,31.6,1,4951.39,5068.94,4906.68,4942.62,4800.78,4921.735,5305.83,216.8149022233417,-0.8968727415326883,-0.44228869021900136,2,0
2026-09-09 16:30:00+00:00,urn:ngsi-ld:Building:PUNE:BLD-PHOENIX-01,5128.9,32.4,1,4775.82,4967.36,5138.48,5052.64,4801.04,4939.3324999999995,5305.83,195.06549946227176,-0.9238795325112868,-0.3826834323650895,2,0
2026-09-09 16:45:00+00:00,urn:ngsi-ld:Building:PUNE:BLD-PHOENIX-01,4895.39,31.5,1,4570.73,4871.66,4973.02,5252.81,4976.57,4959.84875,5305.83,187.5812870827427,-0.9469301294951056,-0.3214394653031618,2,0
2026-09-09 17:00:00+00:00,urn:ngsi-ld:Building:PUNE:BLD-PHOENIX-01,4869.2,31.7,1,4555.37,4873.39,5305.83,5044.85,4882.17,4975.014583333334,5305.83,164.76203010726732,-0.9659258262890683,-0.25881904510252063,2,0
2026-09-09 17:15:00+00:00,urn:ngsi-ld:Building:PUNE:BLD-PHOENIX-01,4951.39,31.6,1,4576.2,4897.78,5068.94,4906.68,4807.71,4990.425833333334,5305.83,132.46670708621158,-0.9807852804032303,-0.19509032201612866,2,0
2026-09-09 17:30:00+00:00,urn:ngsi-ld:Building:PUNE:BLD-PHOENIX-01,4775.82,30.9,1,4547.55,5128.9,4967.36,5138.48,4853.6,4999.892083333333,5305.83,120.16072927841682,-0.9914448613738104,-0.13052619222005163,2,0
2026-09-09 17:45:00+00:00,urn:ngsi-ld:Building:PUNE:BLD-PHOENIX-01,4570.73,30.0,1,4409.52,4895.39,4871.66,4973.02,4839.56,4994.460416666666,5305.83,127.3144159494395,-0.9978589232386035,-0.06540312923014273,2,0
2026-09-09 18:00:00+00:00,urn:ngsi-ld:Building:PUNE:BLD-PHOENIX-01,4555.37,29.3,1,4336.46,4869.2,4873.39,5305.83,4712.82,4981.8425,5305.83,152.3604940308883,-1.0,-1.8369701987210297e-16,2,0
2026-09-09 18:15:00+00:00,urn:ngsi-ld:Building:PUNE:BLD-PHOENIX-01,4576.2,28.6,1,4333.22,4951.39,4897.78,5068.94,4493.77,4963.352083333333,5305.83,175.3616958815663,-0.9978589232386036,0.06540312923014237,2,0
2026-09-09 18:30:00+00:00,urn:ngsi-ld:Building:PUNE:BLD-PHOENIX-01,4547.55,29.5,1,4334.22,4775.82,5128.9,4967.36,4336.47,4943.247083333333,5305.83,190.9222801465857,-0.9914448613738105,0.13052619222005127,2,0
2026-09-09 18:45:00+00:00,urn:ngsi-ld:Building:PUNE:BLD-PHOENIX-01,4409.52,28.4,1,4230.94,4570.73,4895.39,4871.66,4541.36,4927.3045833333335,5305.83,207.33144485566115,-0.9807852804032304,0.1950903220161283,2,0
2026-09-09 19:00:00+00:00,urn:ngsi-ld:Building:PUNE:BLD-PHOENIX-01,4336.46,27.5,1,4435.05,4555.37,4869.2,4873.39,4329.93,4902.9591666666665,5305.83,232.01749047488065,-0.9659258262890684,0.2588190451025203,2,0
2026-09-09 19:15:00+00:00,urn:ngsi-ld:Building:PUNE:BLD-PHOENIX-01,4333.22,27.4,1,4562.69,4576.2,4951.39,4897.78,4378.61,4871.357916666667,5305.83,255.2283879532968,-0.9469301294951057,0.3214394653031615,2,0
2026-09-09 19:30:00+00:00,urn:ngsi-ld:Building:PUNE:BLD-PHOENIX-01,4334.22,27.1,1,4320.78,4547.55,4775.82,5128.9,4106.19,4845.96625,5305.83,277.19837830970005,-0.923879532511287,0.38268343236508917,2,0
2026-09-09 19:45:00+00:00,urn:ngsi-ld:Building:PUNE:BLD-PHOENIX-01,4230.94,25.5,1,4394.62,4409.52,4570.73,4895.39,4365.11,4816.032083333333,5305.83,292.289353581749,-0.8968727415326884,0.442288690219001,2,0
2026-09-09 20:00:00+00:00,urn:ngsi-ld:Building:PUNE:BLD-PHOENIX-01,4435.05,25.4,1,4460.8,4336.46,4555.37,4869.2,4388.32,4773.454166666666,5305.83,300.2179805743988,-0.8660254037844386,0.5000000000000001,2,0
2026-09-09 20:15:00+00:00,urn:ngsi-ld:Building:PUNE:BLD-PHOENIX-01,4562.69,24.8,1,4374.36,4333.22,4576.2,4951.39,4321.04,4748.045833333334,5305.83,302.04929807709357,-0.8314696123025455,0.5555702330196018,2,0
2026-09-09 20:30:00+00:00,urn:ngsi-ld:Building:PUNE:BLD-PHOENIX-01,4320.78,24.9,1,4513.67,4334.22,4547.55,4775.82,4326.68,4733.712916666666,5305.83,302.3558593630146,-0.7933533402912357,0.6087614290087199,2,0
2026-09-09 20:45:00+00:00,urn:ngsi-ld:Building:PUNE:BLD-PHOENIX-01,4394.62,23.2,1,4339.26,4230.94,4409.52,4570.73,4280.46,4699.642083333333,5305.83,300.82899897770585,-0.7518398074789772,0.6593458151000691,2,0
2026-09-09 21:00:00+00:00,urn:ngsi-ld:Building:PUNE:BLD-PHOENIX-01,4460.8,22.3,1,4441.92,4435.05,4336.46,4555.37,4367.42,4675.542083333333,5305.83,301.1441615194159,-0.7071067811865477,0.7071067811865474,2,0
2026-09-09 21:15:00+00:00,urn:ngsi-ld:Building:PUNE:BLD-PHOENIX-01,4374.36,22.4,1,2050.49,4562.69,4333.22,4576.2,4321.47,4640.3324999999995,5128.9,272.2624763500867,-0.6593458151000687,0.7518398074789775,2,0
2026-09-09 21:30:00+00:00,urn:ngsi-ld:Building:PUNE:BLD-PHOENIX-01,4513.67,22.0,1,2084.37,4320.78,4334.22,4547.55,4467.04,4611.391666666667,5128.9,261.42194332017164,-0.608761429008721,0.7933533402912349,2,0
2026-09-09 21:45:00+00:00,urn:ngsi-ld:Building:PUNE:BLD-PHOENIX-01,4339.26,21.0,1,1903.46,4394.62,4230.94,4409.52,4329.98,4592.487916666667,5128.9,250.74780104773131,-0.555570233019603,0.8314696123025447,2,0
2026-09-09 22:00:00+00:00,urn:ngsi-ld:Building:PUNE:BLD-PHOENIX-01,4441.92,21.3,1,1958.35,4460.8,4435.05,4336.46,4325.7,4570.3045833333335,5128.9,248.51642346185463,-0.5000000000000004,0.8660254037844384,2,0
2026-09-09 22:15:00+00:00,urn:ngsi-ld:Building:PUNE:BLD-PHOENIX-01,2050.49,19.6,0,2110.3,4374.36,4562.69,4333.22,2071.95,4552.326666666667,5128.9,241.13449183731632,-0.4422886902190014,0.8968727415326883,2,0
2026-09-09 22:30:00+00:00,urn:ngsi-ld:Building:PUNE:BLD-PHOENIX-01,2084.37,19.4,0,2068.66,4513.67,4320.78,4334.22,1943.1,4433.689583333334,5128.9,557.1436826893955,-0.38268343236508956,0.9238795325112868,2,0
2026-09-09 22:45:00+00:00,urn:ngsi-ld:Building:PUNE:BLD-PHOENIX-01,1903.46,17.9,0,1206.14,4339.26,4394.62,4230.94,2253.63,4306.8341666666665,4951.39,715.9420298424561,-0.32143946530316186,0.9469301294951056,2,0
2026-09-09 23:00:00+00:00,urn:ngsi-ld:Building:PUNE:BLD-PHOENIX-01,1958.35,17.7,0,1306.52,4441.92,4460.8,4435.05,1976.4,4182.170416666667,4951.39,855.8241127377175,-0.25881904510252157,0.9659258262890681,2,0
2026-09-09 23:15:00+00:00,urn:ngsi-ld:Building:PUNE:BLD-PHOENIX-01,2110.3,17.3,0,1265.36,2050.49,4374.36,4562.69,2076.77,4060.885,4951.39,954.7666893881546,-0.19509032201612872,0.9807852804032303,2,0
2026-09-09 23:30:00+00:00,urn:ngsi-ld:Building:PUNE:BLD-PHOENIX-01,2068.66,17.2,0,1248.33,2084.37,4513.67,4320.78,2036.89,3942.50625,4775.82,1013.8558537703728,-0.13052619222005168,0.9914448613738104,2,0
2026-09-09 23:45:00+00:00,urn:ngsi-ld:Building:PUNE:BLD-PHOENIX-01,1206.14,16.1,0,1233.49,1903.46,4339.26,4394.62,1233.89,3829.7079166666663,4576.2,1066.349109727767,-0.0654031292301428,0.9978589232386035,2,0
2026-09-10 00:00:00+00:00,urn:ngsi-ld:Building:PUNE:BLD-PHOENIX-01,1306.52,16.8,0,1235.64,1958.35,4441.92,4460.8,1241.65,3689.5166666666664,4576.2,1179.823467917663,0.0,1.0,3,0
2026-09-10 00:15:00+00:00,urn:ngsi-ld:Building:PUNE:BLD-PHOENIX-01,1265.36,15.7,0,1112.87,2110.3,2050.49,4374.36,1425.79,3554.147916666667,4576.2,1259.82740209152,0.06540312923014306,0.9978589232386035,3,0
2026-09-10 00:30:00+00:00,urn:ngsi-ld:Building:PUNE:BLD-PHOENIX-01,1248.33,17.1,0,1235.81,2068.66,2084.37,4513.67,1100.0,3416.1962500000004,4562.69,1322.7445229811408,0.13052619222005157,0.9914448613738104,3,0
2026-09-10 00:45:00+00:00,urn:ngsi-ld:Building:PUNE:BLD-PHOENIX-01,1233.49,15.1,0,1196.21,1206.14,1903.46,4339.26,1510.25,3278.72875,4562.69,1370.6261331113985,0.19509032201612825,0.9807852804032304,3,0
2026-09-10 01:00:00+00:00,urn:ngsi-ld:Building:PUNE:BLD-PHOENIX-01,1235.64,15.3,0,1255.8,1306.52,1958.35,4441.92,1172.97,3146.3941666666665,4562.69,1409.4738767476406,0.25881904510252074,0.9659258262890683,3,0
2026-09-10 01:15:00+00:00,urn:ngsi-ld:Building:PUNE:BLD-PHOENIX-01,1112.87,15.0,0,1240.57,1265.36,2110.3,2050.49,1179.51,3017.193333333333,4562.69,1437.4838869740784,0.3214394653031616,0.9469301294951057,3,0
2026-09-10 01:30:00+00:00,urn:ngsi-ld:Building:PUNE:BLD-PHOENIX-01,1235.81,14.2,0,1198.55,1248.33,2068.66,2084.37,1216.9,2883.0120833333335,4562.69,1459.4324219008656,0.3826834323650898,0.9238795325112867,3,0
2026-09-10 01:45:00+00:00,urn:ngsi-ld:Building:PUNE:BLD-PHOENIX-01,1196.21,14.6,0,1285.69,1233.49,1206.14,1903.46,1100.0,2753.911666666667,4562.69,1462.5164901059522,0.44228869021900125,0.8968727415326884,3,0
2026-09-10 02:00:00+00:00,urn:ngsi-ld:Building:PUNE:BLD-PHOENIX-01,1255.8,14.5,0,1317.78,1235.64,1306.52,1958.35,1250.98,2627.4645833333334,4562.69,1460.4502306956217,0.49999999999999994,0.8660254037844387,3,0
2026-09-10 02:15:00+00:00,urn:ngsi-ld:Building:PUNE:BLD-PHOENIX-01,1240.57,15.1,0,1240.65,1112.87,1265.36,2110.3,1287.51,2494.995833333333,4562.69,1433.2994707102719,0.5555702330196022,0.8314696123025452,3,0
2026-09-10 02:30:00+00:00,urn:ngsi-ld:Building:PUNE:BLD-PHOENIX-01,1198.55,14.7,0,1351.03,1235.81,1248.33,2068.66,1317.84,2356.5741666666668,4513.67,1384.516258170463,0.6087614290087207,0.7933533402912352,3,0
2026-09-10 02:45:00+00:00,urn:ngsi-ld:Building:PUNE:BLD-PHOENIX-01,1285.69,14.9,0,1190.3,1196.21,1233.49,1206.14,1406.06,2226.4812500000003,4513.67,1337.8291402875955,0.6593458151000688,0.7518398074789774,3,0
2026-09-10 03:00:00+00:00,urn:ngsi-ld:Building:PUNE:BLD-PHOENIX-01,1317.78,15.1,0,1289.45,1255.8,1235.64,1306.52,1146.21,2096.9425,4513.67,1267.4286229563597,0.7071067811865476,0.7071067811865476,3,0
2026-09-10 03:15:00+00:00,urn:ngsi-ld:Building:PUNE:BLD-PHOENIX-01,1240.65,15.0,0,1242.9,1240.57,1112.87,1265.36,1408.1,1965.9833333333333,4513.67,1171.2924275593562,0.7518398074789774,0.6593458151000688,3,0
2026-09-10 03:30:00+00:00,urn:ngsi-ld:Building:PUNE:BLD-PHOENIX-01,1351.03,15.0,0,1100.0,1198.55,1235.81,1248.33,1303.47,1835.4120833333334,4513.67,1060.577256964827,0.7933533402912352,0.6087614290087207,3,0
2026-09-10 03:45:00+00:00,urn:ngsi-ld:Building:PUNE:BLD-PHOENIX-01,1190.3,14.6,0,1235.05,1285.69,1196.21,1233.49,1152.49,1703.6354166666667,4441.92,897.2361690744414,0.8314696123025451,0.5555702330196024,3,0
2026-09-10 04:00:00+00:00,urn:ngsi-ld:Building:PUNE:BLD-PHOENIX-01,1289.45,15.3,0,1384.51,1317.78,1255.8,1235.64,1134.87,1572.4287499999998,4441.92,704.6301790381366,0.8660254037844386,0.5000000000000001,3,0
2026-09-10 04:15:00+00:00,urn:ngsi-ld:Building:PUNE:BLD-PHOENIX-01,1242.9,15.0,0,1171.66,1240.65,1240.57,1112.87,1288.17,1441.0758333333333,2110.3,352.1113745357203,0.8968727415326884,0.44228869021900125,3,0
2026-09-10 04:30:00+00:00,urn:ngsi-ld:Building:PUNE:BLD-PHOENIX-01,1100.0,15.7,0,1204.31,1351.03,1198.55,1235.81,1280.36,1407.4262500000002,2110.3,329.1826920512262,0.9238795325112867,0.38268343236508984,3,0
2026-09-10 04:45:00+00:00,urn:ngsi-ld:Building:PUNE:BLD-PHOENIX-01,1235.05,16.0,0,1201.55,1190.3,1285.69,1196.21,1278.16,1366.4108333333334,2110.3,301.31540184742437,0.9469301294951056,0.3214394653031617,3,0
2026-09-10 05:00:00+00:00,urn:ngsi-ld:Building:PUNE:BLD-PHOENIX-01,1384.51,16.4,0,1331.76,1289.45,1317.78,1255.8,1383.63,1338.5604166666665,2110.3,279.62791318133395,0.9659258262890683,0.25881904510252074,3,0
2026-09-10 05:15:00+00:00,urn:ngsi-ld:Building:PUNE:BLD-PHOENIX-01,1171.66,16.1,0,1214.79,1242.9,1240.65,1240.57,1367.4,1314.6504166666666,2110.3,246.95206613688643,0.9807852804032304,0.19509032201612833,3,0
2026-09-10 05:30:00+00:00,urn:ngsi-ld:Building:PUNE:BLD-PHOENIX-01,1204.31,15.7,0,1248.12,1100.0,1351.03,1198.55,1255.33,1275.5404166666667,2068.66,180.9804478622097,0.9914448613738104,0.1305261922200517,3,0
2026-09-10 05:45:00+00:00,urn:ngsi-ld:Building:PUNE:BLD-PHOENIX-01,1201.55,17.5,0,1100.0,1235.05,1190.3,1285.69,1210.71,1239.5258333333334,1384.51,65.35724948339731,0.9978589232386035,0.06540312923014327,3,0
2026-09-10 06:00:00+00:00,urn:ngsi-ld:Building:PUNE:BLD-PHOENIX-01,1331.76,18.9,0,1321.69,1384.51,1289.45,1317.78,1181.04,1239.3345833333333,1384.51,65.46581703231804,1.0,6.123233995736766e-17,3,0
2026-09-10 06:15:00+00:00,urn:ngsi-ld:Building:PUNE:BLD-PHOENIX-01,1214.79,18.8,0,1255.85,1171.66,1242.9,1240.65,1115.72,1240.38625,1384.51,66.78154423516742,0.9978589232386035,-0.06540312923014314,3,0
2026-09-10 06:30:00+00:00,urn:ngsi-ld:Building:PUNE:BLD-PHOENIX-01,1248.12,19.9,0,1137.43,1204.31,1100.0,1351.03,1149.65,1238.2791666666667,1384.51,66.75710077222685,0.9914448613738104,-0.1305261922200516,3,0
2026-09-10 06:45:00+00:00,urn:ngsi-ld:Building:PUNE:BLD-PHOENIX-01,1100.0,19.3,0,1100.0,1201.55,1235.05,1190.3,1100.0,1238.2704166666665,1384.51,66.75573985850751,0.9807852804032304,-0.1950903220161282,3,0
2026-09-10 07:00:00+00:00,urn:ngsi-ld:Building:PUNE:BLD-PHOENIX-01,1321.69,20.1,0,2127.68,1331.76,1384.51,1289.45,1420.14,1232.7083333333333,1384.51,72.48656119249301,0.9659258262890683,-0.25881904510252063,3,0
2026-09-10 07:15:00+00:00,urn:ngsi-ld:Building:PUNE:BLD-PHOENIX-01,1255.85,22.3,0,2029.13,1214.79,1171.66,1242.9,1280.5,1236.29375,1384.51,74.73127305333821,0.9469301294951057,-0.3214394653031616,3,0
2026-09-10 07:30:00+00:00,urn:ngsi-ld:Building:PUNE:BLD-PHOENIX-01,1137.43,21.1,0,2066.24,1248.12,1204.31,1100.0,1312.94,1242.25125,1384.51,70.01452472289463,0.9238795325112868,-0.3826834323650895,3,0
2026-09-10 07:45:00+00:00,urn:ngsi-ld:Building:PUNE:BLD-PHOENIX-01,1100.0,22.5,0,2225.79,1100.0,1201.55,1235.05,1228.05,1238.1520833333334,1384.51,73.21484263670578,0.8968727415326884,-0.44228869021900113,3,0
2026-09-10 08:00:00+00:00,urn:ngsi-ld:Building:PUNE:BLD-PHOENIX-01,2127.68,23.1,0,2123.7,1321.69,1331.76,1384.51,2282.4,1234.1433333333332,1384.51,78.08320008889096,0.8660254037844387,-0.4999999999999998,3,0
2026-09-10 08:15:00+00:00,urn:ngsi-ld:Building:PUNE:BLD-PHOENIX-01,2029.13,23.6,0,2171.26,1255.85,1214.79,1171.66,1950.46,1270.4716666666666,2127.68,198.52669268900902,0.8314696123025451,-0.5555702330196023,3,0
2026-09-10 08:30:00+00:00,urn:ngsi-ld:Building:PUNE:BLD-PHOENIX-01,2066.24,24.3,0,2052.83,1137.43,1248.12,1204.31,1907.82,1303.3283333333331,2127.68,251.53912318493562,0.7933533402912352,-0.6087614290087207,3,0
2026-09-10 08:45:00+00:00,urn:ngsi-ld:Building:PUNE:BLD-PHOENIX-01,2225.79,24.2,0,2103.06,1100.0,1100.0,1201.55,2280.13,1339.4820833333333,2127.68,294.51063802986187,0.7518398074789774,-0.6593458151000688,3,0
2026-09-10 09:00:00+00:00,urn:ngsi-ld:Building:PUNE:BLD-PHOENIX-01,2123.7,25.0,0,4430.71,2127.68,1321.69,1331.76,1924.56,1378.6529166666667,2225.79,345.20085523682604,0.7071067811865476,-0.7071067811865475,3,0
2026-09-10 09:15:00+00:00,urn:ngsi-ld:Building:PUNE:BLD-PHOENIX-01,2171.26,24.4,0,4374.57,2029.13,1255.85,1214.79,2026.81,1412.2329166666666,2225.79,376.77639264720057,0.659345815100069,-0.7518398074789773,3,0
2026-09-10 09:30:00+00:00,urn:ngsi-ld:Building:PUNE:BLD-PHOENIX-01,2052.83,27.3,0,4721.6,2066.24,1137.43,1248.12,1988.13,1451.0083333333332,2225.79,405.1670067220803,0.6087614290087209,-0.793353340291235,3,0
2026-09-10 09:45:00+00:00,urn:ngsi-ld:Building:PUNE:BLD-PHOENIX-01,2103.06,27.4,0,4493.53,2225.79,1100.0,1100.0,2087.54,1480.25,2225.79,422.58823757770404,0.5555702330196025,-0.831469612302545,3,0
2026-09-10 10:00:00+00:00,urn:ngsi-ld:Building:PUNE:BLD-PHOENIX-01,4430.71,27.2,1,4695.13,2123.7,2127.68,1321.69,4415.34,1518.2816666666668,2225.79,436.2122706211745,0.49999999999999994,-0.8660254037844387,3,0
2026-09-10 10:15:00+00:00,urn:ngsi-ld:Building:PUNE:BLD-PHOENIX-01,4374.57,27.7,1,4690.22,2171.26,2029.13,1255.85,4475.44,1649.1675000000002,4430.71,734.1127377065118,0.4422886902190017,-0.8968727415326881,3,0
2026-09-10 10:30:00+00:00,urn:ngsi-ld:Building:PUNE:BLD-PHOENIX-01,4721.6,29.4,1,4820.66,2052.83,2066.24,1137.43,4636.51,1779.6537500000002,4430.71,914.837129699348,0.3826834323650899,-0.9238795325112867,3,0
2026-09-10 10:45:00+00:00,urn:ngsi-ld:Building:PUNE:BLD-PHOENIX-01,4493.53,28.9,1,4867.17,2103.06,2225.79,1100.0,4531.41,1930.55375,4721.6,1081.38275967394,0.32143946530316175,-0.9469301294951056,3,0
2026-09-10 11:00:00+00:00,urn:ngsi-ld:Building:PUNE:BLD-PHOENIX-01,4695.13,29.4,1,4764.14,4430.71,2123.7,2127.68,4499.33,2066.32375,4721.6,1189.4218076418242,0.258819045102521,-0.9659258262890682,3,0
2026-09-10 11:15:00+00:00,urn:ngsi-ld:Building:PUNE:BLD-PHOENIX-01,4690.22,29.7,1,4910.75,4374.57,2171.26,2029.13,4724.2,2204.26625,4721.6,1294.263842303396,0.19509032201612816,-0.9807852804032304,3,0
2026-09-10 11:30:00+00:00,urn:ngsi-ld:Building:PUNE:BLD-PHOENIX-01,4820.66,31.2,1,4968.49,4721.6,2052.83,2066.24,4906.18,2350.8729166666667,4721.6,1369.315610980049,0.130526192220052,-0.9914448613738104,3,0
2026-09-10 11:45:00+00:00,urn:ngsi-ld:Building:PUNE:BLD-PHOENIX-01,4867.17,31.7,1,4854.33,4493.53,2103.06,2225.79,4873.56,2501.554166666667,4820.66,1435.0565229525907,0.06540312923014312,-0.9978589232386035,3,0
2026-09-10 12:00:00+00:00,urn:ngsi-ld:Building:PUNE:BLD-PHOENIX-01,4764.14,31.4,1,5128.91,4695.13,4430.71,2123.7,4999.14,2654.2883333333334,4867.17,1484.882782302918,1.2246467991473532e-16,-1.0,3,0
2026-09-10 12:15:00+00:00,urn:ngsi-ld:Building:PUNE:BLD-PHOENIX-01,4910.75,32.5,1,4998.9,4690.22,4374.57,2171.26,5058.72,2797.304166666667,4867.17,1516.9144361525214,-0.06540312923014287,-0.9978589232386035,3,0
2026-09-10 12:30:00+00:00,urn:ngsi-ld:Building:PUNE:BLD-PHOENIX-01,4968.49,32.4,1,5378.33,4820.66,4721.6,2052.83,4930.17,2951.3025000000002,4910.75,1536.7499142338622,-0.13052619222005177,-0.9914448613738104,3,0
2026-09-10 12:45:00+00:00,urn:ngsi-ld:Building:PUNE:BLD-PHOENIX-01,4854.33,31.9,1,5060.02,4867.17,4493.53,2103.06,4993.81,3106.3179166666664,4968.49,1545.094719916169,-0.19509032201612792,-0.9807852804032305,3,0
2026-09-10 13:00:00+00:00,urn:ngsi-ld:Building:PUNE:BLD-PHOENIX-01,5128.91,33.6,1,5011.24,4764.14,4695.13,4430.71,5094.89,3262.748333333333,4968.49,1523.02973514797,-0.2588190451025208,-0.9659258262890683,3,0
2026-09-10 13:15:00+00:00,urn:ngsi-ld:Building:PUNE:BLD-PHOENIX-01,4998.9,32.4,1,5291.14,4910.75,4690.22,4374.57,4942.62,3421.3825,5128.91,1510.2857049902182,-0.32143946530316153,-0.9469301294951057,3,0
2026-09-10 13:30:00+00:00,urn:ngsi-ld:Building:PUNE:BLD-PHOENIX-01,5378.33,33.1,1,4924.82,4968.49,4820.66,4721.6,5052.64,3577.3429166666665,5128.91,1469.65553140413,-0.38268343236508967,-0.9238795325112868,3,0
2026-09-10 13:45:00+00:00,urn:ngsi-ld:Building:PUNE:BLD-PHOENIX-01,5060.02,33.5,1,5206.02,4854.33,4867.17,4493.53,5252.81,3754.0470833333334,5378.33,1417.5668758964907,-0.44228869021900147,-0.8968727415326883,3,0
2026-09-10 14:00:00+00:00,urn:ngsi-ld:Building:PUNE:BLD-PHOENIX-01,5011.24,34.3,1,5034.41,5128.91,4764.14,4695.13,5044.85,3919.047916666667,5378.33,1322.4910163941722,-0.4999999999999997,-0.8660254037844388,3,0
2026-09-10 14:15:00+00:00,urn:ngsi-ld:Building:PUNE:BLD-PHOENIX-01,5291.14,33.5,1,4976.05,4998.9,4910.75,4690.22,4906.68,4039.1962499999995,5378.33,1283.06743257274,-0.555570233019602,-0.8314696123025455,3,0
2026-09-10 14:30:00+00:00,urn:ngsi-ld:Building:PUNE:BLD-PHOENIX-01,4924.82,33.4,1,5212.33,5378.33,4968.49,4820.66,5138.48,4175.113333333334,5378.33,1232.6652068293074,-0.6087614290087207,-0.7933533402912352,3,0
2026-09-10 14:45:00+00:00,urn:ngsi-ld:Building:PUNE:BLD-PHOENIX-01,5206.02,33.2,1,5155.46,5060.02,4854.33,4867.17,4973.02,4294.220833333334,5378.33,1155.7398498380294,-0.6593458151000688,-0.7518398074789774,3,0
2026-09-10 15:00:00+00:00,urn:ngsi-ld:Building:PUNE:BLD-PHOENIX-01,5034.41,33.6,1,4796.3,5011.24,5128.91,4764.14,5305.83,4418.397083333333,5378.33,1081.5607409041106,-0.7071067811865471,-0.7071067811865479,3,0
2026-09-10 15:15:00+00:00,urn:ngsi-ld:Building:PUNE:BLD-PHOENIX-01,4976.05,32.9,1,4893.81,5291.14,4998.9,4910.75,5068.94,4539.676666666667,5378.33,970.5583589588748,-0.7518398074789773,-0.6593458151000691,3,0
2026-09-10 15:30:00+00:00,urn:ngsi-ld:Building:PUNE:BLD-PHOENIX-01,5212.33,33.4,1,4964.46,4924.82,5378.33,4968.49,4967.36,4656.542916666666,5378.33,831.9401116901204,-0.7933533402912349,-0.6087614290087209,3,0
2026-09-10 15:45:00+00:00,urn:ngsi-ld:Building:PUNE:BLD-PHOENIX-01,5155.46,33.6,1,4737.58,5206.02,5060.02,4854.33,4871.66,4788.18875,5378.33,626.6717938672759,-0.8314696123025452,-0.5555702330196022,3,0
2026-09-10 16:00:00+00:00,urn:ngsi-ld:Building:PUNE:BLD-PHOENIX-01,4796.3,32.0,1,4913.09,5034.41,5011.24,5128.91,4873.39,4915.372083333334,5378.33,261.20629167105426,-0.8660254037844385,-0.5000000000000004,3,0
2026-09-10 16:15:00+00:00,urn:ngsi-ld:Building:PUNE:BLD-PHOENIX-01,4893.81,32.8,1,4957.3,4976.05,5291.14,4998.9,4897.78,4930.6050000000005,5378.33,241.64045700358096,-0.8968727415326883,-0.44228869021900136,3,0
2026-09-10 16:30:00+00:00,urn:ngsi-ld:Building:PUNE:BLD-PHOENIX-01,4964.46,32.1,1,4711.71,5212.33,4924.82,5378.33,5128.9,4952.240000000001,5378.33,210.9932755986709,-0.9238795325112868,-0.3826834323650895,3,0
2026-09-10 16:45:00+00:00,urn:ngsi-ld:Building:PUNE:BLD-PHOENIX-01,4737.58,31.2,1,4602.91,5155.46,5206.02,5060.02,4895.39,4962.359166666666,5378.33,205.19499866606682,-0.9469301294951056,-0.3214394653031618,3,0
2026-09-10 17:00:00+00:00,urn:ngsi-ld:Building:PUNE:BLD-PHOENIX-01,4913.09,31.5,1,4730.34,4796.3,5034.41,5011.24,4869.2,4972.527916666667,5378.33,186.11099011968201,-0.9659258262890683,-0.25881904510252063,3,0
2026-09-10 17:15:00+00:00,urn:ngsi-ld:Building:PUNE:BLD-PHOENIX-01,4957.3,31.8,1,4392.43,4893.81,4976.05,5291.14,4951.39,4981.609583333334,5378.33,177.08530694169127,-0.9807852804032303,-0.19509032201612866,3,0
2026-09-10 17:30:00+00:00,urn:ngsi-ld:Building:PUNE:BLD-PHOENIX-01,4711.71,30.8,1,4641.89,4964.46,5212.33,4924.82,4775.82,4992.737916666666,5378.33,166.02417945910213,-0.9914448613738104,-0.13052619222005163,3,0
2026-09-10 17:45:00+00:00,urn:ngsi-ld:Building:PUNE:BLD-PHOENIX-01,4602.91,29.6,1,4614.23,4737.58,5155.46,5206.02,4570.73,4988.198333333334,5378.33,172.3045762260468,-0.9978589232386035,-0.06540312923014273,3,0
2026-09-10 18:00:00+00:00,urn:ngsi-ld:Building:PUNE:BLD-PHOENIX-01,4730.34,30.0,1,4457.6,4913.09,4796.3,5034.41,4555.37,4977.1875,5378.33,188.09496448091045,-1.0,-1.8369701987210297e-16,3,0
2026-09-10 18:15:00+00:00,urn:ngsi-ld:Building:PUNE:BLD-PHOENIX-01,4392.43,28.0,1,4348.82,4957.3,4893.81,4976.05,4576.2,4975.779166666666,5378.33,189.8775703474371,-0.9978589232386036,0.06540312923014237,3,0
2026-09-10 18:30:00+00:00,urn:ngsi-ld:Building:PUNE:BLD-PHOENIX-01,4641.89,29.5,1,4551.56,4711.71,4964.46,5212.33,4547.55,4954.1825,5378.33,224.00541366232827,-0.9914448613738105,0.13052619222005127,3,0
2026-09-10 18:45:00+00:00,urn:ngsi-ld:Building:PUNE:BLD-PHOENIX-01,4614.23,27.4,1,4428.08,4602.91,4737.58,5155.46,4409.52,4940.574166666666,5378.33,232.84452756441814,-0.9807852804032304,0.1950903220161283,3,0
2026-09-10 19:00:00+00:00,urn:ngsi-ld:Building:PUNE:BLD-PHOENIX-01,4457.6,27.6,1,4254.68,4730.34,4913.09,4796.3,4336.46,4930.570000000001,5378.33,241.7006467585646,-0.9659258262890684,0.2588190451025203,3,0
2026-09-10 19:15:00+00:00,urn:ngsi-ld:Building:PUNE:BLD-PHOENIX-01,4348.82,27.3,1,4269.9,4392.43,4957.3,4893.81,4333.22,4902.59875,5378.33,256.1611369790487,-0.9469301294951057,0.3214394653031615,3,0
2026-09-10 19:30:00+00:00,urn:ngsi-ld:Building:PUNE:BLD-PHOENIX-01,4551.56,26.0,1,4194.26,4641.89,4711.71,4964.46,4334.22,4875.512083333334,5378.33,278.8964759778994,-0.923879532511287,0.38268343236508917,3,0
2026-09-10 19:45:00+00:00,urn:ngsi-ld:Building:PUNE:BLD-PHOENIX-01,4428.08,26.5,1,4380.24,4614.23,4602.91,4737.58,4230.94,4841.0633333333335,5291.14,264.79298896652233,-0.8968727415326884,0.442288690219001,3,0
2026-09-10 20:00:00+00:00,urn:ngsi-ld:Building:PUNE:BLD-PHOENIX-01,4254.68,25.6,1,4161.03,4457.6,4730.34,4913.09,4435.05,4814.7325,5291.14,273.35485983151136,-0.8660254037844386,0.5000000000000001,3,0
2026-09-10 20:15:00+00:00,urn:ngsi-ld:Building:PUNE:BLD-PHOENIX-01,4269.9,25.4,1,4551.41,4348.82,4392.43,4957.3,4562.69,4783.2091666666665,5291.14,292.65059580562684,-0.8314696123025455,0.5555702330196018,3,0
2026-09-10 20:30:00+00:00,urn:ngsi-ld:Building:PUNE:BLD-PHOENIX-01,4194.26,24.2,1,4325.55,4551.56,4641.89,4711.71,4320.78,4740.6575,5212.33,289.81685695644376,-0.7933533402912357,0.6087614290087199,3,0
2026-09-10 20:45:00+00:00,urn:ngsi-ld:Building:PUNE:BLD-PHOENIX-01,4380.24,22.2,1,4434.33,4428.08,4614.23,4602.91,4394.62,4710.2175,5212.33,307.4618250217026,-0.7518398074789772,0.6593458151000691,3,0
2026-09-10 21:00:00+00:00,urn:ngsi-ld:Building:PUNE:BLD-PHOENIX-01,4161.03,22.3,1,4317.36,4254.68,4457.6,4730.34,4460.8,4675.81,5212.33,295.53972767600214,-0.7071067811865477,0.7071067811865474,3,0
2026-09-10 21:15:00+00:00,urn:ngsi-ld:Building:PUNE:BLD-PHOENIX-01,4551.41,22.5,1,2078.56,4269.9,4348.82,4392.43,4374.36,4639.419166666667,5212.33,303.13774075304843,-0.6593458151000687,0.7518398074789775,3,0
2026-09-10 21:30:00+00:00,urn:ngsi-ld:Building:PUNE:BLD-PHOENIX-01,4325.55,22.4,1,2037.36,4194.26,4551.56,4641.89,4513.67,4621.725833333334,5212.33,294.91629360562507,-0.608761429008721,0.7933533402912349,3,0
2026-09-10 21:45:00+00:00,urn:ngsi-ld:Building:PUNE:BLD-PHOENIX-01,4434.33,21.0,1,2181.08,4380.24,4428.08,4614.23,4339.26,4584.776666666667,5155.46,272.3951993075819,-0.555570233019603,0.8314696123025447,3,0
2026-09-10 22:00:00+00:00,urn:ngsi-ld:Building:PUNE:BLD-PHOENIX-01,4317.36,21.0,1,2095.35,4161.03,4254.68,4457.6,4441.92,4554.729583333333,4964.46,245.11463203768255,-0.5000000000000004,0.8660254037844384,3,0
2026-09-10 22:15:00+00:00,urn:ngsi-ld:Building:PUNE:BLD-PHOENIX-01,2078.56,19.8,0,2013.29,4551.41,4269.9,4348.82,2050.49,4534.773749999999,4964.46,244.08637204026667,-0.4422886902190014,0.8968727415326883,3,0
2026-09-10 22:30:00+00:00,urn:ngsi-ld:Building:PUNE:BLD-PHOENIX-01,2037.36,19.6,0,2101.54,4325.55,4194.26,4551.56,2084.37,4417.471666666666,4964.46,549.4717573203999,-0.38268343236508956,0.9238795325112868,3,0
2026-09-10 22:45:00+00:00,urn:ngsi-ld:Building:PUNE:BLD-PHOENIX-01,2181.08,18.7,0,1136.71,4434.33,4380.24,4428.08,1903.46,4295.509166666667,4957.3,720.8956009981034,-0.32143946530316186,0.9469301294951056,3,0
2026-09-10 23:00:00+00:00,urn:ngsi-ld:Building:PUNE:BLD-PHOENIX-01,2095.35,18.9,0,1289.79,4317.36,4161.03,4254.68,1958.35,4188.988333333334,4957.3,832.9085842143654,-0.25881904510252157,0.9659258262890681,3,0
2026-09-10 23:15:00+00:00,urn:ngsi-ld:Building:PUNE:BLD-PHOENIX-01,2013.29,18.8,0,1435.26,2078.56,4551.41,4269.9,2110.3,4071.5825000000004,4957.3,920.3998057661419,-0.19509032201612872,0.9807852804032303,3,0
2026-09-10 23:30:00+00:00,urn:ngsi-ld:Building:PUNE:BLD-PHOENIX-01,2101.54,18.3,0,1335.97,2037.36,4325.55,4194.26,2068.66,3948.9154166666667,4730.34,990.7191692247527,-0.13052619222005168,0.9914448613738104,3,0
2026-09-10 23:45:00+00:00,urn:ngsi-ld:Building:PUNE:BLD-PHOENIX-01,1136.71,18.8,0,1316.94,2181.08,4434.33,4380.24,1206.14,3840.1583333333333,4730.34,1045.1155280374146,-0.0654031292301428,0.9978589232386035,3,0
2026-09-11 00:00:00+00:00,urn:ngsi-ld:Building:PUNE:BLD-PHOENIX-01,1289.79,16.0,0,1383.74,2095.35,4317.36,4161.03,1306.52,3695.733333333333,4730.34,1167.4640966592494,0.0,1.0,4,0
2026-09-11 00:15:00+00:00,urn:ngsi-ld:Building:PUNE:BLD-PHOENIX-01,1435.26,16.3,0,1306.96,2013.29,2078.56,4551.41,1265.36,3552.3770833333333,4641.89,1243.6498461015874,0.06540312923014306,0.9978589232386035,4,0
2026-09-11 00:30:00+00:00,urn:ngsi-ld:Building:PUNE:BLD-PHOENIX-01,1335.97,15.4,0,1271.48,2101.54,2037.36,4325.55,1248.33,3429.161666666667,4641.89,1301.9286783599996,0.13052619222005157,0.9914448613738104,4,0
2026-09-11 00:45:00+00:00,urn:ngsi-ld:Building:PUNE:BLD-PHOENIX-01,1316.94,16.2,0,1310.87,1136.71,2181.08,4434.33,1233.49,3291.4150000000004,4614.23,1342.301437084822,0.19509032201612825,0.9807852804032304,4,0
2026-09-11 01:00:00+00:00,urn:ngsi-ld:Building:PUNE:BLD-PHOENIX-01,1383.74,14.6,0,1169.39,1289.79,2095.35,4317.36,1235.64,3154.0279166666664,4551.56,1369.4887867121176,0.25881904510252074,0.9659258262890683,4,0
2026-09-11 01:15:00+00:00,urn:ngsi-ld:Building:PUNE:BLD-PHOENIX-01,1306.96,15.7,0,1178.56,1435.26,2013.29,2078.56,1112.87,3025.9504166666666,4551.56,1385.9138591823455,0.3214394653031616,0.9469301294951057,4,0
2026-09-11 01:30:00+00:00,urn:ngsi-ld:Building:PUNE:BLD-PHOENIX-01,1271.48,14.9,0,1247.44,1335.97,2101.54,2037.36,1235.81,2899.2062499999997,4551.56,1398.7078242304763,0.3826834323650898,0.9238795325112867,4,0
2026-09-11 01:45:00+00:00,urn:ngsi-ld:Building:PUNE:BLD-PHOENIX-01,1310.87,14.6,0,1297.58,1316.94,1136.71,2181.08,1196.21,2762.5362499999997,4551.41,1390.4605677407071,0.44228869021900125,0.8968727415326884,4,0
2026-09-11 02:00:00+00:00,urn:ngsi-ld:Building:PUNE:BLD-PHOENIX-01,1169.39,14.6,0,1389.24,1383.74,1289.79,2095.35,1255.8,2632.6524999999997,4551.41,1373.6048665123749,0.49999999999999994,0.8660254037844387,4,0
2026-09-11 02:15:00+00:00,urn:ngsi-ld:Building:PUNE:BLD-PHOENIX-01,1178.56,13.9,0,1208.82,1306.96,1435.26,2013.29,1240.57,2504.0987499999997,4551.41,1359.5030407222728,0.5555702330196022,0.8314696123025452,4,0
2026-09-11 02:30:00+00:00,urn:ngsi-ld:Building:PUNE:BLD-PHOENIX-01,1247.44,14.6,0,1100.0,1271.48,1335.97,2101.54,1198.55,2375.2929166666668,4551.41,1331.0756063570914,0.6087614290087207,0.7933533402912352,4,0
2026-09-11 02:45:00+00:00,urn:ngsi-ld:Building:PUNE:BLD-PHOENIX-01,1297.58,14.6,0,1343.2,1310.87,1316.94,1136.71,1285.69,2252.50875,4551.41,1291.310765137186,0.6593458151000688,0.7518398074789774,4,0
2026-09-11 03:00:00+00:00,urn:ngsi-ld:Building:PUNE:BLD-PHOENIX-01,1389.24,14.2,0,1356.17,1169.39,1383.74,1289.79,1317.78,2124.0645833333333,4551.41,1221.9161586230491,0.7071067811865476,0.7071067811865476,4,0
2026-09-11 03:15:00+00:00,urn:ngsi-ld:Building:PUNE:BLD-PHOENIX-01,1208.82,14.5,0,1214.9,1178.56,1306.96,1435.26,1240.65,2008.573333333333,4551.41,1149.8854543696743,0.7518398074789774,0.6593458151000688,4,0
2026-09-11 03:30:00+00:00,urn:ngsi-ld:Building:PUNE:BLD-PHOENIX-01,1100.0,15.1,0,1356.31,1247.44,1271.48,1335.97,1351.03,1869.29875,4434.33,1024.0475975958252,0.7933533402912352,0.6087614290087207,4,0
2026-09-11 03:45:00+00:00,urn:ngsi-ld:Building:PUNE:BLD-PHOENIX-01,1343.2,14.5,0,1332.44,1297.58,1310.87,1316.94,1190.3,1734.9008333333331,4434.33,890.6429834866423,0.8314696123025451,0.5555702330196024,4,0
2026-09-11 04:00:00+00:00,urn:ngsi-ld:Building:PUNE:BLD-PHOENIX-01,1356.17,14.2,0,1204.63,1389.24,1169.39,1383.74,1289.45,1606.10375,4317.36,682.483203856418,0.8660254037844386,0.5000000000000001,4,0
2026-09-11 04:15:00+00:00,urn:ngsi-ld:Building:PUNE:BLD-PHOENIX-01,1214.9,16.4,0,1282.55,1208.82,1178.56,1306.96,1242.9,1482.7208333333335,2181.08,364.704323884522,0.8968727415326884,0.44228869021900125,4,0
2026-09-11 04:30:00+00:00,urn:ngsi-ld:Building:PUNE:BLD-PHOENIX-01,1356.31,15.9,0,1232.51,1100.0,1247.44,1271.48,1100.0,1446.735,2181.08,345.45727541774346,0.9238795325112867,0.38268343236508984,4,0
2026-09-11 04:45:00+00:00,urn:ngsi-ld:Building:PUNE:BLD-PHOENIX-01,1332.44,15.8,0,1147.14,1343.2,1297.58,1310.87,1235.05,1418.3579166666668,2181.08,322.00792237040287,0.9469301294951056,0.3214394653031617,4,0
2026-09-11 05:00:00+00:00,urn:ngsi-ld:Building:PUNE:BLD-PHOENIX-01,1204.63,16.1,0,1425.19,1356.17,1389.24,1169.39,1384.51,1382.9979166666665,2101.54,278.23030413466375,0.9659258262890683,0.25881904510252074,4,0
2026-09-11 05:15:00+00:00,urn:ngsi-ld:Building:PUNE:BLD-PHOENIX-01,1282.55,16.4,0,1213.24,1214.9,1208.82,1178.56,1171.66,1345.8845833333332,2101.54,235.14938674530364,0.9807852804032304,0.19509032201612833,4,0
2026-09-11 05:30:00+00:00,urn:ngsi-ld:Building:PUNE:BLD-PHOENIX-01,1232.51,18.0,0,1227.25,1356.31,1100.0,1247.44,1204.31,1315.4370833333332,2101.54,187.44534937971315,0.9914448613738104,0.1305261922200517,4,0
2026-09-11 05:45:00+00:00,urn:ngsi-ld:Building:PUNE:BLD-PHOENIX-01,1147.14,17.0,0,1158.95,1332.44,1343.2,1297.58,1201.55,1279.2275,1435.26,84.84624160876132,0.9978589232386035,0.06540312923014327,4,0
2026-09-11 06:00:00+00:00,urn:ngsi-ld:Building:PUNE:BLD-PHOENIX-01,1425.19,18.5,0,1100.0,1204.63,1356.17,1389.24,1331.76,1279.6620833333334,1435.26,84.10802722221004,1.0,6.123233995736766e-17,4,0
2026-09-11 06:15:00+00:00,urn:ngsi-ld:Building:PUNE:BLD-PHOENIX-01,1213.24,19.0,0,1205.94,1282.55,1214.9,1208.82,1214.79,1285.30375,1435.26,89.20362728064256,0.9978589232386035,-0.06540312923014314,4,0
2026-09-11 06:30:00+00:00,urn:ngsi-ld:Building:PUNE:BLD-PHOENIX-01,1227.25,19.7,0,1410.77,1232.51,1356.31,1100.0,1248.12,1276.0529166666668,1425.19,84.35691278440825,0.9914448613738104,-0.1305261922200516,4,0
2026-09-11 06:45:00+00:00,urn:ngsi-ld:Building:PUNE:BLD-PHOENIX-01,1158.95,19.6,0,1185.39,1147.14,1332.44,1343.2,1100.0,1271.5229166666666,1425.19,83.91745610338735,0.9807852804032304,-0.1950903220161282,4,0
2026-09-11 07:00:00+00:00,urn:ngsi-ld:Building:PUNE:BLD-PHOENIX-01,1100.0,21.2,0,2089.32,1425.19,1204.63,1356.17,1321.69,1264.94,1425.19,86.36100221895462,0.9659258262890683,-0.25881904510252063,4,0
2026-09-11 07:15:00+00:00,urn:ngsi-ld:Building:PUNE:BLD-PHOENIX-01,1205.94,21.4,0,1900.48,1213.24,1282.55,1214.9,1255.85,1253.1175,1425.19,88.77827036524492,0.9469301294951057,-0.3214394653031616,4,0
2026-09-11 07:30:00+00:00,urn:ngsi-ld:Building:PUNE:BLD-PHOENIX-01,1410.77,21.3,0,2171.73,1227.25,1232.51,1356.31,1137.43,1248.9083333333333,1425.19,88.50886993903477,0.9238795325112868,-0.3826834323650895,4,0
2026-09-11 07:45:00+00:00,urn:ngsi-ld:Building:PUNE:BLD-PHOENIX-01,1185.39,21.7,0,2092.85,1158.95,1147.14,1332.44,1100.0,1254.7120833333333,1425.19,94.42254152245144,0.8968727415326884,-0.44228869021900113,4,0
2026-09-11 08:00:00+00:00,urn:ngsi-ld:Building:PUNE:BLD-PHOENIX-01,2089.32,22.7,0,1987.35,1100.0,1425.19,1204.63,2127.68,1249.48375,1425.19,94.65152663288488,0.8660254037844387,-0.4999999999999998,4,0
2026-09-11 08:15:00+00:00,urn:ngsi-ld:Building:PUNE:BLD-PHOENIX-01,1900.48,23.1,0,2032.12,1205.94,1213.24,1282.55,2029.13,1287.8141666666668,2089.32,194.45616273411727,0.8314696123025451,-0.5555702330196023,4,0
2026-09-11 08:30:00+00:00,urn:ngsi-ld:Building:PUNE:BLD-PHOENIX-01,2171.73,23.5,0,2154.13,1410.77,1227.25,1232.51,2066.24,1317.8941666666667,2089.32,229.49956701497507,0.7933533402912352,-0.6087614290087207,4,0
2026-09-11 08:45:00+00:00,urn:ngsi-ld:Building:PUNE:BLD-PHOENIX-01,2092.85,24.7,0,1993.5,1185.39,1158.95,1147.14,2225.79,1356.4062500000002,2171.73,287.4087141398191,0.7518398074789774,-0.6593458151000688,4,0
2026-09-11 09:00:00+00:00,urn:ngsi-ld:Building:PUNE:BLD-PHOENIX-01,1987.35,25.1,0,4423.81,2089.32,1100.0,1425.19,2123.7,1389.5425000000002,2171.73,323.86412139017705,0.7071067811865476,-0.7071067811865475,4,0
2026-09-11 09:15:00+00:00,urn:ngsi-ld:Building:PUNE:BLD-PHOENIX-01,2032.12,26.9,0,4704.82,1900.48,1205.94,1213.24,2171.26,1414.46375,2171.73,346.0894177345702,0.659345815100069,-0.7518398074789773,4,0
2026-09-11 09:30:00+00:00,urn:ngsi-ld:Building:PUNE:BLD-PHOENIX-01,2154.13,26.2,0,4348.54,2171.73,1410.77,1227.25,2052.83,1448.7679166666667,2171.73,365.1002618337095,0.6087614290087209,-0.793353340291235,4,0
2026-09-11 09:45:00+00:00,urn:ngsi-ld:Building:PUNE:BLD-PHOENIX-01,1993.5,26.6,0,4638.07,2092.85,1185.39,1158.95,2103.06,1492.6899999999998,2171.73,384.2245522448396,0.5555702330196025,-0.831469612302545,4,0
2026-09-11 10:00:00+00:00,urn:ngsi-ld:Building:PUNE:BLD-PHOENIX-01,4423.81,27.6,1,4696.43,1987.35,2089.32,1100.0,4430.71,1519.7858333333334,2171.73,395.97423204379834,0.49999999999999994,-0.8660254037844387,4,0
2026-09-11 10:15:00+00:00,urn:ngsi-ld:Building:PUNE:BLD-PHOENIX-01,4704.82,28.4,1,4718.36,2032.12,1900.48,1205.94,4374.57,1647.604166666667,4423.81,710.8104441802492,0.4422886902190017,-0.8968727415326881,4,0
2026-09-11 10:30:00+00:00,urn:ngsi-ld:Building:PUNE:BLD-PHOENIX-01,4348.54,29.0,1,4768.32,2154.13,2171.73,1410.77,4721.6,1793.0175000000002,4704.82,938.8392247703127,0.3826834323650899,-0.9238795325112867,4,0
2026-09-11 10:45:00+00:00,urn:ngsi-ld:Building:PUNE:BLD-PHOENIX-01,4638.07,29.5,1,5048.25,1993.5,2092.85,1185.39,4493.53,1917.6937499999997,4704.82,1068.1060210598903,0.32143946530316175,-0.9469301294951056,4,0
2026-09-11 11:00:00+00:00,urn:ngsi-ld:Building:PUNE:BLD-PHOENIX-01,4696.43,29.8,1,4831.86,4423.81,1987.35,2089.32,4695.13,2055.4283333333333,4704.82,1194.9565442368316,0.258819045102521,-0.9659258262890682,4,0
2026-09-11 11:15:00+00:00,urn:ngsi-ld:Building:PUNE:BLD-PHOENIX-01,4718.36,30.2,1,4821.24,4704.82,2032.12,1900.48,4690.22,2200.92,4704.82,1295.228542495723,0.19509032201612816,-0.9807852804032304,4,0
2026-09-11 11:30:00+00:00,urn:ngsi-ld:Building:PUNE:BLD-PHOENIX-01,4768.32,31.1,1,4844.71,4348.54,2154.13,2171.73,4820.66,2344.07875,4718.36,1376.6282834719175,0.130526192220052,-0.9914448613738104,4,0
2026-09-11 11:45:00+00:00,urn:ngsi-ld:Building:PUNE:BLD-PHOENIX-01,5048.25,30.6,1,5101.78,4638.07,1993.5,2092.85,4867.17,2491.4041666666667,4768.32,1440.2274998488836,0.06540312923014312,-0.9978589232386035,4,0
2026-09-11 12:00:00+00:00,urn:ngsi-ld:Building:PUNE:BLD-PHOENIX-01,4831.86,31.1,1,4885.29,4696.43,4423.81,1987.35,4764.14,2653.9504166666666,5048.25,1500.7849315071448,1.2246467991473532e-16,-1.0,4,0
2026-09-11 12:15:00+00:00,urn:ngsi-ld:Building:PUNE:BLD-PHOENIX-01,4821.24,31.0,1,5053.04,4718.36,4704.82,2032.12,4910.75,2795.895,5048.25,1540.1023975358303,-0.06540312923014287,-0.9978589232386035,4,0
2026-09-11 12:30:00+00:00,urn:ngsi-ld:Building:PUNE:BLD-PHOENIX-01,4844.71,31.7,1,5262.79,4768.32,4348.54,2154.13,4968.49,2946.228333333333,5048.25,1554.9203381794268,-0.13052619222005177,-0.9914448613738104,4,0
2026-09-11 12:45:00+00:00,urn:ngsi-ld:Building:PUNE:BLD-PHOENIX-01,5101.78,33.1,1,5035.12,5048.25,4638.07,1993.5,4854.33,3096.955833333333,5048.25,1556.3750017823972,-0.19509032201612792,-0.9807852804032305,4,0
2026-09-11 13:00:00+00:00,urn:ngsi-ld:Building:PUNE:BLD-PHOENIX-01,4885.29,33.1,1,5053.88,4831.86,4696.43,4423.81,5128.91,3261.240416666666,5101.78,1550.997988778659,-0.2588190451025208,-0.9659258262890683,4,0
2026-09-11 13:15:00+00:00,urn:ngsi-ld:Building:PUNE:BLD-PHOENIX-01,5053.04,34.1,1,5073.43,4821.24,4718.36,4704.82,4998.9,3418.960833333333,5101.78,1513.6802100665384,-0.32143946530316153,-0.9469301294951057,4,0
2026-09-11 13:30:00+00:00,urn:ngsi-ld:Building:PUNE:BLD-PHOENIX-01,5262.79,34.1,1,5063.41,4844.71,4768.32,4348.54,5378.33,3579.256666666666,5101.78,1472.2700354234546,-0.38268343236508967,-0.9238795325112868,4,0
2026-09-11 13:45:00+00:00,urn:ngsi-ld:Building:PUNE:BLD-PHOENIX-01,5035.12,33.7,1,5043.51,5101.78,5048.25,4638.07,5060.02,3739.7575,5262.79,1435.0884832082459,-0.44228869021900147,-0.8968727415326883,4,0
2026-09-11 14:00:00+00:00,urn:ngsi-ld:Building:PUNE:BLD-PHOENIX-01,5053.88,33.5,1,5083.54,4885.29,4831.86,4696.43,5011.24,3900.1629166666667,5262.79,1349.7772617103333,-0.4999999999999997,-0.8660254037844388,4,0
2026-09-11 14:15:00+00:00,urn:ngsi-ld:Building:PUNE:BLD-PHOENIX-01,5073.43,33.5,1,4800.6,5053.04,4821.24,4718.36,5291.14,4023.68625,5262.79,1311.974744583314,-0.555570233019602,-0.8314696123025455,4,0
2026-09-11 14:30:00+00:00,urn:ngsi-ld:Building:PUNE:BLD-PHOENIX-01,5063.41,32.3,1,5137.68,5262.79,4844.71,4768.32,4924.82,4155.8925,5262.79,1246.9765371986405,-0.6087614290087207,-0.7933533402912352,4,0
2026-09-11 14:45:00+00:00,urn:ngsi-ld:Building:PUNE:BLD-PHOENIX-01,5043.51,33.4,1,4916.7,5035.12,5101.78,5048.25,5206.02,4276.379166666667,5262.79,1185.0910704609307,-0.6593458151000688,-0.7518398074789774,4,0
2026-09-11 15:00:00+00:00,urn:ngsi-ld:Building:PUNE:BLD-PHOENIX-01,5083.54,33.1,1,4881.34,5053.88,4885.29,4831.86,5034.41,4399.323333333333,5262.79,1098.6169784053884,-0.7071067811865471,-0.7071067811865479,4,0
2026-09-11 15:15:00+00:00,urn:ngsi-ld:Building:PUNE:BLD-PHOENIX-01,4800.6,32.8,1,4842.64,5073.43,5053.04,4821.24,4976.05,4528.33125,5262.79,978.2674828772042,-0.7518398074789773,-0.6593458151000691,4,0
2026-09-11 15:30:00+00:00,urn:ngsi-ld:Building:PUNE:BLD-PHOENIX-01,5137.68,33.4,1,4974.92,5063.41,5262.79,4844.71,5212.33,4643.684583333333,5262.79,821.8450461321802,-0.7933533402912349,-0.6087614290087209,4,0
2026-09-11 15:45:00+00:00,urn:ngsi-ld:Building:PUNE:BLD-PHOENIX-01,4916.7,32.9,1,5068.17,5043.51,5035.12,5101.78,5155.46,4767.9991666666665,5262.79,632.803428156207,-0.8314696123025452,-0.5555702330196022,4,0
2026-09-11 16:00:00+00:00,urn:ngsi-ld:Building:PUNE:BLD-PHOENIX-01,4881.34,32.8,1,4928.26,5083.54,5053.88,4885.29,4796.3,4889.799166666667,5262.79,226.34570152599457,-0.8660254037844385,-0.5000000000000004,4,0
2026-09-11 16:15:00+00:00,urn:ngsi-ld:Building:PUNE:BLD-PHOENIX-01,4842.64,31.9,1,4744.22,4800.6,5073.43,5053.04,4893.81,4908.862916666666,5262.79,203.5070854760813,-0.8968727415326883,-0.44228869021900136,4,0
2026-09-11 16:30:00+00:00,urn:ngsi-ld:Building:PUNE:BLD-PHOENIX-01,4974.92,32.7,1,4718.68,5137.68,5063.41,5262.79,4964.46,4914.605416666666,5262.79,199.40221639737757,-0.9238795325112868,-0.3826834323650895,4,0
2026-09-11 16:45:00+00:00,urn:ngsi-ld:Building:PUNE:BLD-PHOENIX-01,5068.17,31.6,1,4739.25,4916.7,5043.51,5035.12,4737.58,4940.704583333333,5262.79,158.98706630419153,-0.9469301294951056,-0.3214394653031618,4,0
2026-09-11 17:00:00+00:00,urn:ngsi-ld:Building:PUNE:BLD-PHOENIX-01,4928.26,31.7,1,4730.54,4881.34,5083.54,5053.88,4913.09,4958.625416666667,5262.79,147.19410399881468,-0.9659258262890683,-0.25881904510252063,4,0
2026-09-11 17:15:00+00:00,urn:ngsi-ld:Building:PUNE:BLD-PHOENIX-01,4744.22,30.9,1,4448.65,4842.64,4800.6,5073.43,4957.3,4968.285,5262.79,136.45458531026105,-0.9807852804032303,-0.19509032201612866,4,0
2026-09-11 17:30:00+00:00,urn:ngsi-ld:Building:PUNE:BLD-PHOENIX-01,4718.68,29.4,1,4641.14,4974.92,5137.68,5063.41,4711.71,4969.3625,5262.79,134.48313180962796,-0.9914448613738104,-0.13052619222005163,4,0
2026-09-11 17:45:00+00:00,urn:ngsi-ld:Building:PUNE:BLD-PHOENIX-01,4739.25,30.5,1,4339.36,5068.17,4916.7,5043.51,4602.91,4967.294166666667,5262.79,138.0441564490562,-0.9978589232386035,-0.06540312923014273,4,0
2026-09-11 18:00:00+00:00,urn:ngsi-ld:Building:PUNE:BLD-PHOENIX-01,4730.54,29.7,1,4337.43,4928.26,4881.34,5083.54,4730.34,4954.419166666667,5262.79,144.42754614772394,-1.0,-1.8369701987210297e-16,4,0
2026-09-11 18:15:00+00:00,urn:ngsi-ld:Building:PUNE:BLD-PHOENIX-01,4448.65,28.3,1,4224.18,4744.22,4842.64,4800.6,4392.43,4950.1975,5262.79,149.55552446448448,-0.9978589232386036,0.06540312923014237,4,0
2026-09-11 18:30:00+00:00,urn:ngsi-ld:Building:PUNE:BLD-PHOENIX-01,4641.14,28.1,1,4451.64,4718.68,4974.92,5137.68,4641.89,4934.672916666666,5262.79,179.80342117172518,-0.9914448613738105,0.13052619222005127,4,0
2026-09-11 18:45:00+00:00,urn:ngsi-ld:Building:PUNE:BLD-PHOENIX-01,4339.36,28.7,1,4284.26,4739.25,5068.17,4916.7,4614.23,4926.190833333333,5262.79,188.80801903380484,-0.9807852804032304,0.1950903220161283,4,0
2026-09-11 19:00:00+00:00,urn:ngsi-ld:Building:PUNE:BLD-PHOENIX-01,4337.43,26.7,1,4313.86,4730.54,4928.26,4881.34,4457.6,4894.423333333333,5262.79,219.60769956940143,-0.9659258262890684,0.2588190451025203,4,0
2026-09-11 19:15:00+00:00,urn:ngsi-ld:Building:PUNE:BLD-PHOENIX-01,4224.18,26.8,1,4408.05,4448.65,4744.22,4842.64,4348.82,4871.595833333334,5262.79,247.32352872333817,-0.9469301294951057,0.3214394653031615,4,0
2026-09-11 19:30:00+00:00,urn:ngsi-ld:Building:PUNE:BLD-PHOENIX-01,4451.64,27.6,1,4501.72,4641.14,4718.68,4974.92,4551.56,4837.06,5262.79,276.97788685870523,-0.923879532511287,0.38268343236508917,4,0
2026-09-11 19:45:00+00:00,urn:ngsi-ld:Building:PUNE:BLD-PHOENIX-01,4284.26,26.1,1,4471.69,4339.36,4739.25,5068.17,4428.08,4803.262083333333,5137.68,272.2189503191861,-0.8968727415326884,0.442288690219001,4,0
2026-09-11 20:00:00+00:00,urn:ngsi-ld:Building:PUNE:BLD-PHOENIX-01,4313.86,25.7,1,4262.3,4337.43,4730.54,4928.26,4254.68,4771.976250000001,5137.68,287.1514065983822,-0.8660254037844386,0.5000000000000001,4,0
2026-09-11 20:15:00+00:00,urn:ngsi-ld:Building:PUNE:BLD-PHOENIX-01,4408.05,24.5,1,4373.78,4224.18,4448.65,4744.22,4269.9,4741.142083333333,5137.68,295.1837505392923,-0.8314696123025455,0.5555702330196018,4,0
2026-09-11 20:30:00+00:00,urn:ngsi-ld:Building:PUNE:BLD-PHOENIX-01,4501.72,23.0,1,4305.88,4451.64,4641.14,4718.68,4194.26,4713.417916666666,5137.68,293.86163867846085,-0.7933533402912357,0.6087614290087199,4,0
2026-09-11 20:45:00+00:00,urn:ngsi-ld:Building:PUNE:BLD-PHOENIX-01,4471.69,23.5,1,4229.67,4284.26,4339.36,4739.25,4380.24,4690.014166666667,5137.68,287.06408457252826,-0.7518398074789772,0.6593458151000691,4,0
2026-09-11 21:00:00+00:00,urn:ngsi-ld:Building:PUNE:BLD-PHOENIX-01,4262.3,22.1,1,4305.77,4313.86,4337.43,4730.54,4161.03,4666.1883333333335,5137.68,280.09433104593853,-0.7071067811865477,0.7071067811865474,4,0
2026-09-11 21:15:00+00:00,urn:ngsi-ld:Building:PUNE:BLD-PHOENIX-01,4373.78,21.4,1,2196.97,4408.05,4224.18,4448.65,4551.41,4631.97,5137.68,277.03846041270003,-0.6593458151000687,0.7518398074789775,4,0
2026-09-11 21:30:00+00:00,urn:ngsi-ld:Building:PUNE:BLD-PHOENIX-01,4305.88,21.6,1,2170.65,4501.72,4451.64,4641.14,4325.55,4614.185833333334,5137.68,279.4320682620394,-0.608761429008721,0.7933533402912349,4,0
2026-09-11 21:45:00+00:00,urn:ngsi-ld:Building:PUNE:BLD-PHOENIX-01,4229.67,20.3,1,2073.25,4471.69,4284.26,4339.36,4434.33,4579.5275,5068.17,262.76704846442885,-0.555570233019603,0.8314696123025447,4,0
2026-09-11 22:00:00+00:00,urn:ngsi-ld:Building:PUNE:BLD-PHOENIX-01,4305.77,20.3,1,1888.73,4262.3,4313.86,4337.43,4317.36,4550.90125,5068.17,261.8593950181096,-0.5000000000000004,0.8660254037844384,4,0
2026-09-11 22:15:00+00:00,urn:ngsi-ld:Building:PUNE:BLD-PHOENIX-01,2196.97,19.4,0,2037.16,4373.78,4408.05,4224.18,2078.56,4526.9191666666675,5068.17,256.5840889356513,-0.4422886902190014,0.8968727415326883,4,0
2026-09-11 22:30:00+00:00,urn:ngsi-ld:Building:PUNE:BLD-PHOENIX-01,2170.65,19.2,0,1978.56,4305.88,4501.72,4451.64,2037.36,4416.682916666668,5068.17,533.713357894928,-0.38268343236508956,0.9238795325112868,4,0
2026-09-11 22:45:00+00:00,urn:ngsi-ld:Building:PUNE:BLD-PHOENIX-01,2073.25,18.4,0,1167.65,4229.67,4471.69,4284.26,2181.08,4299.838333333333,5068.17,690.2085467745135,-0.32143946530316186,0.9469301294951056,4,0
2026-09-11 23:00:00+00:00,urn:ngsi-ld:Building:PUNE:BLD-PHOENIX-01,1888.73,18.2,0,1279.58,4305.77,4262.3,4313.86,2095.35,4175.05,4928.26,806.2406387943253,-0.25881904510252157,0.9659258262890681,4,0
2026-09-11 23:15:00+00:00,urn:ngsi-ld:Building:PUNE:BLD-PHOENIX-01,2037.16,18.6,0,1379.03,2196.97,4373.78,4408.05,2013.29,4048.4029166666664,4744.22,914.2718053871653,-0.19509032201612872,0.9807852804032303,4,0
2026-09-11 23:30:00+00:00,urn:ngsi-ld:Building:PUNE:BLD-PHOENIX-01,1978.56,17.7,0,1322.71,2170.65,4305.88,4501.72,2101.54,3935.60875,4739.25,988.6559511575488,-0.13052619222005168,0.9914448613738104,4,0
2026-09-11 23:45:00+00:00,urn:ngsi-ld:Building:PUNE:BLD-PHOENIX-01,1167.65,16.8,0,1183.91,2073.25,4229.67,4471.69,1136.71,3821.4370833333337,4739.25,1050.571867551725,-0.0654031292301428,0.9978589232386035,4,0
2026-09-12 00:00:00+00:00,urn:ngsi-ld:Building:PUNE:BLD-PHOENIX-01,1279.58,17.2,0,1319.12,1888.73,4305.77,4262.3,1289.79,3672.620416666667,4730.54,1161.9664825573793,0.0,1.0,5,1
2026-09-12 00:15:00+00:00,urn:ngsi-ld:Building:PUNE:BLD-PHOENIX-01,1379.03,16.3,0,1117.9,2037.16,2196.97,4373.78,1435.26,3528.830416666666,4641.14,1236.4932093221573,0.06540312923014306,0.9978589232386035,5,1
2026-09-12 00:30:00+00:00,urn:ngsi-ld:Building:PUNE:BLD-PHOENIX-01,1322.71,16.5,0,1108.06,1978.56,2170.65,4305.88,1335.97,3400.929583333333,4641.14,1294.604561308462,0.13052619222005157,0.9914448613738104,5,1
2026-09-12 00:45:00+00:00,urn:ngsi-ld:Building:PUNE:BLD-PHOENIX-01,1183.91,14.6,0,1100.0,1167.65,2073.25,4229.67,1316.94,3262.661666666667,4501.72,1333.0263813876102,0.19509032201612825,0.9807852804032304,5,1
2026-09-12 01:00:00+00:00,urn:ngsi-ld:Building:PUNE:BLD-PHOENIX-01,1319.12,14.6,0,1285.91,1279.58,1888.73,4305.77,1383.74,3131.1845833333336,4501.72,1377.0972069190134,0.25881904510252074,0.9659258262890683,5,1
2026-09-12 01:15:00+00:00,urn:ngsi-ld:Building:PUNE:BLD-PHOENIX-01,1117.9,15.1,0,1330.55,1379.03,2037.16,2196.97,1306.96,3005.4216666666666,4501.72,1399.7838820446043,0.3214394653031616,0.9469301294951057,5,1
2026-09-12 01:30:00+00:00,urn:ngsi-ld:Building:PUNE:BLD-PHOENIX-01,1108.06,14.7,0,1327.72,1322.71,1978.56,2170.65,1271.48,2875.993333333334,4501.72,1425.5648552756472,0.3826834323650898,0.9238795325112867,5,1
2026-09-12 01:45:00+00:00,urn:ngsi-ld:Building:PUNE:BLD-PHOENIX-01,1100.0,14.7,0,1158.57,1183.91,1167.65,2073.25,1310.87,2736.6775,4501.72,1428.2631717769384,0.44228869021900125,0.8968727415326884,5,1
2026-09-12 02:00:00+00:00,urn:ngsi-ld:Building:PUNE:BLD-PHOENIX-01,1285.91,14.9,0,1100.0,1319.12,1279.58,1888.73,1169.39,2604.0,4501.72,1426.1493124036958,0.49999999999999994,0.8660254037844387,5,1
2026-09-12 02:15:00+00:00,urn:ngsi-ld:Building:PUNE:BLD-PHOENIX-01,1330.55,15.7,0,1153.07,1117.9,1379.03,2037.16,1178.56,2477.835416666667,4501.72,1402.0398615494848,0.5555702330196022,0.8314696123025452,5,1
2026-09-12 02:30:00+00:00,urn:ngsi-ld:Building:PUNE:BLD-PHOENIX-01,1327.72,14.2,0,1147.62,1108.06,1322.71,1978.56,1247.44,2349.6062500000003,4501.72,1357.8655407718854,0.6087614290087207,0.7933533402912352,5,1
2026-09-12 02:45:00+00:00,urn:ngsi-ld:Building:PUNE:BLD-PHOENIX-01,1158.57,13.7,0,1251.84,1100.0,1183.91,1167.65,1297.58,2217.35625,4471.69,1292.1210979686548,0.6593458151000688,0.7518398074789774,5,1
2026-09-12 03:00:00+00:00,urn:ngsi-ld:Building:PUNE:BLD-PHOENIX-01,1100.0,14.8,0,1250.64,1285.91,1319.12,1279.58,1389.24,2079.309583333333,4373.78,1215.5140606253956,0.7071067811865476,0.7071067811865476,5,1
2026-09-12 03:15:00+00:00,urn:ngsi-ld:Building:PUNE:BLD-PHOENIX-01,1153.07,14.7,0,1226.55,1330.55,1117.9,1379.03,1208.82,1947.5470833333331,4373.78,1137.4808067811193,0.7518398074789774,0.6593458151000688,5,1
2026-09-12 03:30:00+00:00,urn:ngsi-ld:Building:PUNE:BLD-PHOENIX-01,1147.62,14.9,0,1288.58,1327.72,1108.06,1322.71,1100.0,1813.3508333333332,4305.88,1023.0223751002466,0.7933533402912352,0.6087614290087207,5,1
2026-09-12 03:45:00+00:00,urn:ngsi-ld:Building:PUNE:BLD-PHOENIX-01,1251.84,15.3,0,1484.57,1158.57,1100.0,1183.91,1343.2,1681.7566666666664,4305.77,881.8485338229841,0.8314696123025451,0.5555702330196024,5,1
2026-09-12 04:00:00+00:00,urn:ngsi-ld:Building:PUNE:BLD-PHOENIX-01,1250.64,16.1,0,1224.56,1100.0,1285.91,1319.12,1356.17,1557.6804166666668,4305.77,698.1215556450665,0.8660254037844386,0.5000000000000001,5,1
2026-09-12 04:15:00+00:00,urn:ngsi-ld:Building:PUNE:BLD-PHOENIX-01,1226.55,15.0,0,1270.15,1153.07,1330.55,1117.9,1214.9,1430.3833333333334,2196.97,382.38175607585464,0.8968727415326884,0.44228869021900125,5,1
2026-09-12 04:30:00+00:00,urn:ngsi-ld:Building:PUNE:BLD-PHOENIX-01,1288.58,15.0,0,1244.93,1147.62,1327.72,1108.06,1356.31,1389.9491666666665,2170.65,347.5140507626701,0.9238795325112867,0.38268343236508984,5,1
2026-09-12 04:45:00+00:00,urn:ngsi-ld:Building:PUNE:BLD-PHOENIX-01,1484.57,16.5,0,1191.39,1251.84,1158.57,1100.0,1332.44,1353.19625,2073.25,305.4562964229075,0.9469301294951056,0.3214394653031617,5,1
2026-09-12 05:00:00+00:00,urn:ngsi-ld:Building:PUNE:BLD-PHOENIX-01,1224.56,16.1,0,1301.16,1250.64,1100.0,1285.91,1204.63,1328.6679166666665,2037.16,266.23983529031324,0.9659258262890683,0.25881904510252074,5,1
2026-09-12 05:15:00+00:00,urn:ngsi-ld:Building:PUNE:BLD-PHOENIX-01,1270.15,16.5,0,1220.08,1226.55,1153.07,1330.55,1282.55,1300.9941666666666,2037.16,238.57482594173658,0.9807852804032304,0.19509032201612833,5,1
2026-09-12 05:30:00+00:00,urn:ngsi-ld:Building:PUNE:BLD-PHOENIX-01,1244.93,17.5,0,1172.38,1288.58,1147.62,1327.72,1232.51,1269.0354166666666,1978.56,179.80803069970895,0.9914448613738104,0.1305261922200517,5,1
2026-09-12 05:45:00+00:00,urn:ngsi-ld:Building:PUNE:BLD-PHOENIX-01,1191.39,18.4,0,1178.73,1484.57,1251.84,1158.57,1147.14,1238.4675,1484.57,97.4326384580479,0.9978589232386035,0.06540312923014327,5,1
2026-09-12 06:00:00+00:00,urn:ngsi-ld:Building:PUNE:BLD-PHOENIX-01,1301.16,18.8,0,1334.25,1224.56,1250.64,1100.0,1425.19,1239.4566666666667,1484.57,96.80087758584347,1.0,6.123233995736766e-17,5,1
2026-09-12 06:15:00+00:00,urn:ngsi-ld:Building:PUNE:BLD-PHOENIX-01,1220.08,18.7,0,1298.7,1270.15,1226.55,1153.07,1213.24,1240.3558333333333,1484.57,97.28877748899158,0.9978589232386035,-0.06540312923014314,5,1
2026-09-12 06:30:00+00:00,urn:ngsi-ld:Building:PUNE:BLD-PHOENIX-01,1172.38,20.7,0,1200.92,1244.93,1288.58,1147.62,1227.25,1233.7329166666666,1484.57,92.74211919981092,0.9914448613738104,-0.1305261922200516,5,1
2026-09-12 06:45:00+00:00,urn:ngsi-ld:Building:PUNE:BLD-PHOENIX-01,1178.73,20.0,0,1286.98,1191.39,1484.57,1251.84,1158.95,1227.4691666666668,1484.57,91.54018955389542,0.9807852804032304,-0.1950903220161282,5,1
2026-09-12 07:00:00+00:00,urn:ngsi-ld:Building:PUNE:BLD-PHOENIX-01,1334.25,21.4,0,2046.02,1301.16,1224.56,1250.64,1100.0,1227.2533333333333,1484.57,91.65339537626461,0.9659258262890683,-0.25881904510252063,5,1
2026-09-12 07:15:00+00:00,urn:ngsi-ld:Building:PUNE:BLD-PHOENIX-01,1298.7,20.5,0,2071.79,1220.08,1270.15,1226.55,1205.94,1227.88375,1484.57,92.36204668517641,0.9469301294951057,-0.3214394653031616,5,1
2026-09-12 07:30:00+00:00,urn:ngsi-ld:Building:PUNE:BLD-PHOENIX-01,1200.92,21.7,0,1989.1,1172.38,1244.93,1288.58,1410.77,1235.4170833333335,1484.57,90.35285556336655,0.9238795325112868,-0.3826834323650895,5,1
2026-09-12 07:45:00+00:00,urn:ngsi-ld:Building:PUNE:BLD-PHOENIX-01,1286.98,22.6,0,1950.21,1178.73,1191.39,1484.57,1185.39,1239.2862499999999,1484.57,86.57106077395102,0.8968727415326884,-0.44228869021900113,5,1
2026-09-12 08:00:00+00:00,urn:ngsi-ld:Building:PUNE:BLD-PHOENIX-01,2046.02,22.9,0,2019.58,1334.25,1301.16,1224.56,2089.32,1247.0770833333333,1484.57,81.77166546960025,0.8660254037844387,-0.4999999999999998,5,1
2026-09-12 08:15:00+00:00,urn:ngsi-ld:Building:PUNE:BLD-PHOENIX-01,2071.79,23.6,0,1964.17,1298.7,1220.08,1270.15,1900.48,1278.7483333333332,2046.02,182.55673044789407,0.8314696123025451,-0.5555702330196023,5,1
2026-09-12 08:30:00+00:00,urn:ngsi-ld:Building:PUNE:BLD-PHOENIX-01,1989.1,24.0,0,1957.87,1200.92,1172.38,1244.93,2171.73,1309.6333333333334,2071.79,244.04726476754735,0.7933533402912352,-0.6087614290087207,5,1
2026-09-12 08:45:00+00:00,urn:ngsi-ld:Building:PUNE:BLD-PHOENIX-01,1950.21,25.6,0,1919.56,1286.98,1178.73,1191.39,2092.85,1337.1908333333333,2071.79,280.7583205923313,0.7518398074789774,-0.6593458151000688,5,1
2026-09-12 09:00:00+00:00,urn:ngsi-ld:Building:PUNE:BLD-PHOENIX-01,2019.58,25.5,0,4485.59,2046.02,1334.25,1301.16,1987.35,1370.1758333333335,2071.79,304.37071551003044,0.7071067811865476,-0.7071067811865475,5,1
2026-09-12 09:15:00+00:00,urn:ngsi-ld:Building:PUNE:BLD-PHOENIX-01,1964.17,26.9,0,4757.27,2071.79,1298.7,1220.08,2032.12,1408.4916666666668,2071.79,325.99356911048574,0.659345815100069,-0.7518398074789773,5,1
2026-09-12 09:30:00+00:00,urn:ngsi-ld:Building:PUNE:BLD-PHOENIX-01,1957.87,26.0,0,4851.71,1989.1,1200.92,1172.38,2154.13,1442.2875000000001,2071.79,340.1008766750858,0.6087614290087209,-0.793353340291235,5,1
2026-09-12 09:45:00+00:00,urn:ngsi-ld:Building:PUNE:BLD-PHOENIX-01,1919.56,27.2,0,4897.44,1950.21,1286.98,1178.73,1993.5,1476.0479166666664,2071.79,349.65945833019316,0.5555702330196025,-0.831469612302545,5,1
2026-09-12 10:00:00+00:00,urn:ngsi-ld:Building:PUNE:BLD-PHOENIX-01,4485.59,27.3,1,5073.85,2019.58,2046.02,1334.25,4423.81,1503.8695833333334,2071.79,357.52024213259205,0.49999999999999994,-0.8660254037844387,5,1
2026-09-12 10:15:00+00:00,urn:ngsi-ld:Building:PUNE:BLD-PHOENIX-01,4757.27,28.3,1,4981.29,1964.17,2071.79,1298.7,4704.82,1638.6591666666666,4485.59,701.8723561638899,0.4422886902190017,-0.8968727415326881,5,1
2026-09-12 10:30:00+00:00,urn:ngsi-ld:Building:PUNE:BLD-PHOENIX-01,4851.71,27.9,1,5071.76,1957.87,1989.1,1200.92,4348.54,1785.7725,4757.27,941.0182753908223,0.3826834323650899,-0.9238795325112867,5,1
2026-09-12 10:45:00+00:00,urn:ngsi-ld:Building:PUNE:BLD-PHOENIX-01,4897.44,28.5,1,5092.19,1919.56,1950.21,1286.98,4638.07,1934.2362500000002,4851.71,1122.7030813981644,0.32143946530316175,-0.9469301294951056,5,1
2026-09-12 11:00:00+00:00,urn:ngsi-ld:Building:PUNE:BLD-PHOENIX-01,5073.85,29.4,1,5188.4,4485.59,2019.58,2046.02,4696.43,2076.439166666667,4897.44,1269.7772393815412,0.258819045102521,-0.9659258262890682,5,1
2026-09-12 11:15:00+00:00,urn:ngsi-ld:Building:PUNE:BLD-PHOENIX-01,4981.29,30.7,1,5310.37,4757.27,1964.17,2071.79,4718.36,2236.82625,5073.85,1394.478002058268,0.19509032201612816,-0.9807852804032304,5,1
2026-09-12 11:30:00+00:00,urn:ngsi-ld:Building:PUNE:BLD-PHOENIX-01,5071.76,30.2,1,5291.8,4851.71,1957.87,1989.1,4768.32,2391.4570833333332,5073.85,1485.4196638908809,0.130526192220052,-0.9914448613738104,5,1
2026-09-12 11:45:00+00:00,urn:ngsi-ld:Building:PUNE:BLD-PHOENIX-01,5092.19,31.0,1,5099.71,4897.44,1919.56,1950.21,5048.25,2550.9083333333333,5073.85,1560.4925760286553,0.06540312923014312,-0.9978589232386035,5,1
2026-09-12 12:00:00+00:00,urn:ngsi-ld:Building:PUNE:BLD-PHOENIX-01,5188.4,32.3,1,5271.7,5073.85,4485.59,2019.58,4831.86,2713.4416666666666,5092.19,1614.9298708738258,1.2246467991473532e-16,-1.0,5,1
2026-09-12 12:15:00+00:00,urn:ngsi-ld:Building:PUNE:BLD-PHOENIX-01,5310.37,32.0,1,5337.13,4981.29,4757.27,1964.17,4821.24,2875.41,5188.4,1661.393269177873,-0.06540312923014287,-0.9978589232386035,5,1
2026-09-12 12:30:00+00:00,urn:ngsi-ld:Building:PUNE:BLD-PHOENIX-01,5291.8,32.7,1,5319.19,5071.76,4851.71,1957.87,4844.71,3045.8387500000003,5310.37,1693.6844896730968,-0.13052619222005177,-0.9914448613738104,5,1
2026-09-12 12:45:00+00:00,urn:ngsi-ld:Building:PUNE:BLD-PHOENIX-01,5099.71,32.3,1,5378.14,5092.19,4897.44,1919.56,5101.78,3217.4812499999994,5310.37,1704.271757826327,-0.19509032201612792,-0.9807852804032305,5,1
2026-09-12 13:00:00+00:00,urn:ngsi-ld:Building:PUNE:BLD-PHOENIX-01,5271.7,32.1,1,5475.56,5188.4,5073.85,4485.59,4885.29,3380.8554166666668,5310.37,1688.19639713635,-0.2588190451025208,-0.9659258262890683,5,1
2026-09-12 13:15:00+00:00,urn:ngsi-ld:Building:PUNE:BLD-PHOENIX-01,5337.13,32.9,1,5485.42,5310.37,4981.29,4757.27,5053.04,3544.915833333333,5310.37,1671.9018401493902,-0.32143946530316153,-0.9469301294951057,5,1
2026-09-12 13:30:00+00:00,urn:ngsi-ld:Building:PUNE:BLD-PHOENIX-01,5319.19,33.8,1,5378.91,5291.8,5071.76,4851.71,5262.79,3713.18375,5337.13,1638.9006176963017,-0.38268343236508967,-0.9238795325112868,5,1
2026-09-12 13:45:00+00:00,urn:ngsi-ld:Building:PUNE:BLD-PHOENIX-01,5378.14,33.2,1,5429.43,5099.71,5092.19,4897.44,5035.12,3884.7783333333336,5337.13,1578.9237459701471,-0.44228869021900147,-0.8968727415326883,5,1
2026-09-12 14:00:00+00:00,urn:ngsi-ld:Building:PUNE:BLD-PHOENIX-01,5475.56,33.0,1,5353.62,5271.7,5188.4,5073.85,5053.88,4055.2433333333333,5378.14,1505.3986586822502,-0.4999999999999997,-0.8660254037844388,5,1
2026-09-12 14:15:00+00:00,urn:ngsi-ld:Building:PUNE:BLD-PHOENIX-01,5485.42,34.0,1,5365.76,5337.13,5310.37,4981.29,5073.43,4198.140833333334,5475.56,1468.7087812411723,-0.555570233019602,-0.8314696123025455,5,1
2026-09-12 14:30:00+00:00,urn:ngsi-ld:Building:PUNE:BLD-PHOENIX-01,5378.91,34.6,1,5459.14,5319.19,5291.8,5071.76,5063.41,4340.375416666667,5485.42,1418.2599516430714,-0.6087614290087207,-0.7933533402912352,5,1
2026-09-12 14:45:00+00:00,urn:ngsi-ld:Building:PUNE:BLD-PHOENIX-01,5429.43,33.5,1,5119.83,5378.14,5099.71,5092.19,5043.51,4481.6175,5485.42,1340.5852688325638,-0.6593458151000688,-0.7518398074789774,5,1
2026-09-12 15:00:00+00:00,urn:ngsi-ld:Building:PUNE:BLD-PHOENIX-01,5353.62,32.9,1,5355.32,5475.56,5271.7,5188.4,5083.54,4626.585,5485.42,1239.2289788763685,-0.7071067811865471,-0.7071067811865479,5,1
2026-09-12 15:15:00+00:00,urn:ngsi-ld:Building:PUNE:BLD-PHOENIX-01,5365.76,32.7,1,5217.02,5485.42,5337.13,5310.37,4800.6,4765.503333333333,5485.42,1114.9143107867594,-0.7518398074789773,-0.6593458151000691,5,1
2026-09-12 15:30:00+00:00,urn:ngsi-ld:Building:PUNE:BLD-PHOENIX-01,5459.14,33.8,1,5182.75,5378.91,5319.19,5291.8,5137.68,4907.23625,5485.42,946.8598564537431,-0.7933533402912349,-0.6087614290087209,5,1
2026-09-12 15:45:00+00:00,urn:ngsi-ld:Building:PUNE:BLD-PHOENIX-01,5119.83,31.9,1,5217.67,5429.43,5378.14,5099.71,4916.7,5053.1225,5485.42,713.7028927773198,-0.8314696123025452,-0.5555702330196022,5,1
2026-09-12 16:00:00+00:00,urn:ngsi-ld:Building:PUNE:BLD-PHOENIX-01,5355.32,33.1,1,5158.28,5353.62,5475.56,5271.7,4881.34,5186.467083333334,5485.42,253.15823545383887,-0.8660254037844385,-0.5000000000000004,5,1
2026-09-12 16:15:00+00:00,urn:ngsi-ld:Building:PUNE:BLD-PHOENIX-01,5217.02,30.9,1,5403.52,5365.76,5485.42,5337.13,4842.64,5222.705833333333,5485.42,206.39912933586248,-0.8968727415326883,-0.44228869021900136,5,1
2026-09-12 16:30:00+00:00,urn:ngsi-ld:Building:PUNE:BLD-PHOENIX-01,5182.75,32.3,1,5146.26,5459.14,5378.91,5319.19,4974.92,5241.862083333333,5485.42,181.1087280201013,-0.9238795325112868,-0.3826834323650895,5,1
2026-09-12 16:45:00+00:00,urn:ngsi-ld:Building:PUNE:BLD-PHOENIX-01,5217.67,32.5,1,4960.54,5119.83,5429.43,5378.14,5068.17,5255.6554166666665,5485.42,161.66497652436823,-0.9469301294951056,-0.3214394653031618,5,1
2026-09-12 17:00:00+00:00,urn:ngsi-ld:Building:PUNE:BLD-PHOENIX-01,5158.28,31.1,1,4944.78,5355.32,5353.62,5475.56,4928.26,5268.998333333333,5485.42,142.9456861787888,-0.9659258262890683,-0.25881904510252063,5,1
2026-09-12 17:15:00+00:00,urn:ngsi-ld:Building:PUNE:BLD-PHOENIX-01,5403.52,32.2,1,4912.33,5217.02,5365.76,5485.42,4744.22,5272.51625,5485.42,138.91637321143628,-0.9807852804032303,-0.19509032201612866,5,1
2026-09-12 17:30:00+00:00,urn:ngsi-ld:Building:PUNE:BLD-PHOENIX-01,5146.26,30.9,1,4897.05,5182.75,5459.14,5378.91,4718.68,5290.109166666666,5485.42,126.62327689438865,-0.9914448613738104,-0.13052619222005163,5,1
2026-09-12 17:45:00+00:00,urn:ngsi-ld:Building:PUNE:BLD-PHOENIX-01,4960.54,30.7,1,4666.99,5217.67,5119.83,5429.43,4739.25,5293.213333333334,5485.42,121.86136305581397,-0.9978589232386035,-0.06540312923014273,5,1
2026-09-12 18:00:00+00:00,urn:ngsi-ld:Building:PUNE:BLD-PHOENIX-01,4944.78,30.2,1,4809.75,5158.28,5355.32,5353.62,4730.54,5287.727916666667,5485.42,133.6922850033156,-1.0,-1.8369701987210297e-16,5,1
2026-09-12 18:15:00+00:00,urn:ngsi-ld:Building:PUNE:BLD-PHOENIX-01,4912.33,29.5,1,4806.01,5403.52,5217.02,5365.76,4448.65,5277.577083333334,5485.42,149.8358108783795,-0.9978589232386036,0.06540312923014237,5,1
2026-09-12 18:30:00+00:00,urn:ngsi-ld:Building:PUNE:BLD-PHOENIX-01,4897.05,29.1,1,4691.58,5146.26,5182.75,5459.14,4641.14,5260.9920833333335,5485.42,167.0844980445482,-0.9914448613738105,0.13052619222005127,5,1
2026-09-12 18:45:00+00:00,urn:ngsi-ld:Building:PUNE:BLD-PHOENIX-01,4666.99,26.4,1,4684.45,4960.54,5217.67,5119.83,4339.36,5244.5441666666675,5485.42,182.6267487651131,-0.9807852804032304,0.1950903220161283,5,1
2026-09-12 19:00:00+00:00,urn:ngsi-ld:Building:PUNE:BLD-PHOENIX-01,4809.75,28.0,1,4418.36,4944.78,5158.28,5355.32,4337.43,5226.514166666667,5485.42,215.88021168995098,-0.9659258262890684,0.2588190451025203,5,1
2026-09-12 19:15:00+00:00,urn:ngsi-ld:Building:PUNE:BLD-PHOENIX-01,4806.01,27.0,1,4722.29,4912.33,5403.52,5217.02,4224.18,5207.26625,5485.42,231.69105641884175,-0.9469301294951057,0.3214394653031615,5,1
2026-09-12 19:30:00+00:00,urn:ngsi-ld:Building:PUNE:BLD-PHOENIX-01,4691.58,26.6,1,4726.11,4897.05,5146.26,5182.75,4451.64,5185.1362500000005,5485.42,243.79655170752218,-0.923879532511287,0.38268343236508917,5,1
2026-09-12 19:45:00+00:00,urn:ngsi-ld:Building:PUNE:BLD-PHOENIX-01,4684.45,26.5,1,4772.37,4666.99,4960.54,5217.67,4284.26,5158.985833333333,5485.42,261.78821089673687,-0.8968727415326884,0.442288690219001,5,1
2026-09-12 20:00:00+00:00,urn:ngsi-ld:Building:PUNE:BLD-PHOENIX-01,4418.36,24.7,1,4694.42,4809.75,4944.78,5158.28,4313.86,5130.082083333334,5485.42,274.52457048475645,-0.8660254037844386,0.5000000000000001,5,1
2026-09-12 20:15:00+00:00,urn:ngsi-ld:Building:PUNE:BLD-PHOENIX-01,4722.29,24.3,1,4792.65,4806.01,4912.33,5403.52,4408.05,5086.0320833333335,5485.42,300.2889686833049,-0.8314696123025455,0.5555702330196018,5,1
2026-09-12 20:30:00+00:00,urn:ngsi-ld:Building:PUNE:BLD-PHOENIX-01,4726.11,23.8,1,4606.45,4691.58,4897.05,5146.26,4501.72,5054.235,5459.14,296.53960622636845,-0.7933533402912357,0.6087614290087199,5,1
2026-09-12 20:45:00+00:00,urn:ngsi-ld:Building:PUNE:BLD-PHOENIX-01,4772.37,23.5,1,4796.86,4684.45,4666.99,4960.54,4471.69,5027.035,5459.14,295.4008312519915,-0.7518398074789772,0.6593458151000691,5,1
2026-09-12 21:00:00+00:00,urn:ngsi-ld:Building:PUNE:BLD-PHOENIX-01,4694.42,22.6,1,4622.19,4418.36,4809.75,4944.78,4262.3,4999.6575,5459.14,286.80866531164196,-0.7071067811865477,0.7071067811865474,5,1
2026-09-12 21:15:00+00:00,urn:ngsi-ld:Building:PUNE:BLD-PHOENIX-01,4792.65,22.5,1,2132.53,4722.29,4806.01,4912.33,4373.78,4972.190833333333,5459.14,282.9761316393226,-0.6593458151000687,0.7518398074789775,5,1
2026-09-12 21:30:00+00:00,urn:ngsi-ld:Building:PUNE:BLD-PHOENIX-01,4606.45,20.5,1,2081.38,4726.11,4691.58,4897.05,4305.88,4948.31125,5459.14,272.3000972922058,-0.608761429008721,0.7933533402912349,5,1
2026-09-12 21:45:00+00:00,urn:ngsi-ld:Building:PUNE:BLD-PHOENIX-01,4796.86,21.5,1,2229.59,4772.37,4684.45,4666.99,4229.67,4912.7825,5403.52,258.00379010111436,-0.555570233019603,0.8314696123025447,5,1
2026-09-12 22:00:00+00:00,urn:ngsi-ld:Building:PUNE:BLD-PHOENIX-01,4622.19,20.5,1,2054.19,4694.42,4418.36,4809.75,4305.77,4899.325416666667,5403.52,255.14191326433337,-0.5000000000000004,0.8660254037844384,5,1
2026-09-12 22:15:00+00:00,urn:ngsi-ld:Building:PUNE:BLD-PHOENIX-01,2132.53,20.3,0,2102.95,4792.65,4722.29,4806.01,2196.97,4868.778333333333,5403.52,241.70752193991885,-0.4422886902190014,0.8968727415326883,5,1
2026-09-12 22:30:00+00:00,urn:ngsi-ld:Building:PUNE:BLD-PHOENIX-01,2081.38,19.0,0,2068.02,4606.45,4726.11,4691.58,2170.65,4740.2579166666665,5403.52,601.1973865616268,-0.38268343236508956,0.9238795325112868,5,1
2026-09-12 22:45:00+00:00,urn:ngsi-ld:Building:PUNE:BLD-PHOENIX-01,2229.59,19.4,0,1373.22,4796.86,4772.37,4684.45,2073.25,4611.034166666667,5403.52,801.7953418635404,-0.32143946530316186,0.9469301294951056,5,1
2026-09-12 23:00:00+00:00,urn:ngsi-ld:Building:PUNE:BLD-PHOENIX-01,2054.19,18.7,0,1208.95,4622.19,4694.42,4418.36,1888.73,4486.530833333333,5403.52,925.8928964209445,-0.25881904510252157,0.9659258262890681,5,1
2026-09-12 23:15:00+00:00,urn:ngsi-ld:Building:PUNE:BLD-PHOENIX-01,2102.95,17.7,0,1439.14,2132.53,4792.65,4722.29,2037.16,4357.19375,5403.52,1037.9944525143446,-0.19509032201612872,0.9807852804032303,5,1
2026-09-12 23:30:00+00:00,urn:ngsi-ld:Building:PUNE:BLD-PHOENIX-01,2068.02,17.2,0,1186.73,2081.38,4606.45,4726.11,1978.56,4219.67,5146.26,1109.5211779392318,-0.13052619222005168,0.9914448613738104,5,1
2026-09-12 23:45:00+00:00,urn:ngsi-ld:Building:PUNE:BLD-PHOENIX-01,1373.22,16.2,0,1407.6,2229.59,4796.86,4772.37,1167.65,4091.41,4960.54,1173.8096699802475,-0.0654031292301428,0.9978589232386035,5,1
2026-09-13 00:00:00+00:00,urn:ngsi-ld:Building:PUNE:BLD-PHOENIX-01,1208.95,15.8,0,1154.74,2054.19,4622.19,4694.42,1279.58,3941.9383333333335,4944.78,1281.7623307932654,0.0,1.0,6,1
2026-09-13 00:15:00+00:00,urn:ngsi-ld:Building:PUNE:BLD-PHOENIX-01,1439.14,16.2,0,1306.13,2102.95,2132.53,4792.65,1379.03,3786.27875,4912.33,1377.9167254332922,0.06540312923014306,0.9978589232386035,6,1
2026-09-13 00:30:00+00:00,urn:ngsi-ld:Building:PUNE:BLD-PHOENIX-01,1186.73,15.5,0,1246.02,2068.02,2081.38,4606.45,1322.71,3641.5625,4897.05,1435.6864047351373,0.13052619222005157,0.9914448613738104,6,1
2026-09-13 00:45:00+00:00,urn:ngsi-ld:Building:PUNE:BLD-PHOENIX-01,1407.6,15.1,0,1330.38,1373.22,2229.59,4796.86,1183.91,3486.965833333333,4809.75,1493.228862874346,0.19509032201612825,0.9807852804032304,6,1
2026-09-13 01:00:00+00:00,urn:ngsi-ld:Building:PUNE:BLD-PHOENIX-01,1154.74,13.5,0,1286.91,1208.95,2054.19,4622.19,1319.12,3351.157916666667,4809.75,1529.0306721778622,0.25881904510252074,0.9659258262890683,6,1
2026-09-13 01:15:00+00:00,urn:ngsi-ld:Building:PUNE:BLD-PHOENIX-01,1306.13,16.6,0,1324.77,1439.14,2102.95,2132.53,1117.9,3198.8658333333333,4806.01,1559.161313434987,0.3214394653031616,0.9469301294951057,6,1
2026-09-13 01:30:00+00:00,urn:ngsi-ld:Building:PUNE:BLD-PHOENIX-01,1246.02,14.2,0,1151.83,1186.73,2068.02,2081.38,1108.06,3053.0375,4796.86,1565.966668050647,0.3826834323650898,0.9238795325112867,6,1
2026-09-13 01:45:00+00:00,urn:ngsi-ld:Building:PUNE:BLD-PHOENIX-01,1330.38,14.7,0,1101.31,1407.6,1373.22,2229.59,1100.0,2909.4725,4796.86,1567.1577127821565,0.44228869021900125,0.8968727415326884,6,1
2026-09-13 02:00:00+00:00,urn:ngsi-ld:Building:PUNE:BLD-PHOENIX-01,1286.91,15.7,0,1138.11,1154.74,1208.95,2054.19,1285.91,2769.719583333333,4796.86,1551.463022828503,0.49999999999999994,0.8660254037844387,6,1
2026-09-13 02:15:00+00:00,urn:ngsi-ld:Building:PUNE:BLD-PHOENIX-01,1324.77,14.2,0,1136.06,1306.13,1439.14,2102.95,1330.55,2639.2425,4796.86,1538.406704467316,0.5555702330196022,0.8314696123025452,6,1
2026-09-13 02:30:00+00:00,urn:ngsi-ld:Building:PUNE:BLD-PHOENIX-01,1151.83,14.1,0,1150.83,1246.02,1186.73,2068.02,1327.72,2497.679166666667,4796.86,1494.0719984656903,0.6087614290087207,0.7933533402912352,6,1
2026-09-13 02:45:00+00:00,urn:ngsi-ld:Building:PUNE:BLD-PHOENIX-01,1101.31,13.5,0,1192.48,1330.38,1407.6,1373.22,1158.57,2348.7508333333335,4796.86,1439.4272801146956,0.6593458151000688,0.7518398074789774,6,1
2026-09-13 03:00:00+00:00,urn:ngsi-ld:Building:PUNE:BLD-PHOENIX-01,1138.11,14.0,0,1191.71,1286.91,1154.74,1208.95,1100.0,2195.79,4796.86,1363.7467722003742,0.7071067811865476,0.7071067811865476,6,1
2026-09-13 03:15:00+00:00,urn:ngsi-ld:Building:PUNE:BLD-PHOENIX-01,1136.06,14.9,0,1248.2,1324.77,1306.13,1439.14,1153.07,2047.6104166666667,4796.86,1270.468648917559,0.7518398074789774,0.6593458151000688,6,1
2026-09-13 03:30:00+00:00,urn:ngsi-ld:Building:PUNE:BLD-PHOENIX-01,1150.83,12.9,0,1170.64,1151.83,1246.02,1186.73,1147.62,1895.2524999999998,4796.86,1139.4631637377297,0.7933533402912352,0.6087614290087207,6,1
2026-09-13 03:45:00+00:00,urn:ngsi-ld:Building:PUNE:BLD-PHOENIX-01,1192.48,14.7,0,1177.32,1101.31,1330.38,1407.6,1251.84,1751.2683333333334,4796.86,990.5789555110819,0.8314696123025451,0.5555702330196024,6,1
2026-09-13 04:00:00+00:00,urn:ngsi-ld:Building:PUNE:BLD-PHOENIX-01,1191.71,16.1,0,1227.56,1138.11,1286.91,1154.74,1250.64,1601.0858333333333,4622.19,753.657007253206,0.8660254037844386,0.5000000000000001,6,1
2026-09-13 04:15:00+00:00,urn:ngsi-ld:Building:PUNE:BLD-PHOENIX-01,1248.2,16.0,0,1344.23,1136.06,1324.77,1306.13,1226.55,1458.1491666666668,2229.59,396.4051043951791,0.8968727415326884,0.44228869021900125,6,1
2026-09-13 04:30:00+00:00,urn:ngsi-ld:Building:PUNE:BLD-PHOENIX-01,1170.64,15.7,0,1207.43,1150.83,1151.83,1246.02,1288.58,1421.3020833333333,2229.59,371.2994408124224,0.9238795325112867,0.38268343236508984,6,1
2026-09-13 04:45:00+00:00,urn:ngsi-ld:Building:PUNE:BLD-PHOENIX-01,1177.32,16.1,0,1242.04,1192.48,1101.31,1330.38,1484.57,1383.3545833333335,2229.59,346.6249468552425,0.9469301294951056,0.3214394653031617,6,1
2026-09-13 05:00:00+00:00,urn:ngsi-ld:Building:PUNE:BLD-PHOENIX-01,1227.56,16.6,0,1256.7,1191.71,1138.11,1286.91,1224.56,1339.51,2102.95,298.0825072824598,0.9659258262890683,0.25881904510252074,6,1
2026-09-13 05:15:00+00:00,urn:ngsi-ld:Building:PUNE:BLD-PHOENIX-01,1344.23,16.3,0,1160.23,1248.2,1136.06,1324.77,1270.15,1305.0670833333334,2102.95,256.81298544095154,0.9807852804032304,0.19509032201612833,6,1
2026-09-13 05:30:00+00:00,urn:ngsi-ld:Building:PUNE:BLD-PHOENIX-01,1207.43,17.5,0,1215.93,1170.64,1150.83,1151.83,1244.93,1273.45375,2068.02,193.1262073677558,0.9914448613738104,0.1305261922200517,6,1
2026-09-13 05:45:00+00:00,urn:ngsi-ld:Building:PUNE:BLD-PHOENIX-01,1242.04,17.8,0,1184.01,1177.32,1192.48,1101.31,1191.39,1237.5958333333333,1439.14,93.25339037609851,0.9978589232386035,0.06540312923014327,6,1
2026-09-13 06:00:00+00:00,urn:ngsi-ld:Building:PUNE:BLD-PHOENIX-01,1256.7,17.7,0,1334.14,1227.56,1191.71,1138.11,1301.16,1232.13,1439.14,88.69128401844146,1.0,6.123233995736766e-17,6,1
2026-09-13 06:15:00+00:00,urn:ngsi-ld:Building:PUNE:BLD-PHOENIX-01,1160.23,18.3,0,1325.55,1344.23,1248.2,1136.06,1220.08,1234.1195833333334,1439.14,88.6842662127967,0.9978589232386035,-0.06540312923014314,6,1
2026-09-13 06:30:00+00:00,urn:ngsi-ld:Building:PUNE:BLD-PHOENIX-01,1215.93,18.3,0,1175.23,1207.43,1170.64,1150.83,1172.38,1222.4983333333334,1407.6,78.3186620918298,0.9914448613738104,-0.1305261922200516,6,1
2026-09-13 06:45:00+00:00,urn:ngsi-ld:Building:PUNE:BLD-PHOENIX-01,1184.01,20.1,0,1207.62,1242.04,1177.32,1192.48,1178.73,1223.7150000000001,1407.6,77.96485769083904,0.9807852804032304,-0.1950903220161282,6,1
2026-09-13 07:00:00+00:00,urn:ngsi-ld:Building:PUNE:BLD-PHOENIX-01,1334.14,21.9,0,2064.39,1256.7,1227.56,1191.71,1334.25,1214.39875,1344.23,67.722487197774,0.9659258262890683,-0.25881904510252063,6,1
2026-09-13 07:15:00+00:00,urn:ngsi-ld:Building:PUNE:BLD-PHOENIX-01,1325.55,21.7,0,2175.49,1160.23,1344.23,1248.2,1298.7,1221.87375,1344.23,70.68715422375385,0.9469301294951057,-0.3214394653031616,6,1
2026-09-13 07:30:00+00:00,urn:ngsi-ld:Building:PUNE:BLD-PHOENIX-01,1175.23,22.7,0,2125.9,1215.93,1207.43,1170.64,1200.92,1222.6829166666666,1344.23,71.79603716057673,0.9238795325112868,-0.3826834323650895,6,1
2026-09-13 07:45:00+00:00,urn:ngsi-ld:Building:PUNE:BLD-PHOENIX-01,1207.62,20.6,0,1945.94,1184.01,1242.04,1177.32,1286.98,1219.7333333333333,1344.23,72.24830093764089,0.8968727415326884,-0.44228869021900113,6,1
2026-09-13 08:00:00+00:00,urn:ngsi-ld:Building:PUNE:BLD-PHOENIX-01,2064.39,23.1,0,2059.59,1334.14,1256.7,1227.56,2046.02,1214.6183333333333,1344.23,68.31255576636242,0.8660254037844387,-0.4999999999999998,6,1
2026-09-13 08:15:00+00:00,urn:ngsi-ld:Building:PUNE:BLD-PHOENIX-01,2175.49,23.5,0,1990.97,1325.55,1160.23,1344.23,2071.79,1247.0133333333333,2064.39,186.38800777021618,0.8314696123025451,-0.5555702330196023,6,1
2026-09-13 08:30:00+00:00,urn:ngsi-ld:Building:PUNE:BLD-PHOENIX-01,2125.9,24.2,0,1982.65,1175.23,1215.93,1207.43,1989.1,1282.4599999999998,2175.49,265.7964970325108,0.7933533402912352,-0.6087614290087207,6,1
2026-09-13 08:45:00+00:00,urn:ngsi-ld:Building:PUNE:BLD-PHOENIX-01,1945.94,24.1,0,1907.46,1207.62,1184.01,1242.04,1950.21,1323.04625,2175.49,314.828585407433,0.7518398074789774,-0.6593458151000688,6,1
2026-09-13 09:00:00+00:00,urn:ngsi-ld:Building:PUNE:BLD-PHOENIX-01,2059.59,26.2,0,4653.3,2064.39,1334.14,1256.7,2019.58,1358.2391666666665,2175.49,335.49421976376794,0.7071067811865476,-0.7071067811865475,6,1
2026-09-13 09:15:00+00:00,urn:ngsi-ld:Building:PUNE:BLD-PHOENIX-01,1990.97,25.5,0,4892.44,2175.49,1325.55,1160.23,1964.17,1396.6341666666667,2175.49,360.9680499641207,0.659345815100069,-0.7518398074789773,6,1
2026-09-13 09:30:00+00:00,urn:ngsi-ld:Building:PUNE:BLD-PHOENIX-01,1982.65,26.1,0,4798.96,2125.9,1175.23,1215.93,1957.87,1432.2554166666666,2175.49,376.0050696232704,0.6087614290087209,-0.793353340291235,6,1
2026-09-13 09:45:00+00:00,urn:ngsi-ld:Building:PUNE:BLD-PHOENIX-01,1907.46,26.3,0,4937.9,1945.94,1207.62,1184.01,1919.56,1466.9145833333332,2175.49,387.1096591628572,0.5555702330196025,-0.831469612302545,6,1
2026-09-13 10:00:00+00:00,urn:ngsi-ld:Building:PUNE:BLD-PHOENIX-01,4653.3,27.5,1,5010.57,2059.59,2064.39,1334.14,4485.59,1496.7054166666667,2175.49,392.5449574139209,0.49999999999999994,-0.8660254037844387,6,1
2026-09-13 10:15:00+00:00,urn:ngsi-ld:Building:PUNE:BLD-PHOENIX-01,4892.44,28.9,1,5100.55,1990.97,2175.49,1325.55,4757.27,1640.9383333333333,4653.3,749.3735772349775,0.4422886902190017,-0.8968727415326881,6,1
2026-09-13 10:30:00+00:00,urn:ngsi-ld:Building:PUNE:BLD-PHOENIX-01,4798.96,28.9,1,5085.68,1982.65,2125.9,1175.23,4851.71,1792.7816666666668,4892.44,995.2182103030561,0.3826834323650899,-0.9238795325112867,6,1
2026-09-13 10:45:00+00:00,urn:ngsi-ld:Building:PUNE:BLD-PHOENIX-01,4937.9,29.2,1,5026.81,1907.46,1945.94,1207.62,4897.44,1943.9616666666668,4892.44,1158.7489896160478,0.32143946530316175,-0.9469301294951056,6,1
2026-09-13 11:00:00+00:00,urn:ngsi-ld:Building:PUNE:BLD-PHOENIX-01,5010.57,30.2,1,5276.44,4653.3,2059.59,2064.39,5073.85,2100.6525,4937.9,1296.630431847664,0.258819045102521,-0.9659258262890682,6,1
2026-09-13 11:15:00+00:00,urn:ngsi-ld:Building:PUNE:BLD-PHOENIX-01,5100.55,30.9,1,5209.4,4892.44,1990.97,2175.49,4981.29,2258.2779166666664,5010.57,1410.7936678090944,0.19509032201612816,-0.9807852804032304,6,1
2026-09-13 11:30:00+00:00,urn:ngsi-ld:Building:PUNE:BLD-PHOENIX-01,5085.68,31.2,1,5247.88,4798.96,1982.65,2125.9,5071.76,2414.7912499999998,5100.55,1509.8647307603444,0.130526192220052,-0.9914448613738104,6,1
2026-09-13 11:45:00+00:00,urn:ngsi-ld:Building:PUNE:BLD-PHOENIX-01,5026.81,30.1,1,5260.97,4937.9,1907.46,1945.94,5092.19,2576.3849999999998,5100.55,1580.8931045649028,0.06540312923014312,-0.9978589232386035,6,1
2026-09-13 12:00:00+00:00,urn:ngsi-ld:Building:PUNE:BLD-PHOENIX-01,5276.44,32.0,1,5307.02,5010.57,4653.3,2059.59,5188.4,2734.08375,5100.55,1630.0090929189198,1.2246467991473532e-16,-1.0,6,1
2026-09-13 12:15:00+00:00,urn:ngsi-ld:Building:PUNE:BLD-PHOENIX-01,5209.4,32.2,1,5454.72,5100.55,4892.44,1990.97,5310.37,2901.5729166666665,5276.44,1677.4337470658754,-0.06540312923014287,-0.9978589232386035,6,1
2026-09-13 12:30:00+00:00,urn:ngsi-ld:Building:PUNE:BLD-PHOENIX-01,5247.88,31.7,1,5386.2,5085.68,4798.96,1982.65,5291.8,3070.2883333333334,5276.44,1698.1788804831,-0.13052619222005177,-0.9914448613738104,6,1
2026-09-13 12:45:00+00:00,urn:ngsi-ld:Building:PUNE:BLD-PHOENIX-01,5260.97,32.8,1,5411.04,5026.81,4937.9,1907.46,5099.71,3238.2862499999997,5276.44,1706.172504798035,-0.19509032201612792,-0.9807852804032305,6,1
2026-09-13 13:00:00+00:00,urn:ngsi-ld:Building:PUNE:BLD-PHOENIX-01,5307.02,33.4,1,5112.59,5276.44,5010.57,4653.3,5271.7,3408.1595833333336,5276.44,1695.6747794609134,-0.2588190451025208,-0.9659258262890683,6,1
2026-09-13 13:15:00+00:00,urn:ngsi-ld:Building:PUNE:BLD-PHOENIX-01,5454.72,32.6,1,5357.77,5209.4,5100.55,4892.44,5337.13,3573.6962500000004,5307.02,1678.2321750135006,-0.32143946530316153,-0.9469301294951057,6,1
2026-09-13 13:30:00+00:00,urn:ngsi-ld:Building:PUNE:BLD-PHOENIX-01,5386.2,33.7,1,5521.85,5247.88,5085.68,4798.96,5319.19,3745.7450000000003,5454.72,1649.1410757065669,-0.38268343236508967,-0.9238795325112868,6,1
2026-09-13 13:45:00+00:00,urn:ngsi-ld:Building:PUNE:BLD-PHOENIX-01,5411.04,33.5,1,5272.5,5260.97,5026.81,4937.9,5378.14,3921.2020833333336,5454.72,1586.5881543082091,-0.44228869021900147,-0.8968727415326883,6,1
2026-09-13 14:00:00+00:00,urn:ngsi-ld:Building:PUNE:BLD-PHOENIX-01,5112.59,31.8,1,5379.54,5307.02,5276.44,5010.57,5475.56,4096.344583333333,5454.72,1503.863389228123,-0.4999999999999997,-0.8660254037844388,6,1
2026-09-13 14:15:00+00:00,urn:ngsi-ld:Building:PUNE:BLD-PHOENIX-01,5357.77,33.4,1,5338.02,5454.72,5209.4,5100.55,5485.42,4223.352916666667,5454.72,1452.6390626552775,-0.555570233019602,-0.8314696123025455,6,1
2026-09-13 14:30:00+00:00,urn:ngsi-ld:Building:PUNE:BLD-PHOENIX-01,5521.85,33.6,1,5302.09,5386.2,5247.88,5085.68,5378.91,4355.947916666667,5454.72,1401.9379574902753,-0.6087614290087207,-0.7933533402912352,6,1
2026-09-13 14:45:00+00:00,urn:ngsi-ld:Building:PUNE:BLD-PHOENIX-01,5272.5,33.3,1,5312.38,5411.04,5260.97,5026.81,5429.43,4497.445833333333,5521.85,1336.9430567397053,-0.6593458151000688,-0.7518398074789774,6,1
2026-09-13 15:00:00+00:00,urn:ngsi-ld:Building:PUNE:BLD-PHOENIX-01,5379.54,33.6,1,5345.92,5112.59,5307.02,5276.44,5353.62,4636.0525,5521.85,1228.9979746834827,-0.7071067811865471,-0.7071067811865479,6,1
2026-09-13 15:15:00+00:00,urn:ngsi-ld:Building:PUNE:BLD-PHOENIX-01,5338.02,33.2,1,5336.41,5357.77,5454.72,5209.4,5365.76,4774.38375,5521.85,1107.197604533781,-0.7518398074789773,-0.6593458151000691,6,1
2026-09-13 15:30:00+00:00,urn:ngsi-ld:Building:PUNE:BLD-PHOENIX-01,5302.09,34.5,1,5221.82,5521.85,5386.2,5247.88,5459.14,4913.844166666667,5521.85,939.44717895764,-0.7933533402912349,-0.6087614290087209,6,1
2026-09-13 15:45:00+00:00,urn:ngsi-ld:Building:PUNE:BLD-PHOENIX-01,5312.38,32.8,1,5198.7,5272.5,5411.04,5260.97,5119.83,5052.154166666666,5521.85,703.9832904756056,-0.8314696123025452,-0.5555702330196022,6,1
2026-09-13 16:00:00+00:00,urn:ngsi-ld:Building:PUNE:BLD-PHOENIX-01,5345.92,32.3,1,5182.75,5379.54,5112.59,5307.02,5355.32,5194.025833333333,5521.85,218.11258484751036,-0.8660254037844385,-0.5000000000000004,6,1
2026-09-13 16:15:00+00:00,urn:ngsi-ld:Building:PUNE:BLD-PHOENIX-01,5336.41,33.0,1,5061.48,5338.02,5357.77,5454.72,5217.02,5222.885,5521.85,187.06895582860548,-0.8968727415326883,-0.44228869021900136,6,1
2026-09-13 16:30:00+00:00,urn:ngsi-ld:Building:PUNE:BLD-PHOENIX-01,5221.82,32.1,1,4838.91,5302.09,5521.85,5386.2,5182.75,5241.38375,5521.85,174.5007044912917,-0.9238795325112868,-0.3826834323650895,6,1
2026-09-13 16:45:00+00:00,urn:ngsi-ld:Building:PUNE:BLD-PHOENIX-01,5198.7,31.8,1,5108.9,5312.38,5272.5,5411.04,5217.67,5259.002916666667,5521.85,147.0810084238336,-0.9469301294951056,-0.3214394653031618,6,1
2026-09-13 17:00:00+00:00,urn:ngsi-ld:Building:PUNE:BLD-PHOENIX-01,5182.75,31.4,1,4869.13,5345.92,5379.54,5112.59,5158.28,5269.869583333334,5521.85,131.09078531877694,-0.9659258262890683,-0.25881904510252063,6,1
2026-09-13 17:15:00+00:00,urn:ngsi-ld:Building:PUNE:BLD-PHOENIX-01,5061.48,31.6,1,4977.28,5336.41,5338.02,5357.77,5403.52,5277.04375,5521.85,120.57264845276492,-0.9807852804032303,-0.19509032201612866,6,1
2026-09-13 17:30:00+00:00,urn:ngsi-ld:Building:PUNE:BLD-PHOENIX-01,4838.91,30.1,1,4944.02,5221.82,5302.09,5521.85,5146.26,5275.4158333333335,5521.85,123.29227303688754,-0.9914448613738104,-0.13052619222005163,6,1
2026-09-13 17:45:00+00:00,urn:ngsi-ld:Building:PUNE:BLD-PHOENIX-01,5108.9,30.8,1,4668.2,5198.7,5312.38,5272.5,4960.54,5265.13375,5521.85,147.68105939063406,-0.9978589232386035,-0.06540312923014273,6,1
2026-09-13 18:00:00+00:00,urn:ngsi-ld:Building:PUNE:BLD-PHOENIX-01,4869.13,30.1,1,5006.9,5182.75,5345.92,5379.54,4944.78,5268.554166666667,5521.85,142.79096682911586,-1.0,-1.8369701987210297e-16,6,1
2026-09-13 18:15:00+00:00,urn:ngsi-ld:Building:PUNE:BLD-PHOENIX-01,4977.28,30.3,1,4829.55,5061.48,5336.41,5338.02,4912.33,5251.582916666667,5521.85,164.38527167395344,-0.9978589232386036,0.06540312923014237,6,1
2026-09-13 18:30:00+00:00,urn:ngsi-ld:Building:PUNE:BLD-PHOENIX-01,4944.02,28.9,1,4705.91,4838.91,5221.82,5302.09,4897.05,5241.91125,5521.85,173.5480897973378,-0.9914448613738105,0.13052619222005127,6,1
2026-09-13 18:45:00+00:00,urn:ngsi-ld:Building:PUNE:BLD-PHOENIX-01,4668.2,27.6,1,4750.68,5108.9,5198.7,5312.38,4666.99,5229.250416666667,5521.85,183.87047164599076,-0.9807852804032304,0.1950903220161283,6,1
2026-09-13 19:00:00+00:00,urn:ngsi-ld:Building:PUNE:BLD-PHOENIX-01,5006.9,27.7,1,4802.08,4869.13,5182.75,5345.92,4809.75,5204.551666666667,5521.85,216.36551380092993,-0.9659258262890684,0.2588190451025203,6,1
2026-09-13 19:15:00+00:00,urn:ngsi-ld:Building:PUNE:BLD-PHOENIX-01,4829.55,27.2,1,4398.23,4977.28,5061.48,5336.41,4806.01,5192.046666666666,5521.85,218.84441955653298,-0.9469301294951057,0.3214394653031615,6,1
2026-09-13 19:30:00+00:00,urn:ngsi-ld:Building:PUNE:BLD-PHOENIX-01,4705.91,27.2,1,4712.13,4944.02,4838.91,5221.82,4691.58,5165.997916666666,5521.85,223.3789814950206,-0.923879532511287,0.38268343236508917,6,1
2026-09-13 19:45:00+00:00,urn:ngsi-ld:Building:PUNE:BLD-PHOENIX-01,4750.68,25.3,1,4717.93,4668.2,5108.9,5198.7,4684.45,5137.6525,5521.85,236.97062060154465,-0.8968727415326884,0.442288690219001,6,1
2026-09-13 20:00:00+00:00,urn:ngsi-ld:Building:PUNE:BLD-PHOENIX-01,4802.08,24.3,1,4525.93,5006.9,4869.13,5182.75,4418.36,5110.1375,5521.85,242.12859598465045,-0.8660254037844386,0.5000000000000001,6,1
2026-09-13 20:15:00+00:00,urn:ngsi-ld:Building:PUNE:BLD-PHOENIX-01,4398.23,24.7,1,4653.0,4829.55,4977.28,5061.48,4722.29,5097.199583333333,5521.85,250.15473184622314,-0.8314696123025455,0.5555702330196018,6,1
2026-09-13 20:30:00+00:00,urn:ngsi-ld:Building:PUNE:BLD-PHOENIX-01,4712.13,23.8,1,4766.59,4705.91,4944.02,4838.91,4726.11,5057.21875,5521.85,281.42326890468223,-0.7933533402912357,0.6087614290087199,6,1
2026-09-13 20:45:00+00:00,urn:ngsi-ld:Building:PUNE:BLD-PHOENIX-01,4717.93,23.2,1,4679.75,4750.68,4668.2,5108.9,4772.37,5023.480416666666,5379.54,271.6666546000376,-0.7518398074789772,0.6593458151000691,6,1
2026-09-13 21:00:00+00:00,urn:ngsi-ld:Building:PUNE:BLD-PHOENIX-01,4525.93,22.2,1,4502.11,4802.08,5006.9,4869.13,4694.42,5000.373333333333,5379.54,273.1458876906927,-0.7071067811865477,0.7071067811865474,6,1
2026-09-13 21:15:00+00:00,urn:ngsi-ld:Building:PUNE:BLD-PHOENIX-01,4653.0,22.1,1,2051.13,4398.23,4829.55,4977.28,4792.65,4964.806250000001,5345.92,277.17270119068917,-0.6593458151000687,0.7518398074789775,6,1
2026-09-13 21:30:00+00:00,urn:ngsi-ld:Building:PUNE:BLD-PHOENIX-01,4766.59,21.3,1,2105.03,4712.13,4705.91,4944.02,4606.45,4936.26375,5345.92,272.297048121674,-0.608761429008721,0.7933533402912349,6,1
2026-09-13 21:45:00+00:00,urn:ngsi-ld:Building:PUNE:BLD-PHOENIX-01,4679.75,20.4,1,1754.5,4717.93,4750.68,4668.2,4796.86,4913.95125,5345.92,262.79126185450144,-0.555570233019603,0.8314696123025447,6,1
2026-09-13 22:00:00+00:00,urn:ngsi-ld:Building:PUNE:BLD-PHOENIX-01,4502.11,20.4,1,2040.86,4525.93,4802.08,5006.9,4622.19,4887.591666666666,5345.92,252.6203184307892,-0.5000000000000004,0.8660254037844384,6,1
2026-09-13 22:15:00+00:00,urn:ngsi-ld:Building:PUNE:BLD-PHOENIX-01,2051.13,19.0,0,1966.33,4653.0,4398.23,4829.55,2132.53,4852.432916666667,5336.41,244.651973831877,-0.4422886902190014,0.8968727415326883,6,1
2026-09-13 22:30:00+00:00,urn:ngsi-ld:Building:PUNE:BLD-PHOENIX-01,2105.03,20.4,0,2130.39,4766.59,4712.13,4705.91,2081.38,4715.54625,5221.82,609.3477880475,-0.38268343236508956,0.9238795325112868,6,1
2026-09-13 22:45:00+00:00,urn:ngsi-ld:Building:PUNE:BLD-PHOENIX-01,1754.5,17.7,0,1209.52,4679.75,4717.93,4750.68,2229.59,4585.68,5198.7,799.2856829586135,-0.32143946530316186,0.9469301294951056,6,1
2026-09-13 23:00:00+00:00,urn:ngsi-ld:Building:PUNE:BLD-PHOENIX-01,2040.86,18.7,0,1301.55,4502.11,4525.93,4802.08,2054.19,4442.171666666666,5182.75,974.4394183086132,-0.25881904510252157,0.9659258262890681,6,1
2026-09-13 23:15:00+00:00,urn:ngsi-ld:Building:PUNE:BLD-PHOENIX-01,1966.33,18.4,0,1342.53,2051.13,4653.0,4398.23,2102.95,4311.2595833333335,5108.9,1076.34183648165,-0.19509032201612872,0.9807852804032303,6,1
2026-09-13 23:30:00+00:00,urn:ngsi-ld:Building:PUNE:BLD-PHOENIX-01,2130.39,17.5,0,1123.8,2105.03,4766.59,4712.13,2068.02,4182.295,5108.9,1164.3708802013514,-0.13052619222005168,0.9914448613738104,6,1
2026-09-13 23:45:00+00:00,urn:ngsi-ld:Building:PUNE:BLD-PHOENIX-01,1209.52,16.6,0,1192.56,1754.5,4679.75,4717.93,1373.22,4069.44,5108.9,1227.5102128221201,-0.0654031292301428,0.9978589232386035,6,1
2026-09-14 00:00:00+00:00,urn:ngsi-ld:Building:PUNE:BLD-PHOENIX-01,1301.55,16.5,0,1243.75,2040.86,4502.11,4525.93,1208.95,3906.9658333333336,5006.9,1337.11381613994,0.0,1.0,0,0
2026-09-14 00:15:00+00:00,urn:ngsi-ld:Building:PUNE:BLD-PHOENIX-01,1342.53,16.1,0,1213.27,1966.33,2051.13,4653.0,1439.14,3758.316666666666,5006.9,1421.1630449118707,0.06540312923014306,0.9978589232386035,0,0
2026-09-14 00:30:00+00:00,urn:ngsi-ld:Building:PUNE:BLD-PHOENIX-01,1123.8,15.5,0,1246.22,2130.39,2105.03,4766.59,1186.73,3606.8687499999996,5006.9,1478.1433639486106,0.13052619222005157,0.9914448613738104,0,0
2026-09-14 00:45:00+00:00,urn:ngsi-ld:Building:PUNE:BLD-PHOENIX-01,1192.56,16.7,0,1100.0,1209.52,1754.5,4679.75,1407.6,3447.6929166666664,5006.9,1532.5802305503348,0.19509032201612825,0.9807852804032304,0,0
2026-09-14 01:00:00+00:00,urn:ngsi-ld:Building:PUNE:BLD-PHOENIX-01,1243.75,14.9,0,1236.01,1301.55,2040.86,4502.11,1154.74,3302.874583333333,5006.9,1575.8379453483792,0.25881904510252074,0.9659258262890683,0,0
2026-09-14 01:15:00+00:00,urn:ngsi-ld:Building:PUNE:BLD-PHOENIX-01,1213.27,15.0,0,1119.08,1342.53,1966.33,2051.13,1306.13,3146.0766666666664,4829.55,1586.099092783145,0.3214394653031616,0.9469301294951057,0,0
2026-09-14 01:30:00+00:00,urn:ngsi-ld:Building:PUNE:BLD-PHOENIX-01,1246.22,14.8,0,1186.13,1123.8,2130.39,2105.03,1246.02,2995.398333333333,4802.08,1590.981399917684,0.3826834323650898,0.9238795325112867,0,0
2026-09-14 01:45:00+00:00,urn:ngsi-ld:Building:PUNE:BLD-PHOENIX-01,1100.0,14.8,0,1194.35,1192.56,1209.52,1754.5,1330.38,2851.244583333333,4802.08,1585.9868568866461,0.44228869021900125,0.8968727415326884,0,0
2026-09-14 02:00:00+00:00,urn:ngsi-ld:Building:PUNE:BLD-PHOENIX-01,1236.01,15.7,0,1188.21,1243.75,1301.55,2040.86,1286.91,2699.132916666667,4802.08,1570.8878797105565,0.49999999999999994,0.8660254037844387,0,0
2026-09-14 02:15:00+00:00,urn:ngsi-ld:Building:PUNE:BLD-PHOENIX-01,1119.08,14.9,0,1226.67,1213.27,1342.53,1966.33,1324.77,2550.5466666666666,4766.59,1531.4856962487308,0.5555702330196022,0.8314696123025452,0,0
2026-09-14 02:30:00+00:00,urn:ngsi-ld:Building:PUNE:BLD-PHOENIX-01,1186.13,14.2,0,1100.0,1246.22,1123.8,2130.39,1151.83,2413.9154166666663,4766.59,1505.5324469637487,0.6087614290087207,0.7933533402912352,0,0
2026-09-14 02:45:00+00:00,urn:ngsi-ld:Building:PUNE:BLD-PHOENIX-01,1194.35,15.4,0,1100.0,1100.0,1192.56,1209.52,1101.31,2266.99875,4766.59,1442.221737390849,0.6593458151000688,0.7518398074789774,0,0
2026-09-14 03:00:00+00:00,urn:ngsi-ld:Building:PUNE:BLD-PHOENIX-01,1188.21,15.0,0,1172.9,1236.01,1243.75,1301.55,1138.11,2120.1829166666666,4766.59,1358.8082283046688,0.7071067811865476,0.7071067811865476,0,0
2026-09-14 03:15:00+00:00,urn:ngsi-ld:Building:PUNE:BLD-PHOENIX-01,1226.67,14.4,0,1180.26,1119.08,1213.27,1342.53,1136.06,1981.11125,4766.59,1269.7662851581829,0.7518398074789774,0.6593458151000688,0,0
2026-09-14 03:30:00+00:00,urn:ngsi-ld:Building:PUNE:BLD-PHOENIX-01,1100.0,15.6,0,1153.29,1186.13,1246.22,1123.8,1150.83,1838.3474999999999,4766.59,1142.5388210139145,0.7933533402912352,0.6087614290087207,0,0
2026-09-14 03:45:00+00:00,urn:ngsi-ld:Building:PUNE:BLD-PHOENIX-01,1100.0,14.2,0,1288.34,1194.35,1100.0,1192.56,1192.48,1685.5729166666667,4679.75,965.367133484879,0.8314696123025451,0.5555702330196024,0,0
2026-09-14 04:00:00+00:00,urn:ngsi-ld:Building:PUNE:BLD-PHOENIX-01,1172.9,14.6,0,1154.74,1188.21,1236.01,1243.75,1191.71,1536.4166666666667,4502.11,730.6439180295488,0.8660254037844386,0.5000000000000001,0,0
2026-09-14 04:15:00+00:00,urn:ngsi-ld:Building:PUNE:BLD-PHOENIX-01,1180.26,14.5,0,1141.78,1226.67,1119.08,1213.27,1248.2,1397.6995833333333,2130.39,370.2714293768917,0.8968727415326884,0.44228869021900125,0,0
2026-09-14 04:30:00+00:00,urn:ngsi-ld:Building:PUNE:BLD-PHOENIX-01,1153.29,14.6,0,1332.48,1100.0,1186.13,1246.22,1170.64,1361.4133333333334,2130.39,345.2805714155445,0.9238795325112867,0.38268343236508984,0,0
2026-09-14 04:45:00+00:00,urn:ngsi-ld:Building:PUNE:BLD-PHOENIX-01,1288.34,16.8,0,1309.91,1100.0,1194.35,1100.0,1177.32,1321.7575,2130.39,308.89966086154493,0.9469301294951056,0.3214394653031617,0,0
2026-09-14 05:00:00+00:00,urn:ngsi-ld:Building:PUNE:BLD-PHOENIX-01,1154.74,16.6,0,1252.33,1172.9,1188.21,1236.01,1227.56,1302.3341666666668,2130.39,294.8421307855683,0.9659258262890683,0.25881904510252074,0,0
2026-09-14 05:15:00+00:00,urn:ngsi-ld:Building:PUNE:BLD-PHOENIX-01,1141.78,15.9,0,1230.89,1180.26,1226.67,1119.08,1344.23,1265.4125,2130.39,250.48473807961062,0.9807852804032304,0.19509032201612833,0,0
2026-09-14 05:30:00+00:00,urn:ngsi-ld:Building:PUNE:BLD-PHOENIX-01,1332.48,17.3,0,1100.0,1153.29,1100.0,1186.13,1207.43,1231.0562499999999,2130.39,202.02788222993001,0.9914448613738104,0.1305261922200517,0,0
2026-09-14 05:45:00+00:00,urn:ngsi-ld:Building:PUNE:BLD-PHOENIX-01,1309.91,18.3,0,1365.12,1288.34,1100.0,1194.35,1242.04,1197.8100000000002,1342.53,70.31270755289195,0.9978589232386035,0.06540312923014327,0,0
2026-09-14 06:00:00+00:00,urn:ngsi-ld:Building:PUNE:BLD-PHOENIX-01,1252.33,17.8,0,1188.84,1154.74,1172.9,1188.21,1256.7,1201.9929166666668,1342.53,73.93255748505467,1.0,6.123233995736766e-17,0,0
2026-09-14 06:15:00+00:00,urn:ngsi-ld:Building:PUNE:BLD-PHOENIX-01,1230.89,18.5,0,1228.79,1141.78,1180.26,1226.67,1160.23,1199.9420833333334,1342.53,71.69979606861426,0.9978589232386035,-0.06540312923014314,0,0
2026-09-14 06:30:00+00:00,urn:ngsi-ld:Building:PUNE:BLD-PHOENIX-01,1100.0,20.5,0,1306.55,1332.48,1153.29,1100.0,1215.93,1195.2904166666665,1332.48,65.39078012874596,0.9914448613738104,-0.1305261922200516,0,0
2026-09-14 06:45:00+00:00,urn:ngsi-ld:Building:PUNE:BLD-PHOENIX-01,1365.12,19.7,0,1298.3,1309.91,1288.34,1100.0,1184.01,1194.29875,1332.48,66.68965341207576,0.9807852804032304,-0.1950903220161282,0,0
2026-09-14 07:00:00+00:00,urn:ngsi-ld:Building:PUNE:BLD-PHOENIX-01,1188.84,19.5,0,2058.22,1252.33,1154.74,1172.9,1334.14,1201.4887500000002,1365.12,75.24709928285476,0.9659258262890683,-0.25881904510252063,0,0
2026-09-14 07:15:00+00:00,urn:ngsi-ld:Building:PUNE:BLD-PHOENIX-01,1228.79,20.6,0,2018.4,1230.89,1141.78,1180.26,1325.55,1199.2008333333333,1365.12,74.73932815545429,0.9469301294951057,-0.3214394653031616,0,0
2026-09-14 07:30:00+00:00,urn:ngsi-ld:Building:PUNE:BLD-PHOENIX-01,1306.55,20.6,0,2059.09,1100.0,1332.48,1153.29,1175.23,1199.8475,1365.12,74.93324160722247,0.9238795325112868,-0.3826834323650895,0,0
2026-09-14 07:45:00+00:00,urn:ngsi-ld:Building:PUNE:BLD-PHOENIX-01,1298.3,22.5,0,2067.13,1365.12,1309.91,1288.34,1207.62,1202.36125,1365.12,77.52366995091067,0.8968727415326884,-0.44228869021900113,0,0
2026-09-14 08:00:00+00:00,urn:ngsi-ld:Building:PUNE:BLD-PHOENIX-01,2058.22,22.2,0,1936.09,1188.84,1252.33,1154.74,2064.39,1210.62375,1365.12,76.70273243846964,0.8660254037844387,-0.4999999999999998,0,0
2026-09-14 08:15:00+00:00,urn:ngsi-ld:Building:PUNE:BLD-PHOENIX-01,2018.4,22.8,0,2007.79,1228.79,1230.89,1141.78,2175.49,1244.8825,2058.22,189.38380230639615,0.8314696123025451,-0.5555702330196023,0,0
2026-09-14 08:30:00+00:00,urn:ngsi-ld:Building:PUNE:BLD-PHOENIX-01,2059.09,25.3,0,2104.95,1306.55,1100.0,1332.48,2125.9,1282.3541666666667,2058.22,244.39163151740493,0.7933533402912352,-0.6087614290087207,0,0
2026-09-14 08:45:00+00:00,urn:ngsi-ld:Building:PUNE:BLD-PHOENIX-01,2067.13,23.9,0,1945.6,1298.3,1365.12,1309.91,1945.94,1318.7275,2059.09,290.129970818828,0.7518398074789774,-0.6593458151000688,0,0
2026-09-14 09:00:00+00:00,urn:ngsi-ld:Building:PUNE:BLD-PHOENIX-01,1936.09,24.4,0,4411.57,2058.22,1188.84,1252.33,2059.59,1355.0933333333335,2067.13,326.30549614500234,0.7071067811865476,-0.7071067811865475,0,0
2026-09-14 09:15:00+00:00,urn:ngsi-ld:Building:PUNE:BLD-PHOENIX-01,2007.79,25.2,0,4418.4,2018.4,1228.79,1230.89,1990.97,1386.255,2067.13,344.8587145609628,0.659345815100069,-0.7518398074789773,0,0
2026-09-14 09:30:00+00:00,urn:ngsi-ld:Building:PUNE:BLD-PHOENIX-01,2104.95,27.0,0,4548.57,2059.09,1306.55,1100.0,1982.65,1418.8016666666665,2067.13,365.39132036358785,0.6087614290087209,-0.793353340291235,0,0
2026-09-14 09:45:00+00:00,urn:ngsi-ld:Building:PUNE:BLD-PHOENIX-01,1945.6,27.4,0,4778.87,2067.13,1298.3,1365.12,1907.46,1460.6745833333334,2104.95,384.3590732858476,0.5555702330196025,-0.831469612302545,0,0
2026-09-14 10:00:00+00:00,urn:ngsi-ld:Building:PUNE:BLD-PHOENIX-01,4411.57,27.3,1,4770.25,1936.09,2058.22,1188.84,4653.3,1495.9079166666668,2104.95,388.59316123200966,0.49999999999999994,-0.8660254037844387,0,0
2026-09-14 10:15:00+00:00,urn:ngsi-ld:Building:PUNE:BLD-PHOENIX-01,4418.4,27.8,1,4624.54,2007.79,2018.4,1228.79,4892.44,1630.8525,4411.57,705.0383008482534,0.4422886902190017,-0.8968727415326881,0,0
2026-09-14 10:30:00+00:00,urn:ngsi-ld:Building:PUNE:BLD-PHOENIX-01,4548.57,29.0,1,4622.28,2104.95,2059.09,1306.55,4798.96,1765.7750000000003,4418.4,898.3876051692222,0.3826834323650899,-0.9238795325112867,0,0
2026-09-14 10:45:00+00:00,urn:ngsi-ld:Building:PUNE:BLD-PHOENIX-01,4778.87,29.4,1,4758.82,1945.6,2067.13,1298.3,4937.9,1907.2450000000001,4548.57,1051.950290712631,0.32143946530316175,-0.9469301294951056,0,0
2026-09-14 11:00:00+00:00,urn:ngsi-ld:Building:PUNE:BLD-PHOENIX-01,4770.25,29.7,1,5033.39,4411.57,1936.09,2058.22,5010.57,2052.6837499999997,4778.87,1194.3219824136986,0.258819045102521,-0.9659258262890682,0,0
2026-09-14 11:15:00+00:00,urn:ngsi-ld:Building:PUNE:BLD-PHOENIX-01,4624.54,30.6,1,4892.31,4418.4,2007.79,2018.4,5100.55,2203.33,4778.87,1299.523579393602,0.19509032201612816,-0.9807852804032304,0,0
2026-09-14 11:30:00+00:00,urn:ngsi-ld:Building:PUNE:BLD-PHOENIX-01,4622.28,30.1,1,4814.16,4548.57,2104.95,2059.09,5085.68,2348.445,4778.87,1368.4565093310043,0.130526192220052,-0.9914448613738104,0,0
2026-09-14 11:45:00+00:00,urn:ngsi-ld:Building:PUNE:BLD-PHOENIX-01,4758.82,30.6,1,5003.99,4778.87,1945.6,2067.13,5026.81,2485.52,4778.87,1425.8281408024995,0.06540312923014312,-0.9978589232386035,0,0
2026-09-14 12:00:00+00:00,urn:ngsi-ld:Building:PUNE:BLD-PHOENIX-01,5033.39,31.9,1,5277.53,4770.25,4411.57,1936.09,5276.44,2629.224583333333,4778.87,1475.1401591005142,1.2246467991473532e-16,-1.0,0,0
2026-09-14 12:15:00+00:00,urn:ngsi-ld:Building:PUNE:BLD-PHOENIX-01,4892.31,32.1,1,5002.29,4624.54,4418.4,2007.79,5209.4,2786.7687499999997,5033.39,1522.831658129909,-0.06540312923014287,-0.9978589232386035,0,0
2026-09-14 12:30:00+00:00,urn:ngsi-ld:Building:PUNE:BLD-PHOENIX-01,4814.16,31.0,1,5015.87,4622.28,4548.57,2104.95,5247.88,2939.3279166666666,5033.39,1543.4480885031865,-0.13052619222005177,-0.9914448613738104,0,0
2026-09-14 12:45:00+00:00,urn:ngsi-ld:Building:PUNE:BLD-PHOENIX-01,5003.99,32.5,1,5070.55,4758.82,4778.87,1945.6,5260.97,3094.0845833333333,5033.39,1537.1969574576924,-0.19509032201612792,-0.9807852804032305,0,0
2026-09-14 13:00:00+00:00,urn:ngsi-ld:Building:PUNE:BLD-PHOENIX-01,5277.53,34.0,1,5009.39,5033.39,4770.25,4411.57,5307.02,3245.704166666667,5033.39,1538.7051218388688,-0.2588190451025208,-0.9659258262890683,0,0
2026-09-14 13:15:00+00:00,urn:ngsi-ld:Building:PUNE:BLD-PHOENIX-01,5002.29,33.5,1,5187.46,4892.31,4624.54,4418.4,5454.72,3416.06625,5277.53,1527.3759490759778,-0.32143946530316153,-0.9469301294951057,0,0
2026-09-14 13:30:00+00:00,urn:ngsi-ld:Building:PUNE:BLD-PHOENIX-01,5015.87,32.9,1,4973.32,4814.16,4622.28,4548.57,5386.2,3573.2954166666664,5277.53,1486.0920709465613,-0.38268343236508967,-0.9238795325112868,0,0
2026-09-14 13:45:00+00:00,urn:ngsi-ld:Building:PUNE:BLD-PHOENIX-01,5070.55,32.9,1,5206.98,5003.99,4758.82,4778.87,5411.04,3727.8504166666667,5277.53,1432.0006450158796,-0.44228869021900147,-0.8968727415326883,0,0
2026-09-14 14:00:00+00:00,urn:ngsi-ld:Building:PUNE:BLD-PHOENIX-01,5009.39,33.6,1,5143.52,5277.53,5033.39,4770.25,5112.59,3885.0274999999997,5277.53,1358.8935745487918,-0.4999999999999997,-0.8660254037844388,0,0
2026-09-14 14:15:00+00:00,urn:ngsi-ld:Building:PUNE:BLD-PHOENIX-01,5187.46,34.2,1,4964.49,5002.29,4892.31,4624.54,5357.77,4007.992916666666,5277.53,1319.3490443742014,-0.555570233019602,-0.8314696123025455,0,0
2026-09-14 14:30:00+00:00,urn:ngsi-ld:Building:PUNE:BLD-PHOENIX-01,4973.32,32.5,1,5069.27,5015.87,4814.16,4622.28,5521.85,4140.037083333334,5277.53,1269.198488267913,-0.6087614290087207,-0.7933533402912352,0,0
2026-09-14 14:45:00+00:00,urn:ngsi-ld:Building:PUNE:BLD-PHOENIX-01,5206.98,33.6,1,5152.72,5070.55,5003.99,4758.82,5272.5,4261.463333333333,5277.53,1198.913386568335,-0.6593458151000688,-0.7518398074789774,0,0
2026-09-14 15:00:00+00:00,urn:ngsi-ld:Building:PUNE:BLD-PHOENIX-01,5143.52,33.2,1,5217.92,5009.39,5277.53,5033.39,5379.54,4392.290416666667,5277.53,1117.609476534157,-0.7071067811865471,-0.7071067811865479,0,0
2026-09-14 15:15:00+00:00,urn:ngsi-ld:Building:PUNE:BLD-PHOENIX-01,4964.49,33.4,1,4945.43,5187.46,5002.29,4892.31,5338.02,4525.933333333333,5277.53,996.3181517081753,-0.7518398074789773,-0.6593458151000691,0,0
2026-09-14 15:30:00+00:00,urn:ngsi-ld:Building:PUNE:BLD-PHOENIX-01,5069.27,32.3,1,5121.55,4973.32,5015.87,4814.16,5302.09,4649.129166666667,5277.53,842.3048025451287,-0.7933533402912349,-0.6087614290087209,0,0
2026-09-14 15:45:00+00:00,urn:ngsi-ld:Building:PUNE:BLD-PHOENIX-01,5152.72,33.7,1,4823.27,5206.98,5070.55,5003.99,5312.38,4772.6425,5277.53,647.9236868795401,-0.8314696123025452,-0.5555702330196022,0,0
2026-09-14 16:00:00+00:00,urn:ngsi-ld:Building:PUNE:BLD-PHOENIX-01,5217.92,33.7,1,4730.71,5143.52,5009.39,5277.53,5345.92,4906.2725,5277.53,244.8814758604235,-0.8660254037844385,-0.5000000000000004,0,0
2026-09-14 16:15:00+00:00,urn:ngsi-ld:Building:PUNE:BLD-PHOENIX-01,4945.43,32.9,1,4784.07,4964.49,5187.46,5002.29,5336.41,4939.870416666667,5277.53,228.84791576941973,-0.8968727415326883,-0.44228869021900136,0,0
2026-09-14 16:30:00+00:00,urn:ngsi-ld:Building:PUNE:BLD-PHOENIX-01,5121.55,33.3,1,4753.53,5069.27,4973.32,5015.87,5221.82,4961.83,5277.53,200.1160132002073,-0.9238795325112868,-0.3826834323650895,0,0
2026-09-14 16:45:00+00:00,urn:ngsi-ld:Building:PUNE:BLD-PHOENIX-01,4823.27,31.7,1,4635.18,5152.72,5206.98,5070.55,5198.7,4985.704166666666,5277.53,182.0313950207601,-0.9469301294951056,-0.3214394653031618,0,0
2026-09-14 17:00:00+00:00,urn:ngsi-ld:Building:PUNE:BLD-PHOENIX-01,4730.71,31.7,1,4838.44,5217.92,5143.52,5009.39,5182.75,4987.554166666667,5277.53,180.0527951298552,-0.9659258262890683,-0.25881904510252063,0,0
2026-09-14 17:15:00+00:00,urn:ngsi-ld:Building:PUNE:BLD-PHOENIX-01,4784.07,31.6,1,4741.21,4945.43,4964.49,5187.46,5061.48,4985.906666666667,5277.53,182.29454077705412,-0.9807852804032303,-0.19509032201612866,0,0
2026-09-14 17:30:00+00:00,urn:ngsi-ld:Building:PUNE:BLD-PHOENIX-01,4753.53,30.9,1,4629.7,5121.55,5069.27,4973.32,4838.91,4992.55375,5277.53,171.11039581190576,-0.9914448613738104,-0.13052619222005163,0,0
2026-09-14 17:45:00+00:00,urn:ngsi-ld:Building:PUNE:BLD-PHOENIX-01,4635.18,30.1,1,4487.34,4823.27,5152.72,5206.98,5108.9,4998.0225,5277.53,160.5322104276848,-0.9978589232386035,-0.06540312923014273,0,0
2026-09-14 18:00:00+00:00,urn:ngsi-ld:Building:PUNE:BLD-PHOENIX-01,4838.44,29.7,1,4244.65,4730.71,5217.92,5143.52,4869.13,4992.870833333333,5277.53,170.23302126710283,-1.0,-1.8369701987210297e-16,0,0
2026-09-14 18:15:00+00:00,urn:ngsi-ld:Building:PUNE:BLD-PHOENIX-01,4741.21,30.1,1,4629.84,4784.07,4945.43,4964.49,4977.28,4984.747916666666,5277.53,172.84662615668103,-0.9978589232386036,0.06540312923014237,0,0
2026-09-14 18:30:00+00:00,urn:ngsi-ld:Building:PUNE:BLD-PHOENIX-01,4629.7,28.7,1,4148.12,4753.53,5121.55,5069.27,4944.02,4978.452083333334,5277.53,179.00226376953137,-0.9914448613738105,0.13052619222005127,0,0
2026-09-14 18:45:00+00:00,urn:ngsi-ld:Building:PUNE:BLD-PHOENIX-01,4487.34,28.9,1,4264.11,4635.18,4823.27,5152.72,4668.2,4970.76625,5277.53,189.98627389353692,-0.9807852804032304,0.1950903220161283,0,0
2026-09-14 19:00:00+00:00,urn:ngsi-ld:Building:PUNE:BLD-PHOENIX-01,4244.65,27.6,1,4409.52,4838.44,4730.71,5217.92,5006.9,4949.239166666666,5277.53,213.83203406083584,-0.9659258262890684,0.2588190451025203,0,0
2026-09-14 19:15:00+00:00,urn:ngsi-ld:Building:PUNE:BLD-PHOENIX-01,4629.84,27.7,1,4303.63,4741.21,4784.07,4945.43,4829.55,4906.2025,5217.92,246.35380199767457,-0.9469301294951057,0.3214394653031615,0,0
2026-09-14 19:30:00+00:00,urn:ngsi-ld:Building:PUNE:BLD-PHOENIX-01,4148.12,26.5,1,4361.95,4629.7,4753.53,5121.55,4705.91,4890.68375,5217.92,251.71049344718725,-0.923879532511287,0.38268343236508917,0,0
2026-09-14 19:45:00+00:00,urn:ngsi-ld:Building:PUNE:BLD-PHOENIX-01,4264.11,26.2,1,4244.62,4487.34,4635.18,4823.27,4750.68,4854.5275,5217.92,292.03876361599754,-0.8968727415326884,0.442288690219001,0,0
2026-09-14 20:00:00+00:00,urn:ngsi-ld:Building:PUNE:BLD-PHOENIX-01,4409.52,24.8,1,4382.26,4244.65,4838.44,4730.71,4802.08,4820.925833333334,5217.92,311.82646255106914,-0.8660254037844386,0.5000000000000001,0,0
2026-09-14 20:15:00+00:00,urn:ngsi-ld:Building:PUNE:BLD-PHOENIX-01,4303.63,24.8,1,4215.72,4629.84,4741.21,4784.07,4398.23,4795.931250000001,5217.92,319.99759510392244,-0.8314696123025455,0.5555702330196018,0,0
2026-09-14 20:30:00+00:00,urn:ngsi-ld:Building:PUNE:BLD-PHOENIX-01,4361.95,23.6,1,4089.81,4148.12,4629.7,4753.53,4712.13,4759.1050000000005,5217.92,323.8143734355976,-0.7933533402912357,0.6087614290087199,0,0
2026-09-14 20:45:00+00:00,urn:ngsi-ld:Building:PUNE:BLD-PHOENIX-01,4244.62,23.1,1,4291.08,4264.11,4487.34,4635.18,4717.93,4733.63125,5217.92,330.2141831588233,-0.7518398074789772,0.6593458151000691,0,0
2026-09-14 21:00:00+00:00,urn:ngsi-ld:Building:PUNE:BLD-PHOENIX-01,4382.26,22.6,1,4403.36,4409.52,4244.65,4838.44,4525.93,4693.532916666666,5217.92,328.66239364350747,-0.7071067811865477,0.7071067811865474,0,0
2026-09-14 21:15:00+00:00,urn:ngsi-ld:Building:PUNE:BLD-PHOENIX-01,4215.72,22.0,1,1982.32,4303.63,4629.84,4741.21,4653.0,4661.81375,5217.92,319.9655013715429,-0.6593458151000687,0.7518398074789775,0,0
2026-09-14 21:30:00+00:00,urn:ngsi-ld:Building:PUNE:BLD-PHOENIX-01,4089.81,22.1,1,2068.6,4361.95,4148.12,4629.7,4766.59,4630.615000000001,5217.92,325.6243662098592,-0.608761429008721,0.7933533402912349,0,0
2026-09-14 21:45:00+00:00,urn:ngsi-ld:Building:PUNE:BLD-PHOENIX-01,4291.08,20.7,1,2230.55,4244.62,4264.11,4487.34,4679.75,4589.804166666667,5217.92,329.61093673704596,-0.555570233019603,0.8314696123025447,0,0
2026-09-14 22:00:00+00:00,urn:ngsi-ld:Building:PUNE:BLD-PHOENIX-01,4403.36,20.5,1,2089.85,4382.26,4409.52,4244.65,4502.11,4553.9025,5217.92,312.0914777718729,-0.5000000000000004,0.8660254037844384,0,0
2026-09-14 22:15:00+00:00,urn:ngsi-ld:Building:PUNE:BLD-PHOENIX-01,1982.32,20.5,0,2076.19,4215.72,4303.63,4629.84,2051.13,4519.9625,5121.55,279.3099197362099,-0.4422886902190014,0.8968727415326883,0,0
2026-09-14 22:30:00+00:00,urn:ngsi-ld:Building:PUNE:BLD-PHOENIX-01,2068.6,19.6,0,2128.59,4089.81,4361.95,4148.12,2105.03,4396.499583333333,5121.55,578.1189655025455,-0.38268343236508956,0.9238795325112868,0,0
2026-09-14 22:45:00+00:00,urn:ngsi-ld:Building:PUNE:BLD-PHOENIX-01,2230.55,17.7,0,1243.75,4291.08,4244.62,4264.11,1754.5,4269.293333333334,4838.44,728.0754685778982,-0.32143946530316186,0.9469301294951056,0,0
2026-09-14 23:00:00+00:00,urn:ngsi-ld:Building:PUNE:BLD-PHOENIX-01,2089.85,17.4,0,1185.66,4403.36,4382.26,4409.52,2040.86,4161.263333333333,4838.44,827.821975010413,-0.25881904510252157,0.9659258262890681,0,0
2026-09-14 23:15:00+00:00,urn:ngsi-ld:Building:PUNE:BLD-PHOENIX-01,2076.19,18.0,0,1352.36,1982.32,4215.72,4303.63,1966.33,4051.2274999999995,4838.44,919.2990376332781,-0.19509032201612872,0.9807852804032303,0,0
2026-09-14 23:30:00+00:00,urn:ngsi-ld:Building:PUNE:BLD-PHOENIX-01,2128.59,17.0,0,1324.16,2068.6,4089.81,4361.95,2130.39,3938.3991666666666,4838.44,988.9769853343427,-0.13052619222005168,0.9914448613738104,0,0
2026-09-14 23:45:00+00:00,urn:ngsi-ld:Building:PUNE:BLD-PHOENIX-01,1243.75,15.9,0,1165.19,2230.55,4291.08,4244.62,1209.52,3829.0266666666666,4838.44,1038.8038831759518,-0.0654031292301428,0.9978589232386035,0,0
2026-09-15 00:00:00+00:00,urn:ngsi-ld:Building:PUNE:BLD-PHOENIX-01,1185.66,16.1,0,1221.55,2089.85,4403.36,4382.26,1301.55,3687.717083333333,4838.44,1149.1800737405827,0.0,1.0,1,0
2026-09-15 00:15:00+00:00,urn:ngsi-ld:Building:PUNE:BLD-PHOENIX-01,1352.36,16.4,0,1290.71,2076.19,1982.32,4215.72,1342.53,3535.517916666667,4741.21,1229.2507033465793,0.06540312923014306,0.9978589232386035,1,0
2026-09-15 00:30:00+00:00,urn:ngsi-ld:Building:PUNE:BLD-PHOENIX-01,1324.16,15.6,0,1100.0,2128.59,2068.6,4089.81,1123.8,3394.3158333333336,4629.84,1278.387063209676,0.13052619222005157,0.9914448613738104,1,0
2026-09-15 00:45:00+00:00,urn:ngsi-ld:Building:PUNE:BLD-PHOENIX-01,1165.19,15.5,0,1290.35,1243.75,2230.55,4291.08,1192.56,3256.5850000000005,4629.84,1316.9857956052751,0.19509032201612825,0.9807852804032304,1,0
2026-09-15 01:00:00+00:00,urn:ngsi-ld:Building:PUNE:BLD-PHOENIX-01,1221.55,15.1,0,1278.69,1185.66,2089.85,4403.36,1243.75,3118.162083333333,4629.84,1356.0123758155771,0.25881904510252074,0.9659258262890683,1,0
2026-09-15 01:15:00+00:00,urn:ngsi-ld:Building:PUNE:BLD-PHOENIX-01,1290.71,14.6,0,1129.26,1352.36,2076.19,1982.32,1213.27,2992.199583333333,4629.84,1386.8805329555569,0.3214394653031616,0.9469301294951057,1,0
2026-09-15 01:30:00+00:00,urn:ngsi-ld:Building:PUNE:BLD-PHOENIX-01,1100.0,15.0,0,1409.07,1324.16,2128.59,2068.6,1246.22,2853.0691666666667,4409.52,1382.9346743599513,0.3826834323650898,0.9238795325112867,1,0
2026-09-15 01:45:00+00:00,urn:ngsi-ld:Building:PUNE:BLD-PHOENIX-01,1290.35,13.7,0,1210.17,1165.19,1243.75,2230.55,1100.0,2726.0641666666666,4409.52,1398.7052953291638,0.44228869021900125,0.8968727415326884,1,0
2026-09-15 02:00:00+00:00,urn:ngsi-ld:Building:PUNE:BLD-PHOENIX-01,1278.69,14.1,0,1201.51,1221.55,1185.66,2089.85,1236.01,2602.1575,4409.52,1388.209373179975,0.49999999999999994,0.8660254037844387,1,0
2026-09-15 02:15:00+00:00,urn:ngsi-ld:Building:PUNE:BLD-PHOENIX-01,1129.26,15.0,0,1333.92,1290.71,1352.36,2076.19,1119.08,2471.7062499999997,4403.36,1357.7549788107128,0.5555702330196022,0.8314696123025452,1,0
2026-09-15 02:30:00+00:00,urn:ngsi-ld:Building:PUNE:BLD-PHOENIX-01,1409.07,13.7,0,1353.89,1100.0,1324.16,2128.59,1186.13,2339.4408333333336,4403.36,1325.7782838898845,0.6087614290087207,0.7933533402912352,1,0
2026-09-15 02:45:00+00:00,urn:ngsi-ld:Building:PUNE:BLD-PHOENIX-01,1210.17,14.7,0,1150.88,1290.35,1165.19,1243.75,1194.35,2216.4041666666667,4403.36,1265.5735833275808,0.6593458151000688,0.7518398074789774,1,0
2026-09-15 03:00:00+00:00,urn:ngsi-ld:Building:PUNE:BLD-PHOENIX-01,1201.51,14.0,0,1100.0,1278.69,1221.55,1185.66,1188.21,2089.96875,4403.36,1204.2270687631096,0.7071067811865476,0.7071067811865476,1,0
2026-09-15 03:15:00+00:00,urn:ngsi-ld:Building:PUNE:BLD-PHOENIX-01,1333.92,14.0,0,1233.84,1129.26,1290.71,1352.36,1226.67,1957.4375,4403.36,1112.5168521332046,0.7518398074789774,0.6593458151000688,1,0
2026-09-15 03:30:00+00:00,urn:ngsi-ld:Building:PUNE:BLD-PHOENIX-01,1353.89,14.4,0,1100.0,1409.07,1100.0,1324.16,1100.0,1837.3625,4403.36,1008.870618077215,0.7933533402912352,0.6087614290087207,1,0
2026-09-15 03:45:00+00:00,urn:ngsi-ld:Building:PUNE:BLD-PHOENIX-01,1150.88,14.8,0,1327.96,1210.17,1290.35,1165.19,1100.0,1723.3658333333333,4403.36,890.9740251467299,0.8314696123025451,0.5555702330196024,1,0
2026-09-15 04:00:00+00:00,urn:ngsi-ld:Building:PUNE:BLD-PHOENIX-01,1100.0,15.0,0,1244.99,1201.51,1278.69,1221.55,1172.9,1592.5241666666668,4403.36,709.6206395024749,0.8660254037844386,0.5000000000000001,1,0
2026-09-15 04:15:00+00:00,urn:ngsi-ld:Building:PUNE:BLD-PHOENIX-01,1233.84,15.4,0,1110.23,1333.92,1129.26,1290.71,1180.26,1454.8841666666667,2230.55,388.36451381467214,0.8968727415326884,0.44228869021900125,1,0
2026-09-15 04:30:00+00:00,urn:ngsi-ld:Building:PUNE:BLD-PHOENIX-01,1100.0,16.3,0,1176.74,1353.89,1409.07,1100.0,1153.29,1423.6975,2230.55,373.95362812079895,0.9238795325112867,0.38268343236508984,1,0
2026-09-15 04:45:00+00:00,urn:ngsi-ld:Building:PUNE:BLD-PHOENIX-01,1327.96,16.8,0,1143.21,1150.88,1210.17,1290.35,1288.34,1383.3391666666666,2230.55,353.00819198411835,0.9469301294951056,0.3214394653031617,1,0
2026-09-15 05:00:00+00:00,urn:ngsi-ld:Building:PUNE:BLD-PHOENIX-01,1244.99,17.2,0,1171.69,1100.0,1201.51,1278.69,1154.74,1345.73125,2128.59,303.42223052465124,0.9659258262890683,0.25881904510252074,1,0
2026-09-15 05:15:00+00:00,urn:ngsi-ld:Building:PUNE:BLD-PHOENIX-01,1110.23,17.5,0,1100.0,1233.84,1333.92,1129.26,1141.78,1310.52875,2128.59,259.11144577782636,0.9807852804032304,0.19509032201612833,1,0
2026-09-15 05:30:00+00:00,urn:ngsi-ld:Building:PUNE:BLD-PHOENIX-01,1176.74,17.7,0,1380.38,1100.0,1353.89,1409.07,1332.48,1270.2804166666667,2128.59,204.2159140941428,0.9914448613738104,0.1305261922200517,1,0
2026-09-15 05:45:00+00:00,urn:ngsi-ld:Building:PUNE:BLD-PHOENIX-01,1143.21,16.7,0,1150.32,1327.96,1150.88,1210.17,1309.91,1230.6200000000001,1409.07,91.72238624813279,0.9978589232386035,0.06540312923014327,1,0
2026-09-15 06:00:00+00:00,urn:ngsi-ld:Building:PUNE:BLD-PHOENIX-01,1171.69,18.2,0,1346.85,1244.99,1100.0,1201.51,1252.33,1226.4308333333333,1409.07,93.37764455984262,1.0,6.123233995736766e-17,1,0
2026-09-15 06:15:00+00:00,urn:ngsi-ld:Building:PUNE:BLD-PHOENIX-01,1100.0,18.9,0,1264.08,1110.23,1233.84,1333.92,1230.89,1225.84875,1409.07,93.68587890918418,0.9978589232386035,-0.06540312923014314,1,0
2026-09-15 06:30:00+00:00,urn:ngsi-ld:Building:PUNE:BLD-PHOENIX-01,1380.38,18.0,0,1180.58,1176.74,1100.0,1353.89,1100.0,1215.33375,1409.07,93.0290408048638,0.9914448613738104,-0.1305261922200516,1,0
2026-09-15 06:45:00+00:00,urn:ngsi-ld:Building:PUNE:BLD-PHOENIX-01,1150.32,20.3,0,1248.3,1143.21,1327.96,1150.88,1365.12,1217.67625,1409.07,96.53039002454338,0.9807852804032304,-0.1950903220161282,1,0
2026-09-15 07:00:00+00:00,urn:ngsi-ld:Building:PUNE:BLD-PHOENIX-01,1346.85,20.4,0,2012.97,1171.69,1244.99,1100.0,1188.84,1217.0566666666666,1409.07,96.92882133667976,0.9659258262890683,-0.25881904510252063,1,0
2026-09-15 07:15:00+00:00,urn:ngsi-ld:Building:PUNE:BLD-PHOENIX-01,1264.08,21.2,0,2053.27,1100.0,1110.23,1233.84,1228.79,1222.2775,1409.07,100.49042053592089,0.9469301294951057,-0.3214394653031616,1,0
2026-09-15 07:30:00+00:00,urn:ngsi-ld:Building:PUNE:BLD-PHOENIX-01,1180.58,22.2,0,2126.17,1380.38,1176.74,1100.0,1306.55,1221.1679166666665,1409.07,99.84691761021752,0.9238795325112868,-0.3826834323650895,1,0
2026-09-15 07:45:00+00:00,urn:ngsi-ld:Building:PUNE:BLD-PHOENIX-01,1248.3,22.2,0,2029.27,1150.32,1143.21,1327.96,1298.3,1224.5254166666666,1409.07,96.90684177264579,0.8968727415326884,-0.44228869021900113,1,0
2026-09-15 08:00:00+00:00,urn:ngsi-ld:Building:PUNE:BLD-PHOENIX-01,2012.97,22.6,0,2084.02,1346.85,1171.69,1244.99,2058.22,1222.7733333333333,1409.07,96.04125190035631,0.8660254037844387,-0.4999999999999998,1,0
2026-09-15 08:15:00+00:00,urn:ngsi-ld:Building:PUNE:BLD-PHOENIX-01,2053.27,23.4,0,2134.64,1264.08,1100.0,1110.23,2018.4,1253.3683333333333,2012.97,187.77519044018925,0.8314696123025451,-0.5555702330196023,1,0
2026-09-15 08:30:00+00:00,urn:ngsi-ld:Building:PUNE:BLD-PHOENIX-01,2126.17,23.4,0,2165.9,1180.58,1380.38,1176.74,2059.09,1291.86875,2053.27,246.70295791927268,0.7933533402912352,-0.6087614290087207,1,0
2026-09-15 08:45:00+00:00,urn:ngsi-ld:Building:PUNE:BLD-PHOENIX-01,2029.27,24.0,0,2045.36,1248.3,1150.32,1143.21,2067.13,1321.7479166666667,2126.17,299.32751653709374,0.7518398074789774,-0.6593458151000688,1,0
2026-09-15 09:00:00+00:00,urn:ngsi-ld:Building:PUNE:BLD-PHOENIX-01,2084.02,25.1,0,4528.79,2012.97,1346.85,1171.69,1936.09,1355.8770833333333,2126.17,331.0663138677871,0.7071067811865476,-0.7071067811865475,1,0
2026-09-15 09:15:00+00:00,urn:ngsi-ld:Building:PUNE:BLD-PHOENIX-01,2134.64,24.6,0,4577.39,2053.27,1264.08,1100.0,2007.79,1392.6483333333333,2126.17,360.84590899787827,0.659345815100069,-0.7518398074789773,1,0
2026-09-15 09:30:00+00:00,urn:ngsi-ld:Building:PUNE:BLD-PHOENIX-01,2165.9,26.1,0,4586.56,2126.17,1180.58,1380.38,2104.95,1426.0116666666665,2134.64,390.94159682420906,0.6087614290087209,-0.793353340291235,1,0
2026-09-15 09:45:00+00:00,urn:ngsi-ld:Building:PUNE:BLD-PHOENIX-01,2045.36,26.8,0,4605.34,2029.27,1248.3,1150.32,1945.6,1459.8454166666668,2165.9,418.5883370793748,0.5555702330196025,-0.831469612302545,1,0
2026-09-15 10:00:00+00:00,urn:ngsi-ld:Building:PUNE:BLD-PHOENIX-01,4528.79,28.8,1,4541.51,2084.02,2012.97,1346.85,4411.57,1497.1154166666668,2165.9,429.56008516267457,0.49999999999999994,-0.8660254037844387,1,0
2026-09-15 10:15:00+00:00,urn:ngsi-ld:Building:PUNE:BLD-PHOENIX-01,4577.39,28.9,1,4711.24,2134.64,2053.27,1264.08,4418.4,1639.9816666666668,4528.79,745.639343153178,0.4422886902190017,-0.8968727415326881,1,0
2026-09-15 10:30:00+00:00,urn:ngsi-ld:Building:PUNE:BLD-PHOENIX-01,4586.56,29.0,1,4950.47,2165.9,2126.17,1180.58,4548.57,1779.29625,4577.39,950.6315081716677,0.3826834323650899,-0.9238795325112867,1,0
2026-09-15 10:45:00+00:00,urn:ngsi-ld:Building:PUNE:BLD-PHOENIX-01,4605.34,29.8,1,4689.33,2045.36,2029.27,1248.3,4778.87,1924.5695833333332,4586.56,1097.3859899838349,0.32143946530316175,-0.9469301294951056,1,0
2026-09-15 11:00:00+00:00,urn:ngsi-ld:Building:PUNE:BLD-PHOENIX-01,4541.51,29.2,1,4965.52,4528.79,2084.02,2012.97,4770.25,2061.1270833333333,4605.34,1217.2835842991185,0.258819045102521,-0.9659258262890682,1,0
2026-09-15 11:15:00+00:00,urn:ngsi-ld:Building:PUNE:BLD-PHOENIX-01,4711.24,30.3,1,4979.98,4577.39,2134.64,2053.27,4624.54,2198.4820833333333,4605.34,1304.0797294209897,0.19509032201612816,-0.9807852804032304,1,0
2026-09-15 11:30:00+00:00,urn:ngsi-ld:Building:PUNE:BLD-PHOENIX-01,4950.47,31.1,1,4858.55,4586.56,2165.9,2126.17,4622.28,2348.5241666666666,4711.24,1378.4633433201936,0.130526192220052,-0.9914448613738104,1,0
2026-09-15 11:45:00+00:00,urn:ngsi-ld:Building:PUNE:BLD-PHOENIX-01,4689.33,30.6,1,4995.96,4605.34,2045.36,2029.27,4758.82,2505.7629166666666,4950.47,1452.24525929746,0.06540312923014312,-0.9978589232386035,1,0
2026-09-15 12:00:00+00:00,urn:ngsi-ld:Building:PUNE:BLD-PHOENIX-01,4965.52,30.7,1,5308.19,4541.51,4528.79,2084.02,5033.39,2653.5179166666667,4950.47,1487.554639677435,1.2246467991473532e-16,-1.0,1,0
2026-09-15 12:15:00+00:00,urn:ngsi-ld:Building:PUNE:BLD-PHOENIX-01,4979.98,32.1,1,4877.08,4711.24,4577.39,2134.64,4892.31,2811.5941666666663,4965.52,1524.3624152238417,-0.06540312923014287,-0.9978589232386035,1,0
2026-09-15 12:30:00+00:00,urn:ngsi-ld:Building:PUNE:BLD-PHOENIX-01,4858.55,31.4,1,5152.3,4950.47,4586.56,2165.9,4814.16,2973.26,4979.98,1540.6060370008436,-0.13052619222005177,-0.9914448613738104,1,0
2026-09-15 12:45:00+00:00,urn:ngsi-ld:Building:PUNE:BLD-PHOENIX-01,4995.96,32.8,1,5135.56,4689.33,4605.34,2045.36,5003.99,3118.1837499999997,4979.98,1547.8276833476878,-0.19509032201612792,-0.9807852804032305,1,0
2026-09-15 13:00:00+00:00,urn:ngsi-ld:Building:PUNE:BLD-PHOENIX-01,5308.19,33.4,1,5013.1,4965.52,4541.51,4528.79,5277.53,3278.4187500000003,4995.96,1534.2477570438211,-0.2588190451025208,-0.9659258262890683,1,0
2026-09-15 13:15:00+00:00,urn:ngsi-ld:Building:PUNE:BLD-PHOENIX-01,4877.08,32.4,1,5120.48,4979.98,4711.24,4577.39,5002.29,3443.474583333333,5308.19,1530.4907334122174,-0.32143946530316153,-0.9469301294951057,1,0
2026-09-15 13:30:00+00:00,urn:ngsi-ld:Building:PUNE:BLD-PHOENIX-01,5152.3,32.6,1,5137.39,4858.55,4950.47,4586.56,5015.87,3594.01625,5308.19,1483.7789600933636,-0.38268343236508967,-0.9238795325112868,1,0
2026-09-15 13:45:00+00:00,urn:ngsi-ld:Building:PUNE:BLD-PHOENIX-01,5135.56,33.9,1,5059.87,4995.96,4689.33,4605.34,5070.55,3759.504583333334,5308.19,1423.1486897934014,-0.44228869021900147,-0.8968727415326883,1,0
2026-09-15 14:00:00+00:00,urn:ngsi-ld:Building:PUNE:BLD-PHOENIX-01,5013.1,33.4,1,5164.44,5308.19,4965.52,4541.51,5009.39,3921.4737500000006,5308.19,1343.9213265107949,-0.4999999999999997,-0.8660254037844388,1,0
2026-09-15 14:15:00+00:00,urn:ngsi-ld:Building:PUNE:BLD-PHOENIX-01,5120.48,34.0,1,5245.74,4877.08,4979.98,4711.24,5187.46,4046.4791666666665,5308.19,1297.4069965458898,-0.555570233019602,-0.8314696123025455,1,0
2026-09-15 14:30:00+00:00,urn:ngsi-ld:Building:PUNE:BLD-PHOENIX-01,5137.39,33.3,1,5096.72,5152.3,4858.55,4950.47,4973.32,4174.279583333334,5308.19,1242.4327001228673,-0.6087614290087207,-0.7933533402912352,1,0
2026-09-15 14:45:00+00:00,urn:ngsi-ld:Building:PUNE:BLD-PHOENIX-01,5059.87,33.4,1,5052.81,5135.56,4995.96,4689.33,5206.98,4299.747083333334,5308.19,1176.9288681120331,-0.6593458151000688,-0.7518398074789774,1,0
2026-09-15 15:00:00+00:00,urn:ngsi-ld:Building:PUNE:BLD-PHOENIX-01,5164.44,33.4,1,4891.0,5013.1,5308.19,4965.52,5143.52,4426.022083333333,5308.19,1081.4392089529085,-0.7071067811865471,-0.7071067811865479,1,0
2026-09-15 15:15:00+00:00,urn:ngsi-ld:Building:PUNE:BLD-PHOENIX-01,5245.74,34.3,1,4954.32,5120.48,4877.08,4979.98,4964.49,4554.372916666667,5308.19,968.2718879865529,-0.7518398074789773,-0.6593458151000691,1,0
2026-09-15 15:30:00+00:00,urn:ngsi-ld:Building:PUNE:BLD-PHOENIX-01,5096.72,33.7,1,5056.68,5137.39,5152.3,4858.55,5069.27,4684.002083333333,5308.19,828.3890097521154,-0.7933533402912349,-0.6087614290087209,1,0
2026-09-15 15:45:00+00:00,urn:ngsi-ld:Building:PUNE:BLD-PHOENIX-01,5052.81,32.6,1,5076.94,5059.87,5135.56,4995.96,5152.72,4806.119583333333,5308.19,634.3379173970753,-0.8314696123025452,-0.5555702330196022,1,0
2026-09-15 16:00:00+00:00,urn:ngsi-ld:Building:PUNE:BLD-PHOENIX-01,4891.0,32.9,1,4897.65,5164.44,5013.1,5308.19,5217.92,4931.43,5308.19,239.29638902419134,-0.8660254037844385,-0.5000000000000004,1,0
2026-09-15 16:15:00+00:00,urn:ngsi-ld:Building:PUNE:BLD-PHOENIX-01,4954.32,32.3,1,4762.89,5245.74,5120.48,4877.08,4945.43,4946.522083333333,5308.19,223.7129987084808,-0.8968727415326883,-0.44228869021900136,1,0
2026-09-15 16:30:00+00:00,urn:ngsi-ld:Building:PUNE:BLD-PHOENIX-01,5056.68,31.9,1,4648.54,5096.72,5137.39,5152.3,5121.55,4962.2275,5308.19,209.44804305918527,-0.9238795325112868,-0.3826834323650895,1,0
2026-09-15 16:45:00+00:00,urn:ngsi-ld:Building:PUNE:BLD-PHOENIX-01,5076.94,32.2,1,4657.4,5052.81,5059.87,5135.56,4823.27,4981.815833333333,5308.19,194.21653536192412,-0.9469301294951056,-0.3214394653031618,1,0
2026-09-15 17:00:00+00:00,urn:ngsi-ld:Building:PUNE:BLD-PHOENIX-01,4897.65,31.7,1,4742.43,4891.0,5164.44,5013.1,4730.71,5001.465833333333,5308.19,177.61818526948414,-0.9659258262890683,-0.25881904510252063,1,0
2026-09-15 17:15:00+00:00,urn:ngsi-ld:Building:PUNE:BLD-PHOENIX-01,4762.89,30.6,1,4616.39,4954.32,5245.74,5120.48,4784.07,5016.305,5308.19,150.29573626403987,-0.9807852804032303,-0.19509032201612866,1,0
2026-09-15 17:30:00+00:00,urn:ngsi-ld:Building:PUNE:BLD-PHOENIX-01,4648.54,30.7,1,4266.07,5056.68,5096.72,5137.39,4753.53,5018.457083333334,5308.19,146.0473337053675,-0.9914448613738104,-0.13052619222005163,1,0
2026-09-15 17:45:00+00:00,urn:ngsi-ld:Building:PUNE:BLD-PHOENIX-01,4657.4,29.9,1,4557.26,5076.94,5052.81,5059.87,4635.18,5005.876666666666,5308.19,164.05247629868092,-0.9978589232386035,-0.06540312923014273,1,0
2026-09-15 18:00:00+00:00,urn:ngsi-ld:Building:PUNE:BLD-PHOENIX-01,4742.43,30.0,1,4360.71,4897.65,4891.0,5164.44,4838.44,5004.54625,5308.19,166.83702792049846,-1.0,-1.8369701987210297e-16,1,0
2026-09-15 18:15:00+00:00,urn:ngsi-ld:Building:PUNE:BLD-PHOENIX-01,4616.39,28.9,1,4393.3,4762.89,4954.32,5245.74,4741.21,4995.2508333333335,5308.19,175.11534399829742,-0.9978589232386036,0.06540312923014237,1,0
2026-09-15 18:30:00+00:00,urn:ngsi-ld:Building:PUNE:BLD-PHOENIX-01,4266.07,28.6,1,4226.12,4648.54,5056.68,5096.72,4629.7,4980.10125,5308.19,191.4586935656521,-0.9914448613738105,0.13052619222005127,1,0
2026-09-15 18:45:00+00:00,urn:ngsi-ld:Building:PUNE:BLD-PHOENIX-01,4557.26,27.9,1,4342.08,4657.4,5076.94,5052.81,4487.34,4955.414583333334,5308.19,239.88561442598493,-0.9807852804032304,0.1950903220161283,1,0
2026-09-15 19:00:00+00:00,urn:ngsi-ld:Building:PUNE:BLD-PHOENIX-01,4360.71,26.6,1,4478.66,4742.43,4897.65,4891.0,4244.65,4937.135416666667,5308.19,253.016716684047,-0.9659258262890684,0.2588190451025203,1,0
2026-09-15 19:15:00+00:00,urn:ngsi-ld:Building:PUNE:BLD-PHOENIX-01,4393.3,28.0,1,4266.82,4616.39,4762.89,4954.32,4629.84,4897.6570833333335,5245.74,266.1791960230689,-0.9469301294951057,0.3214394653031615,1,0
2026-09-15 19:30:00+00:00,urn:ngsi-ld:Building:PUNE:BLD-PHOENIX-01,4226.12,26.5,1,4397.02,4266.07,4648.54,5056.68,4148.12,4877.499583333333,5245.74,285.4273864024444,-0.923879532511287,0.38268343236508917,1,0
2026-09-15 19:45:00+00:00,urn:ngsi-ld:Building:PUNE:BLD-PHOENIX-01,4342.08,26.8,1,4148.86,4557.26,4657.4,5076.94,4264.11,4838.9087500000005,5245.74,308.34905908323253,-0.8968727415326884,0.442288690219001,1,0
2026-09-15 20:00:00+00:00,urn:ngsi-ld:Building:PUNE:BLD-PHOENIX-01,4478.66,25.3,1,4209.38,4360.71,4742.43,4897.65,4409.52,4805.847083333333,5245.74,317.56021975272347,-0.8660254037844386,0.5000000000000001,1,0
2026-09-15 20:15:00+00:00,urn:ngsi-ld:Building:PUNE:BLD-PHOENIX-01,4266.82,25.0,1,4366.79,4393.3,4616.39,4762.89,4303.63,4783.57875,5245.74,321.1135428922575,-0.8314696123025455,0.5555702330196018,1,0
2026-09-15 20:30:00+00:00,urn:ngsi-ld:Building:PUNE:BLD-PHOENIX-01,4397.02,23.6,1,4283.63,4226.12,4266.07,4648.54,4361.95,4748.0095833333335,5245.74,329.34672158922484,-0.7933533402912357,0.6087614290087199,1,0
2026-09-15 20:45:00+00:00,urn:ngsi-ld:Building:PUNE:BLD-PHOENIX-01,4148.86,23.0,1,4245.55,4342.08,4557.26,4657.4,4244.62,4717.160833333333,5245.74,325.94545683913054,-0.7518398074789772,0.6593458151000691,1,0
2026-09-15 21:00:00+00:00,urn:ngsi-ld:Building:PUNE:BLD-PHOENIX-01,4209.38,22.7,1,4562.02,4478.66,4360.71,4742.43,4382.26,4679.202083333334,5245.74,337.1534035186019,-0.7071067811865477,0.7071067811865474,1,0
2026-09-15 21:15:00+00:00,urn:ngsi-ld:Building:PUNE:BLD-PHOENIX-01,4366.79,23.1,1,2041.26,4266.82,4393.3,4616.39,4215.72,4639.407916666666,5245.74,333.73621059258454,-0.6593458151000687,0.7518398074789775,1,0
2026-09-15 21:30:00+00:00,urn:ngsi-ld:Building:PUNE:BLD-PHOENIX-01,4283.63,21.0,1,1959.13,4397.02,4226.12,4266.07,4089.81,4602.785000000001,5096.72,311.8129986274659,-0.608761429008721,0.7933533402912349,1,0
2026-09-15 21:45:00+00:00,urn:ngsi-ld:Building:PUNE:BLD-PHOENIX-01,4245.55,19.8,1,2032.07,4148.86,4342.08,4557.26,4291.08,4568.90625,5076.94,299.751391015569,-0.555570233019603,0.8314696123025447,1,0
2026-09-15 22:00:00+00:00,urn:ngsi-ld:Building:PUNE:BLD-PHOENIX-01,4562.02,21.0,1,2182.38,4209.38,4478.66,4360.71,4403.36,4535.270416666667,5076.94,288.1586353485048,-0.5000000000000004,0.8660254037844384,1,0
2026-09-15 22:15:00+00:00,urn:ngsi-ld:Building:PUNE:BLD-PHOENIX-01,2041.26,20.2,0,1986.73,4366.79,4266.82,4393.3,1982.32,4521.562916666667,5076.94,278.1520299260805,-0.4422886902190014,0.8968727415326883,1,0
2026-09-15 22:30:00+00:00,urn:ngsi-ld:Building:PUNE:BLD-PHOENIX-01,1959.13,19.0,0,2042.41,4283.63,4397.02,4226.12,2068.6,4400.185416666666,5076.94,566.8571101063151,-0.38268343236508956,0.9238795325112868,1,0
2026-09-15 22:45:00+00:00,urn:ngsi-ld:Building:PUNE:BLD-PHOENIX-01,2032.07,20.0,0,1534.64,4245.55,4148.86,4342.08,2230.55,4271.120833333333,5076.94,737.7552034376141,-0.32143946530316186,0.9469301294951056,1,0
2026-09-15 23:00:00+00:00,urn:ngsi-ld:Building:PUNE:BLD-PHOENIX-01,2182.38,19.5,0,1271.75,4562.02,4209.38,4478.66,2089.85,4144.25125,4897.65,846.8921634875525,-0.25881904510252157,0.9659258262890681,1,0
2026-09-15 23:15:00+00:00,urn:ngsi-ld:Building:PUNE:BLD-PHOENIX-01,1986.73,16.7,0,1249.85,2041.26,4366.79,4266.82,2076.19,4031.115,4762.89,920.0741794480217,-0.19509032201612872,0.9807852804032303,1,0
2026-09-15 23:30:00+00:00,urn:ngsi-ld:Building:PUNE:BLD-PHOENIX-01,2042.41,16.9,0,1150.74,1959.13,4283.63,4397.02,2128.59,3915.441666666666,4742.43,995.494788432914,-0.13052619222005168,0.9914448613738104,1,0
2026-09-15 23:45:00+00:00,urn:ngsi-ld:Building:PUNE:BLD-PHOENIX-01,1534.64,16.8,0,1298.58,2032.07,4245.55,4148.86,1243.75,3806.8529166666667,4742.43,1052.5547627247663,-0.0654031292301428,0.9978589232386035,1,0
2026-09-16 00:00:00+00:00,urn:ngsi-ld:Building:PUNE:BLD-PHOENIX-01,1271.75,15.8,0,1304.17,2182.38,4562.02,4209.38,1185.66,3676.7379166666665,4742.43,1132.7966246839967,0.0,1.0,2,0
2026-09-16 00:15:00+00:00,urn:ngsi-ld:Building:PUNE:BLD-PHOENIX-01,1249.85,16.5,0,1339.01,1986.73,2041.26,4366.79,1352.36,3532.12625,4616.39,1209.7541050931197,0.06540312923014306,0.9978589232386035,2,0
2026-09-16 00:30:00+00:00,urn:ngsi-ld:Building:PUNE:BLD-PHOENIX-01,1150.74,15.8,0,1138.68,2042.41,1959.13,4283.63,1324.16,3391.85375,4562.02,1272.1351257828394,0.13052619222005157,0.9914448613738104,2,0
2026-09-16 00:45:00+00:00,urn:ngsi-ld:Building:PUNE:BLD-PHOENIX-01,1298.58,15.5,0,1229.14,1534.64,2032.07,4245.55,1165.19,3262.0483333333327,4562.02,1336.372262958855,0.19509032201612825,0.9807852804032304,2,0
2026-09-16 01:00:00+00:00,urn:ngsi-ld:Building:PUNE:BLD-PHOENIX-01,1304.17,15.4,0,1204.56,1271.75,2182.38,4562.02,1221.55,3126.27,4562.02,1364.3068868556331,0.25881904510252074,0.9659258262890683,2,0
2026-09-16 01:15:00+00:00,urn:ngsi-ld:Building:PUNE:BLD-PHOENIX-01,1339.01,15.9,0,1137.12,1249.85,1986.73,2041.26,1290.71,2998.914166666666,4562.02,1386.544086264755,0.3214394653031616,0.9469301294951057,2,0
2026-09-16 01:30:00+00:00,urn:ngsi-ld:Building:PUNE:BLD-PHOENIX-01,1138.68,14.9,0,1227.68,1150.74,2042.41,1959.13,1100.0,2871.652083333334,4562.02,1393.1490487131005,0.3826834323650898,0.9238795325112867,2,0
2026-09-16 01:45:00+00:00,urn:ngsi-ld:Building:PUNE:BLD-PHOENIX-01,1229.14,14.3,0,1154.95,1298.58,1534.64,2032.07,1290.35,2743.0087500000004,4562.02,1405.1351255718155,0.44228869021900125,0.8968727415326884,2,0
2026-09-16 02:00:00+00:00,urn:ngsi-ld:Building:PUNE:BLD-PHOENIX-01,1204.56,14.7,0,1123.09,1304.17,1271.75,2182.38,1278.69,2613.302916666667,4562.02,1394.7465382719238,0.49999999999999994,0.8660254037844387,2,0
2026-09-16 02:15:00+00:00,urn:ngsi-ld:Building:PUNE:BLD-PHOENIX-01,1137.12,14.0,0,1320.32,1339.01,1249.85,1986.73,1129.26,2476.8820833333334,4562.02,1364.147383740111,0.5555702330196022,0.8314696123025452,2,0
2026-09-16 02:30:00+00:00,urn:ngsi-ld:Building:PUNE:BLD-PHOENIX-01,1227.68,13.5,0,1208.48,1138.68,1150.74,2042.41,1409.07,2346.4779166666667,4562.02,1334.8768827611798,0.6087614290087207,0.7933533402912352,2,0
2026-09-16 02:45:00+00:00,urn:ngsi-ld:Building:PUNE:BLD-PHOENIX-01,1154.95,13.6,0,1182.17,1229.14,1298.58,1534.64,1210.17,2214.4220833333334,4562.02,1278.7913931758517,0.6593458151000688,0.7518398074789774,2,0
2026-09-16 03:00:00+00:00,urn:ngsi-ld:Building:PUNE:BLD-PHOENIX-01,1123.09,14.3,0,1363.67,1204.56,1304.17,1271.75,1201.51,2089.6758333333332,4562.02,1226.8556986757378,0.7071067811865476,0.7071067811865476,2,0
2026-09-16 03:15:00+00:00,urn:ngsi-ld:Building:PUNE:BLD-PHOENIX-01,1320.32,14.9,0,1307.15,1137.12,1339.01,1249.85,1333.92,1961.0804166666667,4562.02,1154.6368240253782,0.7518398074789774,0.6593458151000688,2,0
2026-09-16 03:30:00+00:00,urn:ngsi-ld:Building:PUNE:BLD-PHOENIX-01,1208.48,14.5,0,1100.0,1227.68,1138.68,1150.74,1353.89,1834.144166666667,4562.02,1040.4787846233999,0.7933533402912352,0.6087614290087207,2,0
2026-09-16 03:45:00+00:00,urn:ngsi-ld:Building:PUNE:BLD-PHOENIX-01,1182.17,15.3,0,1287.25,1154.95,1229.14,1298.58,1150.88,1706.0129166666666,4562.02,906.4302250681764,0.8314696123025451,0.5555702330196024,2,0
2026-09-16 04:00:00+00:00,urn:ngsi-ld:Building:PUNE:BLD-PHOENIX-01,1363.67,14.8,0,1286.78,1123.09,1204.56,1304.17,1100.0,1578.3720833333334,4562.02,732.2185687227271,0.8660254037844386,0.5000000000000001,2,0
2026-09-16 04:15:00+00:00,urn:ngsi-ld:Building:PUNE:BLD-PHOENIX-01,1307.15,16.0,0,1223.85,1320.32,1137.12,1339.01,1233.84,1445.1075,2182.38,364.0967417219451,0.8968727415326884,0.44228869021900125,2,0
2026-09-16 04:30:00+00:00,urn:ngsi-ld:Building:PUNE:BLD-PHOENIX-01,1100.0,16.3,0,1220.38,1208.48,1227.68,1138.68,1100.0,1414.5195833333335,2182.38,342.00226491076637,0.9238795325112867,0.38268343236508984,2,0
2026-09-16 04:45:00+00:00,urn:ngsi-ld:Building:PUNE:BLD-PHOENIX-01,1287.25,16.9,0,1100.0,1182.17,1154.95,1229.14,1327.96,1378.7224999999999,2182.38,327.16006890978747,0.9469301294951056,0.3214394653031617,2,0
2026-09-16 05:00:00+00:00,urn:ngsi-ld:Building:PUNE:BLD-PHOENIX-01,1286.78,17.1,0,1444.26,1363.67,1123.09,1204.56,1244.99,1347.6883333333333,2182.38,296.3667484378701,0.9659258262890683,0.25881904510252074,2,0
2026-09-16 05:15:00+00:00,urn:ngsi-ld:Building:PUNE:BLD-PHOENIX-01,1223.85,16.9,0,1227.33,1307.15,1320.32,1137.12,1110.23,1310.3716666666667,2042.41,237.1702360836677,0.9807852804032304,0.19509032201612833,2,0
2026-09-16 05:30:00+00:00,urn:ngsi-ld:Building:PUNE:BLD-PHOENIX-01,1220.38,17.5,0,1281.91,1100.0,1208.48,1227.68,1176.74,1278.5849999999998,2042.41,188.7625114538336,0.9914448613738104,0.1305261922200517,2,0
2026-09-16 05:45:00+00:00,urn:ngsi-ld:Building:PUNE:BLD-PHOENIX-01,1100.0,18.3,0,1232.37,1287.25,1182.17,1154.95,1143.21,1244.33375,1534.64,95.85387614596286,0.9978589232386035,0.06540312923014327,2,0
2026-09-16 06:00:00+00:00,urn:ngsi-ld:Building:PUNE:BLD-PHOENIX-01,1444.26,17.9,0,1183.62,1286.78,1363.67,1123.09,1171.69,1226.2237499999999,1363.67,78.02073034462997,1.0,6.123233995736766e-17,2,0
2026-09-16 06:15:00+00:00,urn:ngsi-ld:Building:PUNE:BLD-PHOENIX-01,1227.33,18.3,0,1328.11,1223.85,1307.15,1320.32,1100.0,1233.4116666666666,1444.26,89.49947042144882,0.9978589232386035,-0.06540312923014314,2,0
2026-09-16 06:30:00+00:00,urn:ngsi-ld:Building:PUNE:BLD-PHOENIX-01,1281.91,18.7,0,1263.35,1220.38,1100.0,1208.48,1380.38,1232.4733333333334,1444.26,89.43766503805261,0.9914448613738104,-0.1305261922200516,2,0
2026-09-16 06:45:00+00:00,urn:ngsi-ld:Building:PUNE:BLD-PHOENIX-01,1232.37,19.4,0,1350.18,1100.0,1287.25,1182.17,1150.32,1237.93875,1444.26,88.22549021897999,0.9807852804032304,-0.1950903220161282,2,0
2026-09-16 07:00:00+00:00,urn:ngsi-ld:Building:PUNE:BLD-PHOENIX-01,1183.62,20.9,0,1966.79,1444.26,1286.78,1363.67,1346.85,1235.18,1444.26,87.27690734922083,0.9659258262890683,-0.25881904510252063,2,0
2026-09-16 07:15:00+00:00,urn:ngsi-ld:Building:PUNE:BLD-PHOENIX-01,1328.11,21.4,0,2185.5,1227.33,1223.85,1307.15,1264.08,1230.1570833333333,1444.26,86.60009230190215,0.9469301294951057,-0.3214394653031616,2,0
2026-09-16 07:30:00+00:00,urn:ngsi-ld:Building:PUNE:BLD-PHOENIX-01,1263.35,22.2,0,2190.44,1281.91,1220.38,1100.0,1180.58,1229.7029166666669,1444.26,86.0311151229987,0.9238795325112868,-0.3826834323650895,2,0
2026-09-16 07:45:00+00:00,urn:ngsi-ld:Building:PUNE:BLD-PHOENIX-01,1350.18,24.1,0,1930.71,1232.37,1100.0,1287.25,1248.3,1234.8975,1444.26,84.0368604033044,0.8968727415326884,-0.44228869021900113,2,0
2026-09-16 08:00:00+00:00,urn:ngsi-ld:Building:PUNE:BLD-PHOENIX-01,1966.79,23.0,0,1932.07,1183.62,1444.26,1286.78,2012.97,1239.9408333333333,1444.26,87.24700587401745,0.8660254037844387,-0.4999999999999998,2,0
2026-09-16 08:15:00+00:00,urn:ngsi-ld:Building:PUNE:BLD-PHOENIX-01,2185.5,23.3,0,2072.72,1328.11,1227.33,1223.85,2053.27,1271.7004166666668,1966.79,171.68306509051197,0.8314696123025451,-0.5555702330196023,2,0
2026-09-16 08:30:00+00:00,urn:ngsi-ld:Building:PUNE:BLD-PHOENIX-01,2190.44,25.0,0,2135.82,1263.35,1281.91,1220.38,2126.17,1315.3829166666667,2185.5,251.00222170280423,0.7933533402912352,-0.6087614290087207,2,0
2026-09-16 08:45:00+00:00,urn:ngsi-ld:Building:PUNE:BLD-PHOENIX-01,1930.71,25.1,0,2100.5,1350.18,1232.37,1100.0,2029.27,1355.4979166666667,2190.44,307.051945187167,0.7518398074789774,-0.6593458151000688,2,0
2026-09-16 09:00:00+00:00,urn:ngsi-ld:Building:PUNE:BLD-PHOENIX-01,1932.07,25.5,0,4345.17,1966.79,1183.62,1444.26,2084.02,1387.82125,2190.44,325.31155346841814,0.7071067811865476,-0.7071067811865475,2,0
2026-09-16 09:15:00+00:00,urn:ngsi-ld:Building:PUNE:BLD-PHOENIX-01,2072.72,25.0,0,4193.89,2185.5,1328.11,1227.33,2134.64,1421.5287500000002,2190.44,338.339315831648,0.659345815100069,-0.7518398074789773,2,0
2026-09-16 09:30:00+00:00,urn:ngsi-ld:Building:PUNE:BLD-PHOENIX-01,2135.82,26.8,0,4530.81,2190.44,1263.35,1281.91,2165.9,1452.8787499999999,2190.44,362.54591455313295,0.6087614290087209,-0.793353340291235,2,0
2026-09-16 09:45:00+00:00,urn:ngsi-ld:Building:PUNE:BLD-PHOENIX-01,2100.5,27.4,0,4777.46,1930.71,1350.18,1232.37,2045.36,1491.5179166666665,2190.44,384.1396813883455,0.5555702330196025,-0.831469612302545,2,0
2026-09-16 10:00:00+00:00,urn:ngsi-ld:Building:PUNE:BLD-PHOENIX-01,4345.17,27.0,1,4683.42,1932.07,1966.79,1183.62,4528.79,1529.7816666666665,2190.44,397.4910486020673,0.49999999999999994,-0.8660254037844387,2,0
2026-09-16 10:15:00+00:00,urn:ngsi-ld:Building:PUNE:BLD-PHOENIX-01,4193.89,27.3,1,4504.36,2072.72,2185.5,1328.11,4577.39,1654.0108333333335,4345.17,696.6506577837371,0.4422886902190017,-0.8968727415326881,2,0
2026-09-16 10:30:00+00:00,urn:ngsi-ld:Building:PUNE:BLD-PHOENIX-01,4530.81,29.2,1,4741.29,2135.82,2190.44,1263.35,4586.56,1774.2916666666667,4345.17,863.4073915630639,0.3826834323650899,-0.9238795325112867,2,0
2026-09-16 10:45:00+00:00,urn:ngsi-ld:Building:PUNE:BLD-PHOENIX-01,4777.46,29.8,1,4983.68,2100.5,1930.71,1350.18,4605.34,1917.2420833333333,4530.81,1017.2245230932886,0.32143946530316175,-0.9469301294951056,2,0
2026-09-16 11:00:00+00:00,urn:ngsi-ld:Building:PUNE:BLD-PHOENIX-01,4683.42,29.4,1,4802.83,4345.17,1932.07,1966.79,4541.51,2062.6675,4777.46,1162.372817933938,0.258819045102521,-0.9659258262890682,2,0
2026-09-16 11:15:00+00:00,urn:ngsi-ld:Building:PUNE:BLD-PHOENIX-01,4504.36,29.9,1,4931.02,4193.89,2072.72,2185.5,4711.24,2204.1941666666667,4777.46,1265.9619160694976,0.19509032201612816,-0.9807852804032304,2,0
2026-09-16 11:30:00+00:00,urn:ngsi-ld:Building:PUNE:BLD-PHOENIX-01,4741.29,30.8,1,5007.76,4530.81,2135.82,2190.44,4950.47,2340.8820833333334,4777.46,1330.943638368212,0.130526192220052,-0.9914448613738104,2,0
2026-09-16 11:45:00+00:00,urn:ngsi-ld:Building:PUNE:BLD-PHOENIX-01,4983.68,30.9,1,4846.91,4777.46,2100.5,1930.71,4689.33,2487.5866666666666,4777.46,1394.5912894953083,0.06540312923014312,-0.9978589232386035,2,0
2026-09-16 12:00:00+00:00,urn:ngsi-ld:Building:PUNE:BLD-PHOENIX-01,4802.83,30.6,1,5246.54,4683.42,4345.17,1932.07,4965.52,2649.4066666666663,4983.68,1450.771608228028,1.2246467991473532e-16,-1.0,2,0
2026-09-16 12:15:00+00:00,urn:ngsi-ld:Building:PUNE:BLD-PHOENIX-01,4931.02,31.3,1,4987.41,4504.36,4193.89,2072.72,4979.98,2789.3470833333336,4983.68,1490.89750969727,-0.06540312923014287,-0.9978589232386035,2,0
2026-09-16 12:30:00+00:00,urn:ngsi-ld:Building:PUNE:BLD-PHOENIX-01,5007.76,32.4,1,5314.27,4741.29,4530.81,2135.82,4858.55,2943.6675,4983.68,1513.6932141511895,-0.13052619222005177,-0.9914448613738104,2,0
2026-09-16 12:45:00+00:00,urn:ngsi-ld:Building:PUNE:BLD-PHOENIX-01,4846.91,32.0,1,5222.45,4983.68,4777.46,2100.5,4995.96,3098.9112499999997,5007.76,1526.857661212298,-0.19509032201612792,-0.9807852804032305,2,0
2026-09-16 13:00:00+00:00,urn:ngsi-ld:Building:PUNE:BLD-PHOENIX-01,5246.54,33.3,1,5033.07,4802.83,4683.42,4345.17,5308.19,3249.5170833333336,5007.76,1512.9430272915858,-0.2588190451025208,-0.9659258262890683,2,0
2026-09-16 13:15:00+00:00,urn:ngsi-ld:Building:PUNE:BLD-PHOENIX-01,4987.41,33.3,1,5175.66,4931.02,4504.36,4193.89,4877.08,3418.8054166666666,5246.54,1498.9748192854915,-0.32143946530316153,-0.9469301294951057,2,0
2026-09-16 13:30:00+00:00,urn:ngsi-ld:Building:PUNE:BLD-PHOENIX-01,5314.27,33.4,1,4967.72,5007.76,4741.29,4530.81,5152.3,3571.2762500000003,5246.54,1462.7380994851092,-0.38268343236508967,-0.9238795325112868,2,0
2026-09-16 13:45:00+00:00,urn:ngsi-ld:Building:PUNE:BLD-PHOENIX-01,5222.45,33.4,1,5276.55,4846.91,4983.68,4777.46,5135.56,3740.0645833333333,5314.27,1417.8768389298555,-0.44228869021900147,-0.8968727415326883,2,0
2026-09-16 14:00:00+00:00,urn:ngsi-ld:Building:PUNE:BLD-PHOENIX-01,5033.07,33.0,1,5363.86,5246.54,4802.83,4683.42,5013.1,3901.409166666667,5314.27,1352.9318760892572,-0.4999999999999997,-0.8660254037844388,2,0
2026-09-16 14:15:00+00:00,urn:ngsi-ld:Building:PUNE:BLD-PHOENIX-01,5175.66,33.9,1,5056.23,4987.41,4931.02,4504.36,5120.48,4029.1708333333336,5314.27,1306.2711465179643,-0.555570233019602,-0.8314696123025455,2,0
2026-09-16 14:30:00+00:00,urn:ngsi-ld:Building:PUNE:BLD-PHOENIX-01,4967.72,33.0,1,5221.23,5314.27,5007.76,4741.29,5137.39,4153.760833333333,5314.27,1264.7166777133248,-0.6087614290087207,-0.7933533402912352,2,0
2026-09-16 14:45:00+00:00,urn:ngsi-ld:Building:PUNE:BLD-PHOENIX-01,5276.55,34.1,1,4873.54,5222.45,4846.91,4983.68,5059.87,4269.480833333333,5314.27,1202.8083860406489,-0.6593458151000688,-0.7518398074789774,2,0
2026-09-16 15:00:00+00:00,urn:ngsi-ld:Building:PUNE:BLD-PHOENIX-01,5363.86,34.3,1,5031.44,5033.07,5246.54,4802.83,5164.44,4408.890833333334,5314.27,1110.2898182629656,-0.7071067811865471,-0.7071067811865479,2,0
2026-09-16 15:15:00+00:00,urn:ngsi-ld:Building:PUNE:BLD-PHOENIX-01,5056.23,33.4,1,5084.9,5175.66,4987.41,4931.02,5245.74,4551.882083333333,5363.86,992.1366661511732,-0.7518398074789773,-0.6593458151000691,2,0
2026-09-16 15:30:00+00:00,urn:ngsi-ld:Building:PUNE:BLD-PHOENIX-01,5221.23,34.0,1,5129.84,4967.72,5314.27,5007.76,5096.72,4676.195,5363.86,843.8251965847628,-0.7933533402912349,-0.6087614290087209,2,0
2026-09-16 15:45:00+00:00,urn:ngsi-ld:Building:PUNE:BLD-PHOENIX-01,4873.54,32.4,1,4804.18,5276.55,5222.45,4846.91,5052.81,4804.75375,5363.86,653.5469675668099,-0.8314696123025452,-0.5555702330196022,2,0
2026-09-16 16:00:00+00:00,urn:ngsi-ld:Building:PUNE:BLD-PHOENIX-01,5031.44,33.1,1,4774.65,5363.86,5033.07,5246.54,4891.0,4920.297083333334,5363.86,308.93791493185495,-0.8660254037844385,-0.5000000000000004,2,0
2026-09-16 16:15:00+00:00,urn:ngsi-ld:Building:PUNE:BLD-PHOENIX-01,5084.9,32.5,1,4701.35,5056.23,5175.66,4987.41,4954.32,4948.891666666667,5363.86,284.15692179817165,-0.8968727415326883,-0.44228869021900136,2,0
2026-09-16 16:30:00+00:00,urn:ngsi-ld:Building:PUNE:BLD-PHOENIX-01,5129.84,32.7,1,4933.66,5221.23,4967.72,5314.27,5056.68,4986.017083333333,5363.86,235.21777377535648,-0.9238795325112868,-0.3826834323650895,2,0
2026-09-16 16:45:00+00:00,urn:ngsi-ld:Building:PUNE:BLD-PHOENIX-01,4804.18,30.7,1,4787.54,4873.54,5276.55,5222.45,5076.94,5010.9766666666665,5363.86,215.79481284148574,-0.9469301294951056,-0.3214394653031618,2,0
2026-09-16 17:00:00+00:00,urn:ngsi-ld:Building:PUNE:BLD-PHOENIX-01,4774.65,32.0,1,4759.49,5031.44,5363.86,5033.07,4897.65,5012.09,5363.86,214.60330523411753,-0.9659258262890683,-0.25881904510252063,2,0
2026-09-16 17:15:00+00:00,urn:ngsi-ld:Building:PUNE:BLD-PHOENIX-01,4701.35,30.7,1,4676.61,5084.9,5056.23,5175.66,4762.89,5015.89125,5363.86,209.2701919885102,-0.9807852804032303,-0.19509032201612866,2,0
2026-09-16 17:30:00+00:00,urn:ngsi-ld:Building:PUNE:BLD-PHOENIX-01,4933.66,30.7,1,4732.53,5129.84,5221.23,4967.72,4648.54,5024.099166666667,5363.86,191.43819590527391,-0.9914448613738104,-0.13052619222005163,2,0
2026-09-16 17:45:00+00:00,urn:ngsi-ld:Building:PUNE:BLD-PHOENIX-01,4787.54,31.5,1,4463.56,4804.18,4873.54,5276.55,4657.4,5032.114583333333,5363.86,182.91999890617694,-0.9978589232386035,-0.06540312923014273,2,0
2026-09-16 18:00:00+00:00,urn:ngsi-ld:Building:PUNE:BLD-PHOENIX-01,4759.49,30.1,1,4562.76,4774.65,5031.44,5363.86,4742.43,5023.942083333333,5363.86,189.44329905372035,-1.0,-1.8369701987210297e-16,2,0
2026-09-16 18:15:00+00:00,urn:ngsi-ld:Building:PUNE:BLD-PHOENIX-01,4676.61,29.5,1,4485.39,4701.35,5084.9,5056.23,4616.39,5022.1362500000005,5363.86,191.83412762103987,-0.9978589232386036,0.06540312923014237,2,0
2026-09-16 18:30:00+00:00,urn:ngsi-ld:Building:PUNE:BLD-PHOENIX-01,4732.53,28.9,1,4369.04,4933.66,5129.84,5221.23,4266.07,5011.535833333333,5363.86,203.74718076296685,-0.9914448613738105,0.13052619222005127,2,0
2026-09-16 18:45:00+00:00,urn:ngsi-ld:Building:PUNE:BLD-PHOENIX-01,4463.56,28.9,1,4158.27,4787.54,4804.18,4873.54,4557.26,5000.067916666667,5363.86,211.56463682845688,-0.9807852804032304,0.1950903220161283,2,0
2026-09-16 19:00:00+00:00,urn:ngsi-ld:Building:PUNE:BLD-PHOENIX-01,4562.76,28.1,1,4286.52,4759.49,4774.65,5031.44,4360.71,4984.095,5363.86,236.61846719435752,-0.9659258262890684,0.2588190451025203,2,0
2026-09-16 19:15:00+00:00,urn:ngsi-ld:Building:PUNE:BLD-PHOENIX-01,4485.39,27.2,1,4486.23,4676.61,4701.35,5084.9,4393.3,4955.604166666667,5363.86,244.67327101078453,-0.9469301294951057,0.3214394653031615,2,0
2026-09-16 19:30:00+00:00,urn:ngsi-ld:Building:PUNE:BLD-PHOENIX-01,4369.04,26.6,1,4347.17,4732.53,4933.66,5129.84,4226.12,4934.6866666666665,5363.86,262.63580070985694,-0.923879532511287,0.38268343236508917,2,0
2026-09-16 19:45:00+00:00,urn:ngsi-ld:Building:PUNE:BLD-PHOENIX-01,4158.27,25.9,1,4378.14,4463.56,4787.54,4804.18,4342.08,4895.302083333333,5363.86,273.8715283228981,-0.8968727415326884,0.442288690219001,2,0
2026-09-16 20:00:00+00:00,urn:ngsi-ld:Building:PUNE:BLD-PHOENIX-01,4286.52,25.2,1,4271.44,4562.76,4759.49,4774.65,4478.66,4850.96125,5363.86,303.18117894025056,-0.8660254037844386,0.5000000000000001,2,0
2026-09-16 20:15:00+00:00,urn:ngsi-ld:Building:PUNE:BLD-PHOENIX-01,4486.23,23.9,1,4432.47,4485.39,4676.61,4701.35,4266.82,4819.855,5363.86,321.432999577523,-0.8314696123025455,0.5555702330196018,2,0
2026-09-16 20:30:00+00:00,urn:ngsi-ld:Building:PUNE:BLD-PHOENIX-01,4347.17,24.3,1,4344.53,4369.04,4732.53,4933.66,4397.02,4791.12875,5363.86,319.05054036481,-0.7933533402912357,0.6087614290087199,2,0
2026-09-16 20:45:00+00:00,urn:ngsi-ld:Building:PUNE:BLD-PHOENIX-01,4378.14,23.0,1,4337.29,4158.27,4463.56,4787.54,4148.86,4765.2725,5363.86,329.10382227644817,-0.7518398074789772,0.6593458151000691,2,0
2026-09-16 21:00:00+00:00,urn:ngsi-ld:Building:PUNE:BLD-PHOENIX-01,4271.44,23.4,1,4363.07,4286.52,4562.76,4759.49,4209.38,4727.83875,5363.86,319.3710210821825,-0.7071067811865477,0.7071067811865474,2,0
2026-09-16 21:15:00+00:00,urn:ngsi-ld:Building:PUNE:BLD-PHOENIX-01,4432.47,22.1,1,2019.23,4486.23,4485.39,4676.61,4366.79,4682.32125,5221.23,302.1663154667097,-0.6593458151000687,0.7518398074789775,2,0
2026-09-16 21:30:00+00:00,urn:ngsi-ld:Building:PUNE:BLD-PHOENIX-01,4344.53,20.4,1,2239.5,4347.17,4369.04,4732.53,4283.63,4656.33125,5221.23,295.3560461590834,-0.608761429008721,0.7933533402912349,2,0
2026-09-16 21:45:00+00:00,urn:ngsi-ld:Building:PUNE:BLD-PHOENIX-01,4337.29,20.7,1,2222.39,4378.14,4158.27,4463.56,4245.55,4619.802083333333,5129.84,276.035108305481,-0.555570233019603,0.8314696123025447,2,0
2026-09-16 22:00:00+00:00,urn:ngsi-ld:Building:PUNE:BLD-PHOENIX-01,4363.07,20.1,1,2219.28,4271.44,4286.52,4562.76,4562.02,4597.458333333333,5129.84,276.3065463931648,-0.5000000000000004,0.8660254037844384,2,0
2026-09-16 22:15:00+00:00,urn:ngsi-ld:Building:PUNE:BLD-PHOENIX-01,2019.23,21.0,0,2079.18,4432.47,4486.23,4485.39,2041.26,4569.609583333333,5129.84,264.07563220773176,-0.4422886902190014,0.8968727415326883,2,0
2026-09-16 22:30:00+00:00,urn:ngsi-ld:Building:PUNE:BLD-PHOENIX-01,2239.5,19.4,0,1990.72,4344.53,4347.17,4369.04,1959.13,4441.873333333334,5129.84,569.1809991456237,-0.38268343236508956,0.9238795325112868,2,0
2026-09-16 22:45:00+00:00,urn:ngsi-ld:Building:PUNE:BLD-PHOENIX-01,2222.39,18.4,0,1335.25,4337.29,4378.14,4158.27,2032.07,4321.4425,4933.66,706.5010334233509,-0.32143946530316186,0.9469301294951056,2,0
2026-09-16 23:00:00+00:00,urn:ngsi-ld:Building:PUNE:BLD-PHOENIX-01,2219.28,18.2,0,1219.92,4363.07,4271.44,4286.52,2182.38,4213.867916666667,4933.66,817.619988683906,-0.25881904510252157,0.9659258262890681,2,0
2026-09-16 23:15:00+00:00,urn:ngsi-ld:Building:PUNE:BLD-PHOENIX-01,2079.18,18.2,0,1344.29,2019.23,4432.47,4486.23,1986.73,4107.394166666667,4933.66,903.3122826908434,-0.19509032201612872,0.9807852804032303,2,0
2026-09-16 23:30:00+00:00,urn:ngsi-ld:Building:PUNE:BLD-PHOENIX-01,1990.72,17.2,0,1186.62,2239.5,4344.53,4347.17,2042.41,3998.137083333333,4933.66,983.3783687104572,-0.13052619222005168,0.9914448613738104,2,0
2026-09-16 23:45:00+00:00,urn:ngsi-ld:Building:PUNE:BLD-PHOENIX-01,1335.25,16.9,0,1286.04,2222.39,4337.29,4378.14,1534.64,3875.514583333333,4787.54,1043.3101362197826,-0.0654031292301428,0.9978589232386035,2,0
2026-09-17 00:00:00+00:00,urn:ngsi-ld:Building:PUNE:BLD-PHOENIX-01,1219.92,16.5,0,1358.87,2219.28,4363.07,4271.44,1271.75,3731.6691666666666,4759.49,1145.1213458954257,0.0,1.0,3,0
2026-09-17 00:15:00+00:00,urn:ngsi-ld:Building:PUNE:BLD-PHOENIX-01,1344.29,16.0,0,1224.91,2079.18,2019.23,4432.47,1249.85,3584.187083333333,4732.53,1231.6551550144698,0.06540312923014306,0.9978589232386035,3,0
2026-09-17 00:30:00+00:00,urn:ngsi-ld:Building:PUNE:BLD-PHOENIX-01,1186.62,16.5,0,1224.59,1990.72,2239.5,4344.53,1150.74,3445.3404166666664,4732.53,1289.6154005529243,0.13052619222005157,0.9914448613738104,3,0
2026-09-17 00:45:00+00:00,urn:ngsi-ld:Building:PUNE:BLD-PHOENIX-01,1286.04,15.1,0,1114.85,1335.25,2222.39,4337.29,1298.58,3297.5941666666663,4562.76,1337.9502048117397,0.19509032201612825,0.9807852804032304,3,0
2026-09-17 01:00:00+00:00,urn:ngsi-ld:Building:PUNE:BLD-PHOENIX-01,1358.87,16.1,0,1171.29,1219.92,2219.28,4363.07,1304.17,3165.1975,4562.76,1374.2781195555383,0.25881904510252074,0.9659258262890683,3,0
2026-09-17 01:15:00+00:00,urn:ngsi-ld:Building:PUNE:BLD-PHOENIX-01,1224.91,14.3,0,1308.97,1344.29,2079.18,2019.23,1339.01,3031.7020833333336,4486.23,1388.1589545743702,0.3214394653031616,0.9469301294951057,3,0
2026-09-17 01:30:00+00:00,urn:ngsi-ld:Building:PUNE:BLD-PHOENIX-01,1224.59,14.3,0,1361.69,1186.62,1990.72,2239.5,1138.68,2895.8487500000006,4486.23,1399.2079049584943,0.3826834323650898,0.9238795325112867,3,0
2026-09-17 01:45:00+00:00,urn:ngsi-ld:Building:PUNE:BLD-PHOENIX-01,1114.85,15.6,0,1362.89,1286.04,1335.25,2222.39,1229.14,2764.83,4486.23,1402.4797131261473,0.44228869021900125,0.8968727415326884,3,0
2026-09-17 02:00:00+00:00,urn:ngsi-ld:Building:PUNE:BLD-PHOENIX-01,1171.29,13.6,0,1319.49,1358.87,1219.92,2219.28,1204.56,2638.0208333333335,4486.23,1408.5864077241854,0.49999999999999994,0.8660254037844387,3,0
2026-09-17 02:15:00+00:00,urn:ngsi-ld:Building:PUNE:BLD-PHOENIX-01,1308.97,14.7,0,1250.47,1224.91,1344.29,2079.18,1137.12,2508.219583333333,4486.23,1393.5261725361515,0.5555702330196022,0.8314696123025452,3,0
2026-09-17 02:30:00+00:00,urn:ngsi-ld:Building:PUNE:BLD-PHOENIX-01,1361.69,14.8,0,1359.8,1224.59,1186.62,1990.72,1227.68,2375.8337500000002,4432.47,1347.608180595169,0.6087614290087207,0.7933533402912352,3,0
2026-09-17 02:45:00+00:00,urn:ngsi-ld:Building:PUNE:BLD-PHOENIX-01,1362.89,13.5,0,1252.92,1114.85,1286.04,1335.25,1154.95,2251.43875,4432.47,1294.4705438377266,0.6593458151000688,0.7518398074789774,3,0
2026-09-17 03:00:00+00:00,urn:ngsi-ld:Building:PUNE:BLD-PHOENIX-01,1319.49,14.4,0,1298.02,1171.29,1358.87,1219.92,1123.09,2125.8033333333333,4432.47,1223.46408110123,0.7071067811865476,0.7071067811865476,3,0
2026-09-17 03:15:00+00:00,urn:ngsi-ld:Building:PUNE:BLD-PHOENIX-01,1250.47,13.9,0,1372.28,1308.97,1224.91,1344.29,1320.32,2002.8054166666668,4432.47,1144.1948187375488,0.7518398074789774,0.6593458151000688,3,0
2026-09-17 03:30:00+00:00,urn:ngsi-ld:Building:PUNE:BLD-PHOENIX-01,1359.8,15.0,0,1338.09,1361.69,1224.59,1186.62,1208.48,1870.2220833333333,4363.07,1028.972460002327,0.7933533402912352,0.6087614290087207,3,0
2026-09-17 03:45:00+00:00,urn:ngsi-ld:Building:PUNE:BLD-PHOENIX-01,1252.92,14.1,0,1100.0,1362.89,1114.85,1286.04,1182.17,1745.8583333333333,4363.07,887.5755512320444,0.8314696123025451,0.5555702330196024,3,0
2026-09-17 04:00:00+00:00,urn:ngsi-ld:Building:PUNE:BLD-PHOENIX-01,1298.02,14.6,0,1341.06,1319.49,1171.29,1358.87,1363.67,1617.3429166666665,4363.07,699.3866655271222,0.8660254037844386,0.5000000000000001,3,0
2026-09-17 04:15:00+00:00,urn:ngsi-ld:Building:PUNE:BLD-PHOENIX-01,1372.28,15.9,0,1134.98,1250.47,1308.97,1224.91,1307.15,1489.6325,2239.5,385.71054581114765,0.8968727415326884,0.44228869021900125,3,0
2026-09-17 04:30:00+00:00,urn:ngsi-ld:Building:PUNE:BLD-PHOENIX-01,1338.09,15.5,0,1136.05,1359.8,1361.69,1224.59,1100.0,1462.6762500000002,2239.5,369.34896482282664,0.9238795325112867,0.38268343236508984,3,0
2026-09-17 04:45:00+00:00,urn:ngsi-ld:Building:PUNE:BLD-PHOENIX-01,1100.0,16.9,0,1246.19,1252.92,1362.89,1114.85,1287.25,1425.1175,2222.39,330.73303907009426,0.9469301294951056,0.3214394653031617,3,0
2026-09-17 05:00:00+00:00,urn:ngsi-ld:Building:PUNE:BLD-PHOENIX-01,1341.06,16.8,0,1190.47,1298.02,1319.49,1171.29,1286.78,1378.35125,2219.28,289.93311599483445,0.9659258262890683,0.25881904510252074,3,0
2026-09-17 05:15:00+00:00,urn:ngsi-ld:Building:PUNE:BLD-PHOENIX-01,1134.98,16.7,0,1259.4,1372.28,1250.47,1308.97,1223.85,1341.75875,2079.18,227.98751678840395,0.9807852804032304,0.19509032201612833,3,0
2026-09-17 05:30:00+00:00,urn:ngsi-ld:Building:PUNE:BLD-PHOENIX-01,1136.05,17.8,0,1467.31,1338.09,1359.8,1361.69,1220.38,1302.4170833333335,1990.72,169.05389280836053,0.9914448613738104,0.1305261922200517,3,0
2026-09-17 05:45:00+00:00,urn:ngsi-ld:Building:PUNE:BLD-PHOENIX-01,1246.19,17.6,0,1279.96,1100.0,1252.92,1362.89,1100.0,1266.8058333333333,1372.28,88.66234526995373,0.9978589232386035,0.06540312923014327,3,0
2026-09-17 06:00:00+00:00,urn:ngsi-ld:Building:PUNE:BLD-PHOENIX-01,1190.47,18.6,0,1346.79,1341.06,1298.02,1319.49,1444.26,1263.095,1372.28,87.52966841078361,1.0,6.123233995736766e-17,3,0
2026-09-17 06:15:00+00:00,urn:ngsi-ld:Building:PUNE:BLD-PHOENIX-01,1259.4,18.3,0,1185.91,1134.98,1372.28,1250.47,1227.33,1261.8679166666668,1372.28,88.36371427088513,0.9978589232386035,-0.06540312923014314,3,0
2026-09-17 06:30:00+00:00,urn:ngsi-ld:Building:PUNE:BLD-PHOENIX-01,1467.31,19.9,0,1242.76,1136.05,1338.09,1359.8,1281.91,1258.3308333333334,1372.28,86.60248660494446,0.9914448613738104,-0.1305261922200516,3,0
2026-09-17 06:45:00+00:00,urn:ngsi-ld:Building:PUNE:BLD-PHOENIX-01,1279.96,18.9,0,1295.95,1246.19,1100.0,1252.92,1232.37,1270.0262500000001,1467.31,95.039316294762,0.9807852804032304,-0.1950903220161282,3,0
2026-09-17 07:00:00+00:00,urn:ngsi-ld:Building:PUNE:BLD-PHOENIX-01,1346.79,19.7,0,1923.66,1190.47,1341.06,1298.02,1183.62,1269.7729166666666,1467.31,95.0028710536817,0.9659258262890683,-0.25881904510252063,3,0
2026-09-17 07:15:00+00:00,urn:ngsi-ld:Building:PUNE:BLD-PHOENIX-01,1185.91,20.4,0,2044.97,1259.4,1134.98,1372.28,1328.11,1269.2695833333335,1467.31,94.54118203061992,0.9469301294951057,-0.3214394653031616,3,0
2026-09-17 07:30:00+00:00,urn:ngsi-ld:Building:PUNE:BLD-PHOENIX-01,1242.76,21.2,0,1982.76,1467.31,1136.05,1338.09,1263.35,1267.6445833333332,1467.31,95.66528601103359,0.9238795325112868,-0.3826834323650895,3,0
2026-09-17 07:45:00+00:00,urn:ngsi-ld:Building:PUNE:BLD-PHOENIX-01,1295.95,22.3,0,2046.77,1279.96,1246.19,1100.0,1350.18,1268.4016666666669,1467.31,95.38121885399073,0.8968727415326884,-0.44228869021900113,3,0
2026-09-17 08:00:00+00:00,urn:ngsi-ld:Building:PUNE:BLD-PHOENIX-01,1923.66,22.8,0,2065.29,1346.79,1190.47,1341.06,1966.79,1275.9475,1467.31,89.69962310238958,0.8660254037844387,-0.4999999999999998,3,0
2026-09-17 08:15:00+00:00,urn:ngsi-ld:Building:PUNE:BLD-PHOENIX-01,2044.97,23.8,0,1967.32,1185.91,1259.4,1134.98,2185.5,1307.29625,1923.66,157.43196545214244,0.8314696123025451,-0.5555702330196023,3,0
2026-09-17 08:30:00+00:00,urn:ngsi-ld:Building:PUNE:BLD-PHOENIX-01,1982.76,24.7,0,1952.19,1242.76,1467.31,1136.05,2190.44,1337.9629166666666,2044.97,217.8591526945609,0.7933533402912352,-0.6087614290087207,3,0
2026-09-17 08:45:00+00:00,urn:ngsi-ld:Building:PUNE:BLD-PHOENIX-01,2046.77,23.7,0,2104.15,1295.95,1279.96,1246.19,1930.71,1363.8408333333334,2044.97,254.58989579848597,0.7518398074789774,-0.6593458151000688,3,0
2026-09-17 09:00:00+00:00,urn:ngsi-ld:Building:PUNE:BLD-PHOENIX-01,2065.29,26.0,0,4471.09,1923.66,1346.79,1190.47,1932.07,1392.3358333333333,2046.77,290.25270309056606,0.7071067811865476,-0.7071067811865475,3,0
2026-09-17 09:15:00+00:00,urn:ngsi-ld:Building:PUNE:BLD-PHOENIX-01,1967.32,25.7,0,4616.7,2044.97,1185.91,1259.4,2072.72,1423.4108333333334,2065.29,320.4655301264196,0.659345815100069,-0.7518398074789773,3,0
2026-09-17 09:30:00+00:00,urn:ngsi-ld:Building:PUNE:BLD-PHOENIX-01,1952.19,27.5,0,4574.45,1982.76,1242.76,1467.31,2135.82,1453.2795833333332,2065.29,336.64423385334834,0.6087614290087209,-0.793353340291235,3,0
2026-09-17 09:45:00+00:00,urn:ngsi-ld:Building:PUNE:BLD-PHOENIX-01,2104.15,26.6,0,4525.3,2046.77,1295.95,1279.96,2100.5,1477.9624999999999,2065.29,350.907276409153,0.5555702330196025,-0.831469612302545,3,0
2026-09-17 10:00:00+00:00,urn:ngsi-ld:Building:PUNE:BLD-PHOENIX-01,4471.09,26.5,1,4648.97,2065.29,1923.66,1346.79,4345.17,1513.4304166666668,2104.15,369.6885520151486,0.49999999999999994,-0.8660254037844387,3,0
2026-09-17 10:15:00+00:00,urn:ngsi-ld:Building:PUNE:BLD-PHOENIX-01,4616.7,28.6,1,4921.3,1967.32,2044.97,1185.91,4193.89,1645.6416666666667,4471.09,704.8044563389903,0.4422886902190017,-0.8968727415326881,3,0
2026-09-17 10:30:00+00:00,urn:ngsi-ld:Building:PUNE:BLD-PHOENIX-01,4574.45,29.1,1,4891.0,1952.19,1982.76,1242.76,4530.81,1780.8258333333335,4616.7,926.402607654351,0.3826834323650899,-0.9238795325112867,3,0
2026-09-17 10:45:00+00:00,urn:ngsi-ld:Building:PUNE:BLD-PHOENIX-01,4525.3,28.6,1,4760.45,2104.15,2046.77,1295.95,4777.46,1915.6741666666667,4616.7,1081.6855690799157,0.32143946530316175,-0.9469301294951056,3,0
2026-09-17 11:00:00+00:00,urn:ngsi-ld:Building:PUNE:BLD-PHOENIX-01,4648.97,29.2,1,4867.71,4471.09,2065.29,1923.66,4683.42,2058.395,4616.7,1189.9390812247636,0.258819045102521,-0.9659258262890682,3,0
2026-09-17 11:15:00+00:00,urn:ngsi-ld:Building:PUNE:BLD-PHOENIX-01,4921.3,30.7,1,4831.14,4616.7,1967.32,2044.97,4504.36,2196.224583333333,4648.97,1290.5601558169922,0.19509032201612816,-0.9807852804032304,3,0
2026-09-17 11:30:00+00:00,urn:ngsi-ld:Building:PUNE:BLD-PHOENIX-01,4891.0,30.9,1,4950.66,4574.45,1952.19,1982.76,4741.29,2353.9879166666665,4921.3,1383.285319991549,0.130526192220052,-0.9914448613738104,3,0
2026-09-17 11:45:00+00:00,urn:ngsi-ld:Building:PUNE:BLD-PHOENIX-01,4760.45,31.0,1,4952.38,4525.3,2104.15,2046.77,4983.68,2510.4441666666667,4921.3,1450.2709267998769,0.06540312923014312,-0.9978589232386035,3,0
2026-09-17 12:00:00+00:00,urn:ngsi-ld:Building:PUNE:BLD-PHOENIX-01,4867.71,31.8,1,5010.0,4648.97,4471.09,2065.29,4802.83,2656.8716666666664,4921.3,1493.8304404643568,1.2246467991473532e-16,-1.0,3,0
2026-09-17 12:15:00+00:00,urn:ngsi-ld:Building:PUNE:BLD-PHOENIX-01,4831.14,32.1,1,5175.27,4921.3,4616.7,1967.32,4931.02,2810.09,4921.3,1525.1404433662071,-0.06540312923014287,-0.9978589232386035,3,0
2026-09-17 12:30:00+00:00,urn:ngsi-ld:Building:PUNE:BLD-PHOENIX-01,4950.66,31.7,1,5191.6,4891.0,4574.45,1952.19,5007.76,2958.9125000000004,4921.3,1541.4233386577048,-0.13052619222005177,-0.9914448613738104,3,0
2026-09-17 12:45:00+00:00,urn:ngsi-ld:Building:PUNE:BLD-PHOENIX-01,4952.38,33.1,1,5141.35,4760.45,4525.3,2104.15,4846.91,3104.0520833333335,4950.66,1558.7660117262103,-0.19509032201612792,-0.9807852804032305,3,0
2026-09-17 13:00:00+00:00,urn:ngsi-ld:Building:PUNE:BLD-PHOENIX-01,5010.0,33.2,1,4951.53,4867.71,4648.97,4471.09,5246.54,3257.0695833333334,4952.38,1552.1561952987024,-0.2588190451025208,-0.9659258262890683,3,0
2026-09-17 13:15:00+00:00,urn:ngsi-ld:Building:PUNE:BLD-PHOENIX-01,5175.27,33.0,1,4853.92,4831.14,4921.3,4616.7,4987.41,3409.703333333333,5010.0,1536.1698719434148,-0.32143946530316153,-0.9469301294951057,3,0
2026-09-17 13:30:00+00:00,urn:ngsi-ld:Building:PUNE:BLD-PHOENIX-01,5191.6,33.7,1,5031.45,4950.66,4891.0,4574.45,5314.27,3575.9266666666667,5175.27,1500.5021664318422,-0.38268343236508967,-0.9238795325112868,3,0
2026-09-17 13:45:00+00:00,urn:ngsi-ld:Building:PUNE:BLD-PHOENIX-01,5141.35,34.5,1,5182.72,4952.38,4760.45,4525.3,5222.45,3740.4616666666666,5191.6,1449.1626745774245,-0.44228869021900147,-0.8968727415326883,3,0
2026-09-17 14:00:00+00:00,urn:ngsi-ld:Building:PUNE:BLD-PHOENIX-01,4951.53,32.8,1,5102.75,5010.0,4867.71,4648.97,5033.07,3900.6866666666665,5191.6,1377.9693335852733,-0.4999999999999997,-0.8660254037844388,3,0
2026-09-17 14:15:00+00:00,urn:ngsi-ld:Building:PUNE:BLD-PHOENIX-01,4853.92,33.3,1,5053.4,5175.27,4831.14,4921.3,5175.66,4026.847916666666,5191.6,1326.748649984087,-0.555570233019602,-0.8314696123025455,3,0
2026-09-17 14:30:00+00:00,urn:ngsi-ld:Building:PUNE:BLD-PHOENIX-01,5031.45,33.4,1,4814.85,5191.6,4950.66,4891.0,4967.72,4143.8875,5191.6,1266.859783639126,-0.6087614290087207,-0.7933533402912352,3,0
2026-09-17 14:45:00+00:00,urn:ngsi-ld:Building:PUNE:BLD-PHOENIX-01,5182.72,33.9,1,4893.73,5141.35,4952.38,4760.45,5276.55,4270.91625,5191.6,1191.3364654976604,-0.6593458151000688,-0.7518398074789774,3,0
2026-09-17 15:00:00+00:00,urn:ngsi-ld:Building:PUNE:BLD-PHOENIX-01,5102.75,33.1,1,4929.64,4951.53,5010.0,4867.71,5363.86,4401.580833333333,5191.6,1105.6829709079368,-0.7071067811865471,-0.7071067811865479,3,0
2026-09-17 15:15:00+00:00,urn:ngsi-ld:Building:PUNE:BLD-PHOENIX-01,5053.4,33.8,1,4833.0,4853.92,5175.27,4831.14,5056.23,4528.141666666667,5191.6,994.927592146534,-0.7518398074789773,-0.6593458151000691,3,0
2026-09-17 15:30:00+00:00,urn:ngsi-ld:Building:PUNE:BLD-PHOENIX-01,4814.85,32.9,1,5003.38,5031.45,5191.6,4950.66,5221.23,4656.7283333333335,5191.6,836.3617113565149,-0.7933533402912349,-0.6087614290087209,3,0
2026-09-17 15:45:00+00:00,urn:ngsi-ld:Building:PUNE:BLD-PHOENIX-01,4893.73,32.3,1,4942.32,5182.72,5141.35,4952.38,4873.54,4776.005833333334,5191.6,606.3986677592204,-0.8314696123025452,-0.5555702330196022,3,0
2026-09-17 16:00:00+00:00,urn:ngsi-ld:Building:PUNE:BLD-PHOENIX-01,4929.64,32.8,1,4706.51,5102.75,4951.53,5010.0,5031.44,4892.238333333334,5191.6,209.38319831411192,-0.8660254037844385,-0.5000000000000004,3,0
2026-09-17 16:15:00+00:00,urn:ngsi-ld:Building:PUNE:BLD-PHOENIX-01,4833.0,32.2,1,4759.97,5053.4,4853.92,5175.27,5084.9,4911.3445833333335,5191.6,189.23441191286534,-0.8968727415326883,-0.44228869021900136,3,0
2026-09-17 16:30:00+00:00,urn:ngsi-ld:Building:PUNE:BLD-PHOENIX-01,5003.38,32.3,1,4918.11,4814.85,5031.45,5191.6,5129.84,4920.357083333333,5191.6,179.49146528046927,-0.9238795325112868,-0.3826834323650895,3,0
2026-09-17 16:45:00+00:00,urn:ngsi-ld:Building:PUNE:BLD-PHOENIX-01,4942.32,32.1,1,4687.56,4893.73,5182.72,5141.35,4804.18,4938.229166666667,5191.6,164.2599348042603,-0.9469301294951056,-0.3214394653031618,3,0
2026-09-17 17:00:00+00:00,urn:ngsi-ld:Building:PUNE:BLD-PHOENIX-01,4706.51,30.6,1,4777.71,4929.64,5102.75,4951.53,4774.65,4955.6050000000005,5191.6,138.75700850303684,-0.9659258262890683,-0.25881904510252063,3,0
2026-09-17 17:15:00+00:00,urn:ngsi-ld:Building:PUNE:BLD-PHOENIX-01,4759.97,30.9,1,4636.98,4833.0,5053.4,4853.92,4701.35,4958.0025,5191.6,133.63090212293773,-0.9807852804032303,-0.19509032201612866,3,0
2026-09-17 17:30:00+00:00,urn:ngsi-ld:Building:PUNE:BLD-PHOENIX-01,4918.11,30.8,1,4406.24,5003.38,4814.85,5031.45,4933.66,4951.2804166666665,5191.6,139.48684493001687,-0.9914448613738104,-0.13052619222005163,3,0
2026-09-17 17:45:00+00:00,urn:ngsi-ld:Building:PUNE:BLD-PHOENIX-01,4687.56,30.8,1,4540.22,4942.32,4893.73,5182.72,4787.54,4952.41,5191.6,139.086657816718,-0.9978589232386035,-0.06540312923014273,3,0
2026-09-17 18:00:00+00:00,urn:ngsi-ld:Building:PUNE:BLD-PHOENIX-01,4777.71,30.2,1,4403.81,4706.51,4929.64,5102.75,4759.49,4949.372916666667,5191.6,144.16367067785535,-1.0,-1.8369701987210297e-16,3,0
2026-09-17 18:15:00+00:00,urn:ngsi-ld:Building:PUNE:BLD-PHOENIX-01,4636.98,28.8,1,4407.96,4759.97,4833.0,5053.4,4676.61,4945.622916666666,5191.6,147.51191487561118,-0.9978589232386036,0.06540312923014237,3,0
2026-09-17 18:30:00+00:00,urn:ngsi-ld:Building:PUNE:BLD-PHOENIX-01,4406.24,28.7,1,4365.81,4918.11,5003.38,4814.85,4732.53,4937.532916666666,5191.6,158.9446106826274,-0.9914448613738105,0.13052619222005127,3,0
2026-09-17 18:45:00+00:00,urn:ngsi-ld:Building:PUNE:BLD-PHOENIX-01,4540.22,28.5,1,4240.31,4687.56,4942.32,4893.73,4463.56,4914.84875,5191.6,192.3321495274855,-0.9807852804032304,0.1950903220161283,3,0
2026-09-17 19:00:00+00:00,urn:ngsi-ld:Building:PUNE:BLD-PHOENIX-01,4403.81,27.5,1,4140.06,4777.71,4706.51,4929.64,4562.76,4897.675416666667,5191.6,206.69953267612698,-0.9659258262890684,0.2588190451025203,3,0
2026-09-17 19:15:00+00:00,urn:ngsi-ld:Building:PUNE:BLD-PHOENIX-01,4407.96,26.6,1,4234.84,4636.98,4759.97,4833.0,4485.39,4872.4175000000005,5191.6,228.28692547169345,-0.9469301294951057,0.3214394653031615,3,0
2026-09-17 19:30:00+00:00,urn:ngsi-ld:Building:PUNE:BLD-PHOENIX-01,4365.81,26.4,1,4385.24,4406.24,4918.11,5003.38,4369.04,4840.44625,5191.6,237.5703502729618,-0.923879532511287,0.38268343236508917,3,0
2026-09-17 19:45:00+00:00,urn:ngsi-ld:Building:PUNE:BLD-PHOENIX-01,4240.31,26.1,1,4235.62,4540.22,4687.56,4942.32,4158.27,4806.038333333333,5182.72,244.20851218416,-0.8968727415326884,0.442288690219001,3,0
2026-09-17 20:00:00+00:00,urn:ngsi-ld:Building:PUNE:BLD-PHOENIX-01,4140.06,24.7,1,4508.68,4403.81,4777.71,4706.51,4286.52,4768.495,5182.72,259.21754578633374,-0.8660254037844386,0.5000000000000001,3,0
2026-09-17 20:15:00+00:00,urn:ngsi-ld:Building:PUNE:BLD-PHOENIX-01,4234.84,25.0,1,4443.8,4407.96,4636.98,4759.97,4486.23,4734.68375,5182.72,285.8585734211598,-0.8314696123025455,0.5555702330196018,3,0
2026-09-17 20:30:00+00:00,urn:ngsi-ld:Building:PUNE:BLD-PHOENIX-01,4385.24,24.1,1,4254.51,4365.81,4406.24,4918.11,4347.17,4708.88875,5182.72,302.10170864784146,-0.7933533402912357,0.6087614290087199,3,0
2026-09-17 20:45:00+00:00,urn:ngsi-ld:Building:PUNE:BLD-PHOENIX-01,4235.62,23.7,1,4334.99,4240.31,4540.22,4687.56,4378.14,4681.963333333333,5182.72,300.8978198899133,-0.7518398074789772,0.6593458151000691,3,0
2026-09-17 21:00:00+00:00,urn:ngsi-ld:Building:PUNE:BLD-PHOENIX-01,4508.68,22.7,1,4289.88,4140.06,4403.81,4777.71,4271.44,4642.500833333333,5102.75,294.40423648472523,-0.7071067811865477,0.7071067811865474,3,0
2026-09-17 21:15:00+00:00,urn:ngsi-ld:Building:PUNE:BLD-PHOENIX-01,4443.8,23.2,1,2065.59,4234.84,4407.96,4636.98,4432.47,4617.747916666666,5053.4,278.57341608210476,-0.6593458151000687,0.7518398074789775,3,0
2026-09-17 21:30:00+00:00,urn:ngsi-ld:Building:PUNE:BLD-PHOENIX-01,4254.51,21.7,1,2096.9,4385.24,4365.81,4406.24,4344.53,4592.347916666667,5003.38,264.5631105275275,-0.608761429008721,0.7933533402912349,3,0
2026-09-17 21:45:00+00:00,urn:ngsi-ld:Building:PUNE:BLD-PHOENIX-01,4334.99,21.4,1,1922.39,4235.62,4240.31,4540.22,4337.29,4569.000416666667,5003.38,268.7651674260738,-0.555570233019603,0.8314696123025447,3,0
2026-09-17 22:00:00+00:00,urn:ngsi-ld:Building:PUNE:BLD-PHOENIX-01,4289.88,20.7,1,2286.48,4508.68,4140.06,4403.81,4363.07,4545.7195833333335,5003.38,263.5627216907643,-0.5000000000000004,0.8660254037844384,3,0
2026-09-17 22:15:00+00:00,urn:ngsi-ld:Building:PUNE:BLD-PHOENIX-01,2065.59,19.7,0,1924.22,4443.8,4234.84,4407.96,2019.23,4519.062916666667,5003.38,255.2668873684596,-0.4422886902190014,0.8968727415326883,3,0
2026-09-17 22:30:00+00:00,urn:ngsi-ld:Building:PUNE:BLD-PHOENIX-01,2096.9,19.4,0,2098.37,4254.51,4385.24,4365.81,2239.5,4403.754166666667,5003.38,555.6263015256797,-0.38268343236508956,0.9238795325112868,3,0
2026-09-17 22:45:00+00:00,urn:ngsi-ld:Building:PUNE:BLD-PHOENIX-01,1922.39,18.4,0,1134.78,4334.99,4235.62,4240.31,2222.39,4282.650833333333,4942.32,713.5524748316743,-0.32143946530316186,0.9469301294951056,3,0
2026-09-17 23:00:00+00:00,urn:ngsi-ld:Building:PUNE:BLD-PHOENIX-01,2286.48,19.2,0,1268.61,4289.88,4508.68,4140.06,2219.28,4156.8204166666665,4918.11,846.123714653961,-0.25881904510252157,0.9659258262890681,3,0
2026-09-17 23:15:00+00:00,urn:ngsi-ld:Building:PUNE:BLD-PHOENIX-01,1924.22,18.0,0,1217.36,2065.59,4443.8,4234.84,2079.18,4055.9858333333336,4918.11,918.843194054427,-0.19509032201612872,0.9807852804032303,3,0
2026-09-17 23:30:00+00:00,urn:ngsi-ld:Building:PUNE:BLD-PHOENIX-01,2098.37,16.8,0,1309.01,2096.9,4254.51,4385.24,1990.72,3937.8295833333336,4918.11,1002.8664358227434,-0.13052619222005168,0.9914448613738104,3,0
2026-09-17 23:45:00+00:00,urn:ngsi-ld:Building:PUNE:BLD-PHOENIX-01,1134.78,17.7,0,1242.15,1922.39,4334.99,4235.62,1335.25,3820.3404166666674,4777.71,1047.220295475757,-0.0654031292301428,0.9978589232386035,3,0
2026-09-18 00:00:00+00:00,urn:ngsi-ld:Building:PUNE:BLD-PHOENIX-01,1268.61,16.4,0,1204.92,2286.48,4289.88,4508.68,1219.92,3672.307916666667,4777.71,1163.907512151754,0.0,1.0,4,0
2026-09-18 00:15:00+00:00,urn:ngsi-ld:Building:PUNE:BLD-PHOENIX-01,1217.36,16.6,0,1347.51,1924.22,2065.59,4443.8,1344.29,3526.095416666667,4636.98,1237.1150108636432,0.06540312923014306,0.9978589232386035,4,0
2026-09-18 00:30:00+00:00,urn:ngsi-ld:Building:PUNE:BLD-PHOENIX-01,1309.01,14.8,0,1296.59,2098.37,2096.9,4254.51,1186.62,3383.6112500000004,4540.22,1298.985969282965,0.13052619222005157,0.9914448613738104,4,0
2026-09-18 00:45:00+00:00,urn:ngsi-ld:Building:PUNE:BLD-PHOENIX-01,1242.15,16.2,0,1149.79,1134.78,1922.39,4334.99,1286.04,3254.56,4540.22,1345.974416647488,0.19509032201612825,0.9807852804032304,4,0
2026-09-18 01:00:00+00:00,urn:ngsi-ld:Building:PUNE:BLD-PHOENIX-01,1204.92,15.5,0,1265.0,1268.61,2286.48,4289.88,1358.87,3117.1404166666666,4508.68,1377.008998162879,0.25881904510252074,0.9659258262890683,4,0
2026-09-18 01:15:00+00:00,urn:ngsi-ld:Building:PUNE:BLD-PHOENIX-01,1347.51,14.5,0,1324.4,1217.36,1924.22,2065.59,1224.91,2983.853333333334,4508.68,1401.6486341127436,0.3214394653031616,0.9469301294951057,4,0
2026-09-18 01:30:00+00:00,urn:ngsi-ld:Building:PUNE:BLD-PHOENIX-01,1296.59,15.1,0,1155.71,1309.01,2098.37,2096.9,1224.59,2856.3345833333333,4508.68,1405.664155244389,0.3826834323650898,0.9238795325112867,4,0
2026-09-18 01:45:00+00:00,urn:ngsi-ld:Building:PUNE:BLD-PHOENIX-01,1149.79,15.6,0,1266.18,1242.15,1134.78,1922.39,1114.85,2728.4504166666666,4508.68,1401.9751903234226,0.44228869021900125,0.8968727415326884,4,0
2026-09-18 02:00:00+00:00,urn:ngsi-ld:Building:PUNE:BLD-PHOENIX-01,1265.0,14.3,0,1287.35,1204.92,1268.61,2286.48,1171.29,2599.67875,4508.68,1399.0022825083431,0.49999999999999994,0.8660254037844387,4,0
2026-09-18 02:15:00+00:00,urn:ngsi-ld:Building:PUNE:BLD-PHOENIX-01,1324.4,14.2,0,1280.43,1347.51,1217.36,1924.22,1308.97,2479.8845833333335,4508.68,1384.3841425010903,0.5555702330196022,0.8314696123025452,4,0
2026-09-18 02:30:00+00:00,urn:ngsi-ld:Building:PUNE:BLD-PHOENIX-01,1155.71,14.4,0,1181.96,1296.59,1309.01,2098.37,1361.69,2358.61625,4508.68,1351.0427428948228,0.6087614290087207,0.7933533402912352,4,0
2026-09-18 02:45:00+00:00,urn:ngsi-ld:Building:PUNE:BLD-PHOENIX-01,1266.18,14.6,0,1218.35,1149.79,1242.15,1134.78,1362.89,2224.0525000000002,4508.68,1300.2922965149205,0.6593458151000688,0.7518398074789774,4,0
2026-09-18 03:00:00+00:00,urn:ngsi-ld:Building:PUNE:BLD-PHOENIX-01,1287.35,15.1,0,1377.51,1265.0,1204.92,1268.61,1319.49,2100.3258333333333,4508.68,1240.4627170112306,0.7071067811865476,0.7071067811865476,4,0
2026-09-18 03:15:00+00:00,urn:ngsi-ld:Building:PUNE:BLD-PHOENIX-01,1280.43,15.0,0,1285.95,1324.4,1347.51,1217.36,1250.47,1966.10375,4443.8,1138.6411541558884,0.7518398074789774,0.6593458151000688,4,0
2026-09-18 03:30:00+00:00,urn:ngsi-ld:Building:PUNE:BLD-PHOENIX-01,1181.96,14.7,0,1130.19,1155.71,1296.59,1309.01,1359.8,1834.2966666666669,4334.99,1015.8269238822178,0.7933533402912352,0.6087614290087207,4,0
2026-09-18 03:45:00+00:00,urn:ngsi-ld:Building:PUNE:BLD-PHOENIX-01,1218.35,15.2,0,1259.63,1266.18,1149.79,1242.15,1252.92,1706.27375,4334.99,882.4017013553632,0.8314696123025451,0.5555702330196024,4,0
2026-09-18 04:00:00+00:00,urn:ngsi-ld:Building:PUNE:BLD-PHOENIX-01,1377.51,16.2,0,1294.61,1287.35,1265.0,1204.92,1298.02,1576.41375,4289.88,686.2547103239392,0.8660254037844386,0.5000000000000001,4,0
2026-09-18 04:15:00+00:00,urn:ngsi-ld:Building:PUNE:BLD-PHOENIX-01,1285.95,15.9,0,1184.25,1280.43,1324.4,1347.51,1372.28,1455.0649999999998,2286.48,370.3698670717232,0.8968727415326884,0.44228869021900125,4,0
2026-09-18 04:30:00+00:00,urn:ngsi-ld:Building:PUNE:BLD-PHOENIX-01,1130.19,15.7,0,1387.83,1181.96,1155.71,1296.59,1338.09,1422.5800000000002,2286.48,348.0086696945226,0.9238795325112867,0.38268343236508984,4,0
2026-09-18 04:45:00+00:00,urn:ngsi-ld:Building:PUNE:BLD-PHOENIX-01,1259.63,16.0,0,1212.88,1218.35,1266.18,1149.79,1100.0,1382.3004166666667,2286.48,321.50302993328444,0.9469301294951056,0.3214394653031617,4,0
2026-09-18 05:00:00+00:00,urn:ngsi-ld:Building:PUNE:BLD-PHOENIX-01,1294.61,16.6,0,1240.24,1377.51,1287.35,1265.0,1341.06,1354.6854166666667,2286.48,300.8990669711489,0.9659258262890683,0.25881904510252074,4,0
2026-09-18 05:15:00+00:00,urn:ngsi-ld:Building:PUNE:BLD-PHOENIX-01,1184.25,17.4,0,1294.9,1285.95,1280.43,1324.4,1134.98,1313.3575,2098.37,226.19746135589915,0.9807852804032304,0.19509032201612833,4,0
2026-09-18 05:30:00+00:00,urn:ngsi-ld:Building:PUNE:BLD-PHOENIX-01,1387.83,16.9,0,1268.03,1130.19,1181.96,1155.71,1136.05,1282.5254166666666,2098.37,186.2096342011441,0.9914448613738104,0.1305261922200517,4,0
2026-09-18 05:45:00+00:00,urn:ngsi-ld:Building:PUNE:BLD-PHOENIX-01,1212.88,18.2,0,1100.0,1259.63,1218.35,1266.18,1246.19,1252.9195833333333,1387.83,72.81697822039453,0.9978589232386035,0.06540312923014327,4,0
2026-09-18 06:00:00+00:00,urn:ngsi-ld:Building:PUNE:BLD-PHOENIX-01,1240.24,18.2,0,1366.74,1294.61,1377.51,1287.35,1190.47,1256.17375,1387.83,68.95027822912763,1.0,6.123233995736766e-17,4,0
2026-09-18 06:15:00+00:00,urn:ngsi-ld:Building:PUNE:BLD-PHOENIX-01,1294.9,18.7,0,1100.0,1184.25,1285.95,1280.43,1259.4,1254.9916666666666,1387.83,68.97098581285668,0.9978589232386035,-0.06540312923014314,4,0
2026-09-18 06:30:00+00:00,urn:ngsi-ld:Building:PUNE:BLD-PHOENIX-01,1268.03,20.8,0,1432.23,1387.83,1130.19,1181.96,1467.31,1258.2225,1387.83,68.94766201812399,0.9914448613738104,-0.1305261922200516,4,0
2026-09-18 06:45:00+00:00,urn:ngsi-ld:Building:PUNE:BLD-PHOENIX-01,1100.0,20.2,0,1394.34,1212.88,1259.63,1218.35,1279.96,1256.515,1387.83,68.13789911342667,0.9807852804032304,-0.1950903220161282,4,0
2026-09-18 07:00:00+00:00,urn:ngsi-ld:Building:PUNE:BLD-PHOENIX-01,1366.74,20.1,0,2139.11,1240.24,1294.61,1377.51,1346.79,1250.5920833333332,1387.83,75.24812151185178,0.9659258262890683,-0.25881904510252063,4,0
2026-09-18 07:15:00+00:00,urn:ngsi-ld:Building:PUNE:BLD-PHOENIX-01,1100.0,21.2,0,1826.75,1294.9,1184.25,1285.95,1185.91,1257.3345833333333,1387.83,78.170872812576,0.9469301294951057,-0.3214394653031616,4,0
2026-09-18 07:30:00+00:00,urn:ngsi-ld:Building:PUNE:BLD-PHOENIX-01,1432.23,21.9,0,2159.33,1268.03,1387.83,1130.19,1242.76,1247.0216666666668,1387.83,81.99039671548333,0.9238795325112868,-0.3826834323650895,4,0
2026-09-18 07:45:00+00:00,urn:ngsi-ld:Building:PUNE:BLD-PHOENIX-01,1394.34,20.9,0,2105.56,1100.0,1212.88,1259.63,1295.95,1252.6733333333334,1432.23,89.85357497713237,0.8968727415326884,-0.44228869021900113,4,0
2026-09-18 08:00:00+00:00,urn:ngsi-ld:Building:PUNE:BLD-PHOENIX-01,2139.11,21.1,0,1873.17,1366.74,1240.24,1294.61,1923.66,1262.8629166666667,1432.23,91.52972790882016,0.8660254037844387,-0.4999999999999998,4,0
2026-09-18 08:15:00+00:00,urn:ngsi-ld:Building:PUNE:BLD-PHOENIX-01,1826.75,23.4,0,2216.23,1100.0,1294.9,1184.25,2044.97,1299.2841666666666,2139.11,200.93856947724942,0.8314696123025451,-0.5555702330196023,4,0
2026-09-18 08:30:00+00:00,urn:ngsi-ld:Building:PUNE:BLD-PHOENIX-01,2159.33,24.3,0,1861.15,1432.23,1268.03,1387.83,1982.76,1320.2154166666667,2139.11,228.0093139778045,0.7933533402912352,-0.6087614290087207,4,0
2026-09-18 08:45:00+00:00,urn:ngsi-ld:Building:PUNE:BLD-PHOENIX-01,2105.56,24.8,0,1969.63,1394.34,1100.0,1212.88,2046.77,1362.0329166666668,2159.33,282.13564880363356,0.7518398074789774,-0.6593458151000688,4,0
2026-09-18 09:00:00+00:00,urn:ngsi-ld:Building:PUNE:BLD-PHOENIX-01,1873.17,25.0,0,4354.2,2139.11,1366.74,1240.24,2065.29,1397.0070833333332,2159.33,319.31313413355826,0.7071067811865476,-0.7071067811865475,4,0
2026-09-18 09:15:00+00:00,urn:ngsi-ld:Building:PUNE:BLD-PHOENIX-01,2216.23,26.3,0,4379.47,1826.75,1100.0,1294.9,1967.32,1421.41625,2159.33,332.6773639246852,0.659345815100069,-0.7518398074789773,4,0
2026-09-18 09:30:00+00:00,urn:ngsi-ld:Building:PUNE:BLD-PHOENIX-01,1861.15,27.1,0,4661.98,2159.33,1432.23,1268.03,1952.19,1460.4079166666668,2216.23,368.3612727835525,0.6087614290087209,-0.793353340291235,4,0
2026-09-18 09:45:00+00:00,urn:ngsi-ld:Building:PUNE:BLD-PHOENIX-01,1969.63,26.1,0,4557.75,2105.56,1394.34,1100.0,2104.15,1488.7075000000002,2216.23,372.10977860377807,0.5555702330196025,-0.831469612302545,4,0
2026-09-18 10:00:00+00:00,urn:ngsi-ld:Building:PUNE:BLD-PHOENIX-01,4354.2,26.7,1,4503.97,1873.17,2139.11,1366.74,4471.09,1520.0108333333335,2216.23,379.8962394713028,0.49999999999999994,-0.8660254037844387,4,0
2026-09-18 10:15:00+00:00,urn:ngsi-ld:Building:PUNE:BLD-PHOENIX-01,4379.47,28.4,1,4741.88,2216.23,1826.75,1100.0,4616.7,1644.0395833333332,4354.2,690.3846791178347,0.4422886902190017,-0.8968727415326881,4,0
2026-09-18 10:30:00+00:00,urn:ngsi-ld:Building:PUNE:BLD-PHOENIX-01,4661.98,29.2,1,4826.86,1861.15,2159.33,1432.23,4574.45,1772.9362499999997,4379.47,882.6373551726358,0.3826834323650899,-0.9238795325112867,4,0
2026-09-18 10:45:00+00:00,urn:ngsi-ld:Building:PUNE:BLD-PHOENIX-01,4557.75,28.9,1,4835.33,1969.63,2105.56,1394.34,4525.3,1920.0941666666668,4661.98,1049.4686089342351,0.32143946530316175,-0.9469301294951056,4,0
2026-09-18 11:00:00+00:00,urn:ngsi-ld:Building:PUNE:BLD-PHOENIX-01,4503.97,28.6,1,4931.81,4354.2,1873.17,2139.11,4648.97,2057.5158333333334,4661.98,1168.4181528623908,0.258819045102521,-0.9659258262890682,4,0
2026-09-18 11:15:00+00:00,urn:ngsi-ld:Building:PUNE:BLD-PHOENIX-01,4741.88,30.3,1,4917.61,4379.47,2216.23,1826.75,4921.3,2191.2391666666667,4661.98,1257.5609398421313,0.19509032201612816,-0.9807852804032304,4,0
2026-09-18 11:30:00+00:00,urn:ngsi-ld:Building:PUNE:BLD-PHOENIX-01,4826.86,30.9,1,4956.18,4661.98,1861.15,2159.33,4891.0,2339.4737499999997,4741.88,1340.6349335906282,0.130526192220052,-0.9914448613738104,4,0
2026-09-18 11:45:00+00:00,urn:ngsi-ld:Building:PUNE:BLD-PHOENIX-01,4835.33,31.0,1,4983.21,4557.75,1969.63,2105.56,4760.45,2482.766666666667,4826.86,1416.1586509828578,0.06540312923014312,-0.9978589232386035,4,0
2026-09-18 12:00:00+00:00,urn:ngsi-ld:Building:PUNE:BLD-PHOENIX-01,4931.81,32.1,1,4987.41,4503.97,4354.2,1873.17,4867.71,2633.702083333333,4835.33,1467.0557406261473,1.2246467991473532e-16,-1.0,4,0
2026-09-18 12:15:00+00:00,urn:ngsi-ld:Building:PUNE:BLD-PHOENIX-01,4917.61,32.1,1,4968.61,4741.88,4379.47,2216.23,4831.14,2787.5175,4931.81,1507.5686097538605,-0.06540312923014287,-0.9978589232386035,4,0
2026-09-18 12:30:00+00:00,urn:ngsi-ld:Building:PUNE:BLD-PHOENIX-01,4956.18,31.8,1,4983.09,4826.86,4661.98,1861.15,4950.66,2938.4637500000003,4931.81,1532.773901610806,-0.13052619222005177,-0.9914448613738104,4,0
2026-09-18 12:45:00+00:00,urn:ngsi-ld:Building:PUNE:BLD-PHOENIX-01,4983.21,32.2,1,5173.2,4835.33,4557.75,1969.63,4952.38,3092.1366666666668,4956.18,1542.8680993291398,-0.19509032201612792,-0.9807852804032305,4,0
2026-09-18 13:00:00+00:00,urn:ngsi-ld:Building:PUNE:BLD-PHOENIX-01,4987.41,32.8,1,5231.54,4931.81,4503.97,4354.2,5010.0,3253.9370833333337,4983.21,1528.4179119442342,-0.2588190451025208,-0.9659258262890683,4,0
2026-09-18 13:15:00+00:00,urn:ngsi-ld:Building:PUNE:BLD-PHOENIX-01,4968.61,32.8,1,4985.82,4917.61,4741.88,4379.47,5175.27,3404.7983333333336,4987.41,1512.6510981822169,-0.32143946530316153,-0.9469301294951057,4,0
2026-09-18 13:30:00+00:00,urn:ngsi-ld:Building:PUNE:BLD-PHOENIX-01,4983.09,32.2,1,4864.21,4956.18,4826.86,4661.98,5191.6,3565.990416666667,4987.41,1461.6314469900542,-0.38268343236508967,-0.9238795325112868,4,0
2026-09-18 13:45:00+00:00,urn:ngsi-ld:Building:PUNE:BLD-PHOENIX-01,5173.2,33.5,1,5331.16,4983.21,4835.33,4557.75,5141.35,3713.942916666667,4987.41,1415.2324789249842,-0.44228869021900147,-0.8968727415326883,4,0
2026-09-18 14:00:00+00:00,urn:ngsi-ld:Building:PUNE:BLD-PHOENIX-01,5231.54,33.1,1,5044.48,4987.41,4931.81,4503.97,4951.53,3871.3954166666663,5173.2,1354.8654816333428,-0.4999999999999997,-0.8660254037844388,4,0
2026-09-18 14:15:00+00:00,urn:ngsi-ld:Building:PUNE:BLD-PHOENIX-01,4985.82,33.3,1,5168.07,4968.61,4917.61,4741.88,4853.92,4000.2466666666664,5231.54,1329.774546731974,-0.555570233019602,-0.8314696123025455,4,0
2026-09-18 14:30:00+00:00,urn:ngsi-ld:Building:PUNE:BLD-PHOENIX-01,4864.21,32.9,1,5178.25,4983.09,4956.18,4826.86,5031.45,4131.874583333333,5231.54,1259.7852330904898,-0.6087614290087207,-0.7933533402912352,4,0
2026-09-18 14:45:00+00:00,urn:ngsi-ld:Building:PUNE:BLD-PHOENIX-01,5331.16,34.4,1,5294.09,5173.2,4983.21,4835.33,5182.72,4244.577916666667,5231.54,1194.9692957269879,-0.6593458151000688,-0.7518398074789774,4,0
2026-09-18 15:00:00+00:00,urn:ngsi-ld:Building:PUNE:BLD-PHOENIX-01,5044.48,33.8,1,4993.78,5231.54,4987.41,4931.81,5102.75,4378.977916666666,5331.16,1123.1676777484972,-0.7071067811865471,-0.7071067811865479,4,0
2026-09-18 15:15:00+00:00,urn:ngsi-ld:Building:PUNE:BLD-PHOENIX-01,5168.07,34.4,1,4767.15,4985.82,4968.61,4917.61,5053.4,4511.115833333333,5331.16,994.7557916389734,-0.7518398074789773,-0.6593458151000691,4,0
2026-09-18 15:30:00+00:00,urn:ngsi-ld:Building:PUNE:BLD-PHOENIX-01,5178.25,33.0,1,5040.65,4864.21,4983.09,4956.18,4814.85,4634.109166666666,5331.16,873.8080105264272,-0.7933533402912349,-0.6087614290087209,4,0
2026-09-18 15:45:00+00:00,urn:ngsi-ld:Building:PUNE:BLD-PHOENIX-01,5294.09,33.4,1,4956.63,5331.16,5173.2,4983.21,4893.73,4772.321666666667,5331.16,649.7408220986733,-0.8314696123025452,-0.5555702330196022,4,0
2026-09-18 16:00:00+00:00,urn:ngsi-ld:Building:PUNE:BLD-PHOENIX-01,4993.78,32.9,1,4824.64,5044.48,5231.54,4987.41,4929.64,4910.840833333333,5331.16,269.17040926776394,-0.8660254037844385,-0.5000000000000004,4,0
2026-09-18 16:15:00+00:00,urn:ngsi-ld:Building:PUNE:BLD-PHOENIX-01,4767.15,32.2,1,4937.19,5168.07,4985.82,4968.61,4833.0,4937.490000000001,5331.16,241.9484248131798,-0.8968727415326883,-0.44228869021900136,4,0
2026-09-18 16:30:00+00:00,urn:ngsi-ld:Building:PUNE:BLD-PHOENIX-01,5040.65,32.1,1,4713.31,5178.25,4864.21,4983.09,5003.38,4953.643333333333,5331.16,214.45228486558958,-0.9238795325112868,-0.3826834323650895,4,0
2026-09-18 16:45:00+00:00,urn:ngsi-ld:Building:PUNE:BLD-PHOENIX-01,4956.63,32.3,1,4487.64,5294.09,5331.16,5173.2,4942.32,4969.42125,5331.16,205.81682796189642,-0.9469301294951056,-0.3214394653031618,4,0
2026-09-18 17:00:00+00:00,urn:ngsi-ld:Building:PUNE:BLD-PHOENIX-01,4824.64,30.9,1,4940.67,4993.78,5044.48,5231.54,4706.51,4986.04125,5331.16,186.30900534407118,-0.9659258262890683,-0.25881904510252063,4,0
2026-09-18 17:15:00+00:00,urn:ngsi-ld:Building:PUNE:BLD-PHOENIX-01,4937.19,31.8,1,4484.95,4767.15,5168.07,4985.82,4759.97,4999.4025,5331.16,159.8541682216665,-0.9807852804032303,-0.19509032201612866,4,0
2026-09-18 17:30:00+00:00,urn:ngsi-ld:Building:PUNE:BLD-PHOENIX-01,4713.31,30.8,1,4506.76,5040.65,5178.25,4864.21,4918.11,5007.540416666667,5331.16,150.8944790957339,-0.9914448613738104,-0.13052619222005163,4,0
2026-09-18 17:45:00+00:00,urn:ngsi-ld:Building:PUNE:BLD-PHOENIX-01,4487.64,30.8,1,4604.59,4956.63,5294.09,5331.16,4687.56,5002.809166666667,5331.16,158.3994948915522,-0.9978589232386035,-0.06540312923014273,4,0
2026-09-18 18:00:00+00:00,urn:ngsi-ld:Building:PUNE:BLD-PHOENIX-01,4940.67,30.0,1,4509.33,4824.64,4993.78,5044.48,4777.71,4988.3220833333335,5331.16,187.59254928610432,-1.0,-1.8369701987210297e-16,4,0
2026-09-18 18:15:00+00:00,urn:ngsi-ld:Building:PUNE:BLD-PHOENIX-01,4484.95,28.4,1,4659.42,4937.19,4767.15,5168.07,4636.98,4988.69125,5331.16,187.4851900542773,-0.9978589232386036,0.06540312923014237,4,0
2026-09-18 18:30:00+00:00,urn:ngsi-ld:Building:PUNE:BLD-PHOENIX-01,4506.76,28.7,1,4368.55,4713.31,5040.65,5178.25,4406.24,4970.66375,5331.16,213.5994772794072,-0.9914448613738105,0.13052619222005127,4,0
2026-09-18 18:45:00+00:00,urn:ngsi-ld:Building:PUNE:BLD-PHOENIX-01,4604.59,28.8,1,4298.37,4487.64,4956.63,5294.09,4540.22,4951.937916666667,5331.16,233.68039211859931,-0.9807852804032304,0.1950903220161283,4,0
2026-09-18 19:00:00+00:00,urn:ngsi-ld:Building:PUNE:BLD-PHOENIX-01,4509.33,27.7,1,4223.13,4940.67,4824.64,4993.78,4403.81,4936.162083333334,5331.16,244.0286579923998,-0.9659258262890684,0.2588190451025203,4,0
2026-09-18 19:15:00+00:00,urn:ngsi-ld:Building:PUNE:BLD-PHOENIX-01,4659.42,27.1,1,4353.07,4484.95,4937.19,4767.15,4407.96,4916.2420833333335,5331.16,258.73316798822583,-0.9469301294951057,0.3214394653031615,4,0
2026-09-18 19:30:00+00:00,urn:ngsi-ld:Building:PUNE:BLD-PHOENIX-01,4368.55,26.5,1,4354.03,4506.76,4713.31,5040.65,4365.81,4903.359166666666,5331.16,263.66295314313317,-0.923879532511287,0.38268343236508917,4,0
2026-09-18 19:45:00+00:00,urn:ngsi-ld:Building:PUNE:BLD-PHOENIX-01,4298.37,24.8,1,4173.44,4604.59,4487.64,4956.63,4240.31,4877.753333333333,5331.16,284.5931914256028,-0.8968727415326884,0.442288690219001,4,0
2026-09-18 20:00:00+00:00,urn:ngsi-ld:Building:PUNE:BLD-PHOENIX-01,4223.13,25.9,1,4412.82,4509.33,4940.67,4824.64,4140.06,4841.302083333333,5331.16,300.6770051643683,-0.8660254037844386,0.5000000000000001,4,0
2026-09-18 20:15:00+00:00,urn:ngsi-ld:Building:PUNE:BLD-PHOENIX-01,4353.07,23.3,1,4457.78,4659.42,4484.95,4937.19,4234.84,4799.285,5331.16,313.9394748507691,-0.8314696123025455,0.5555702330196018,4,0
2026-09-18 20:30:00+00:00,urn:ngsi-ld:Building:PUNE:BLD-PHOENIX-01,4354.03,24.8,1,4457.57,4368.55,4506.76,4713.31,4385.24,4772.920416666667,5331.16,324.00108620967194,-0.7933533402912357,0.6087614290087199,4,0
2026-09-18 20:45:00+00:00,urn:ngsi-ld:Building:PUNE:BLD-PHOENIX-01,4173.44,23.2,1,4412.1,4298.37,4604.59,4487.64,4235.62,4751.662916666666,5331.16,334.3230948788832,-0.7518398074789772,0.6593458151000691,4,0
2026-09-18 21:00:00+00:00,urn:ngsi-ld:Building:PUNE:BLD-PHOENIX-01,4412.82,23.0,1,4432.5,4223.13,4509.33,4940.67,4508.68,4703.424583333333,5294.09,330.5747839614102,-0.7071067811865477,0.7071067811865474,4,0
2026-09-18 21:15:00+00:00,urn:ngsi-ld:Building:PUNE:BLD-PHOENIX-01,4457.78,21.1,1,1907.4,4353.07,4659.42,4484.95,4443.8,4677.105416666666,5294.09,327.3703049530388,-0.6593458151000687,0.7518398074789775,4,0
2026-09-18 21:30:00+00:00,urn:ngsi-ld:Building:PUNE:BLD-PHOENIX-01,4457.57,22.0,1,2037.67,4354.03,4368.55,4506.76,4254.51,4647.51,5294.09,312.8394760478957,-0.608761429008721,0.7933533402912349,4,0
2026-09-18 21:45:00+00:00,urn:ngsi-ld:Building:PUNE:BLD-PHOENIX-01,4412.1,21.3,1,2080.84,4173.44,4298.37,4604.59,4334.99,4617.481666666667,5294.09,293.6818602215614,-0.555570233019603,0.8314696123025447,4,0
2026-09-18 22:00:00+00:00,urn:ngsi-ld:Building:PUNE:BLD-PHOENIX-01,4432.5,20.7,1,2159.11,4412.82,4223.13,4509.33,4289.88,4580.732083333333,5040.65,258.39789277610384,-0.5000000000000004,0.8660254037844384,4,0
2026-09-18 22:15:00+00:00,urn:ngsi-ld:Building:PUNE:BLD-PHOENIX-01,1907.4,18.7,0,2072.66,4457.78,4353.07,4659.42,2065.59,4557.345416666667,5040.65,244.41016252940918,-0.4422886902190014,0.8968727415326883,4,0
2026-09-18 22:30:00+00:00,urn:ngsi-ld:Building:PUNE:BLD-PHOENIX-01,2037.67,18.8,0,2032.12,4457.57,4354.03,4368.55,2096.9,4438.189166666666,5040.65,590.1868236187536,-0.38268343236508956,0.9238795325112868,4,0
2026-09-18 22:45:00+00:00,urn:ngsi-ld:Building:PUNE:BLD-PHOENIX-01,2080.84,19.0,0,1100.0,4412.1,4173.44,4298.37,1922.39,4313.065,4956.63,752.8253749708515,-0.32143946530316186,0.9469301294951056,4,0
2026-09-18 23:00:00+00:00,urn:ngsi-ld:Building:PUNE:BLD-PHOENIX-01,2159.11,18.9,0,1303.81,4432.5,4412.82,4223.13,2286.48,4193.2404166666665,4940.67,866.2568461990801,-0.25881904510252157,0.9659258262890681,4,0
2026-09-18 23:15:00+00:00,urn:ngsi-ld:Building:PUNE:BLD-PHOENIX-01,2072.66,17.2,0,1433.1,1907.4,4457.78,4353.07,1924.22,4082.1766666666667,4940.67,948.7336778256473,-0.19509032201612872,0.9807852804032303,4,0
2026-09-18 23:30:00+00:00,urn:ngsi-ld:Building:PUNE:BLD-PHOENIX-01,2032.12,16.8,0,1262.59,2037.67,4457.57,4354.03,2098.37,3962.8212499999995,4940.67,1014.4051772786215,-0.13052619222005168,0.9914448613738104,4,0
2026-09-18 23:45:00+00:00,urn:ngsi-ld:Building:PUNE:BLD-PHOENIX-01,1100.0,17.1,0,1406.94,2080.84,4412.1,4173.44,1134.78,3851.105,4940.67,1074.0466414736677,-0.0654031292301428,0.9978589232386035,4,0
2026-09-19 00:00:00+00:00,urn:ngsi-ld:Building:PUNE:BLD-PHOENIX-01,1303.81,17.9,0,1264.2,2159.11,4432.5,4412.82,1268.61,3709.9533333333334,4940.67,1201.7647025743504,0.0,1.0,5,1
2026-09-19 00:15:00+00:00,urn:ngsi-ld:Building:PUNE:BLD-PHOENIX-01,1433.1,15.7,0,1305.59,2072.66,1907.4,4457.78,1217.36,3558.4175,4659.42,1267.335973852063,0.06540312923014306,0.9978589232386035,5,1
2026-09-19 00:30:00+00:00,urn:ngsi-ld:Building:PUNE:BLD-PHOENIX-01,1262.59,15.6,0,1355.49,2032.12,2037.67,4457.57,1309.01,3431.2570833333334,4659.42,1322.2455916865788,0.13052619222005157,0.9914448613738104,5,1
2026-09-19 00:45:00+00:00,urn:ngsi-ld:Building:PUNE:BLD-PHOENIX-01,1406.94,15.2,0,1280.15,1100.0,2080.84,4412.1,1242.15,3296.0833333333335,4659.42,1372.391629980512,0.19509032201612825,0.9807852804032304,5,1
2026-09-19 01:00:00+00:00,urn:ngsi-ld:Building:PUNE:BLD-PHOENIX-01,1264.2,15.2,0,1266.21,1303.81,2159.11,4432.5,1204.92,3162.847916666667,4659.42,1394.8692425238053,0.25881904510252074,0.9659258262890683,5,1
2026-09-19 01:15:00+00:00,urn:ngsi-ld:Building:PUNE:BLD-PHOENIX-01,1305.59,15.7,0,1193.08,1433.1,2072.66,1907.4,1347.51,3027.6341666666667,4659.42,1415.7997954786968,0.3214394653031616,0.9469301294951057,5,1
2026-09-19 01:30:00+00:00,urn:ngsi-ld:Building:PUNE:BLD-PHOENIX-01,1355.49,14.8,0,1103.94,1262.59,2032.12,2037.67,1296.59,2887.89125,4457.78,1413.2491936954923,0.3826834323650898,0.9238795325112867,5,1
2026-09-19 01:45:00+00:00,urn:ngsi-ld:Building:PUNE:BLD-PHOENIX-01,1280.15,16.2,0,1200.81,1406.94,1100.0,2080.84,1149.79,2762.3470833333336,4457.78,1409.824482913223,0.44228869021900125,0.8968727415326884,5,1
2026-09-19 02:00:00+00:00,urn:ngsi-ld:Building:PUNE:BLD-PHOENIX-01,1266.21,14.7,0,1418.06,1264.2,1303.81,2159.11,1265.0,2636.587916666667,4457.78,1401.4416433211118,0.49999999999999994,0.8660254037844387,5,1
2026-09-19 02:15:00+00:00,urn:ngsi-ld:Building:PUNE:BLD-PHOENIX-01,1193.08,15.3,0,1163.35,1305.59,1433.1,2072.66,1324.4,2513.3829166666665,4457.78,1385.7881473589905,0.5555702330196022,0.8314696123025452,5,1
2026-09-19 02:30:00+00:00,urn:ngsi-ld:Building:PUNE:BLD-PHOENIX-01,1103.94,14.3,0,1380.6,1355.49,1262.59,2032.12,1155.71,2381.7166666666667,4457.78,1353.129855735964,0.6087614290087207,0.7933533402912352,5,1
2026-09-19 02:45:00+00:00,urn:ngsi-ld:Building:PUNE:BLD-PHOENIX-01,1200.81,13.8,0,1252.67,1280.15,1406.94,1100.0,1266.18,2246.29625,4457.78,1309.076244701514,0.6593458151000688,0.7518398074789774,5,1
2026-09-19 03:00:00+00:00,urn:ngsi-ld:Building:PUNE:BLD-PHOENIX-01,1418.06,14.5,0,1356.87,1266.21,1264.2,1303.81,1287.35,2122.436666666667,4457.78,1258.4604791558097,0.7071067811865476,0.7071067811865476,5,1
2026-09-19 03:15:00+00:00,urn:ngsi-ld:Building:PUNE:BLD-PHOENIX-01,1163.35,15.0,0,1287.24,1193.08,1305.59,1433.1,1280.43,1997.655,4457.78,1166.6045754499837,0.7518398074789774,0.6593458151000688,5,1
2026-09-19 03:30:00+00:00,urn:ngsi-ld:Building:PUNE:BLD-PHOENIX-01,1380.6,14.4,0,1269.51,1103.94,1355.49,1262.59,1181.96,1860.3870833333333,4457.57,1052.819272865564,0.7933533402912352,0.6087614290087207,5,1
2026-09-19 03:45:00+00:00,urn:ngsi-ld:Building:PUNE:BLD-PHOENIX-01,1252.67,15.7,0,1288.99,1200.81,1280.15,1406.94,1218.35,1732.1800000000003,4432.5,898.8930604238882,0.8314696123025451,0.5555702330196024,5,1
2026-09-19 04:00:00+00:00,urn:ngsi-ld:Building:PUNE:BLD-PHOENIX-01,1356.87,15.0,0,1117.56,1418.06,1266.21,1264.2,1377.51,1600.5370833333334,4432.5,698.3285304239886,0.8660254037844386,0.5000000000000001,5,1
2026-09-19 04:15:00+00:00,urn:ngsi-ld:Building:PUNE:BLD-PHOENIX-01,1287.24,14.9,0,1356.19,1163.35,1193.08,1305.59,1285.95,1472.385833333333,2159.11,352.7196691044422,0.8968727415326884,0.44228869021900125,5,1
2026-09-19 04:30:00+00:00,urn:ngsi-ld:Building:PUNE:BLD-PHOENIX-01,1269.51,17.1,0,1214.16,1380.6,1103.94,1355.49,1130.19,1446.5458333333333,2159.11,342.019165136945,0.9238795325112867,0.38268343236508984,5,1
2026-09-19 04:45:00+00:00,urn:ngsi-ld:Building:PUNE:BLD-PHOENIX-01,1288.99,15.6,0,1235.76,1252.67,1200.81,1280.15,1259.63,1414.5391666666665,2159.11,319.49696733828887,0.9469301294951056,0.3214394653031617,5,1
2026-09-19 05:00:00+00:00,urn:ngsi-ld:Building:PUNE:BLD-PHOENIX-01,1117.56,16.2,0,1153.95,1356.87,1418.06,1266.21,1294.61,1381.5454166666666,2159.11,286.92377953150856,0.9659258262890683,0.25881904510252074,5,1
2026-09-19 05:15:00+00:00,urn:ngsi-ld:Building:PUNE:BLD-PHOENIX-01,1356.19,17.3,0,1294.32,1287.24,1163.35,1193.08,1184.25,1338.1474999999998,2072.66,238.96164780957983,0.9807852804032304,0.19509032201612833,5,1
2026-09-19 05:30:00+00:00,urn:ngsi-ld:Building:PUNE:BLD-PHOENIX-01,1214.16,17.1,0,1333.92,1269.51,1380.6,1103.94,1387.83,1308.294583333333,2032.12,180.91429508193204,0.9914448613738104,0.1305261922200517,5,1
2026-09-19 05:45:00+00:00,urn:ngsi-ld:Building:PUNE:BLD-PHOENIX-01,1235.76,17.2,0,1210.75,1288.99,1252.67,1200.81,1212.88,1274.2129166666666,1433.1,95.51922995438561,0.9978589232386035,0.06540312923014327,5,1
2026-09-19 06:00:00+00:00,urn:ngsi-ld:Building:PUNE:BLD-PHOENIX-01,1153.95,17.9,0,1224.44,1117.56,1356.87,1418.06,1240.24,1279.8695833333334,1433.1,88.51695320175887,1.0,6.123233995736766e-17,5,1
2026-09-19 06:15:00+00:00,urn:ngsi-ld:Building:PUNE:BLD-PHOENIX-01,1294.32,19.9,0,1282.46,1356.19,1287.24,1163.35,1294.9,1273.6254166666668,1433.1,91.97296866466709,0.9978589232386035,-0.06540312923014314,5,1
2026-09-19 06:30:00+00:00,urn:ngsi-ld:Building:PUNE:BLD-PHOENIX-01,1333.92,19.6,0,1123.72,1214.16,1269.51,1380.6,1268.03,1267.8429166666667,1418.06,85.6563528177287,0.9914448613738104,-0.1305261922200516,5,1
2026-09-19 06:45:00+00:00,urn:ngsi-ld:Building:PUNE:BLD-PHOENIX-01,1210.75,20.3,0,1230.59,1235.76,1288.99,1252.67,1100.0,1270.8149999999998,1418.06,86.69733384371017,0.9807852804032304,-0.1950903220161282,5,1
2026-09-19 07:00:00+00:00,urn:ngsi-ld:Building:PUNE:BLD-PHOENIX-01,1224.44,20.5,0,2098.23,1153.95,1117.56,1356.87,1366.74,1262.6404166666666,1418.06,82.44941903842783,0.9659258262890683,-0.25881904510252063,5,1
2026-09-19 07:15:00+00:00,urn:ngsi-ld:Building:PUNE:BLD-PHOENIX-01,1282.46,21.2,0,2290.19,1294.32,1356.19,1287.24,1100.0,1260.98375,1418.06,82.81535894135722,0.9469301294951057,-0.3214394653031616,5,1
2026-09-19 07:30:00+00:00,urn:ngsi-ld:Building:PUNE:BLD-PHOENIX-01,1123.72,21.3,0,1998.82,1333.92,1214.16,1269.51,1432.23,1260.02,1418.06,82.40727194562747,0.9238795325112868,-0.3826834323650895,5,1
2026-09-19 07:45:00+00:00,urn:ngsi-ld:Building:PUNE:BLD-PHOENIX-01,1230.59,22.2,0,2069.82,1210.75,1235.76,1288.99,1394.34,1250.3629166666667,1418.06,84.2916757184613,0.8968727415326884,-0.44228869021900113,5,1
2026-09-19 08:00:00+00:00,urn:ngsi-ld:Building:PUNE:BLD-PHOENIX-01,2098.23,21.6,0,1972.93,1224.44,1153.95,1117.56,2139.11,1248.2979166666667,1418.06,84.13714172210354,0.8660254037844387,-0.4999999999999998,5,1
2026-09-19 08:15:00+00:00,urn:ngsi-ld:Building:PUNE:BLD-PHOENIX-01,2290.19,24.0,0,1862.03,1282.46,1294.32,1356.19,1826.75,1282.9654166666667,2098.23,192.92237664011463,0.8314696123025451,-0.5555702330196023,5,1
2026-09-19 08:30:00+00:00,urn:ngsi-ld:Building:PUNE:BLD-PHOENIX-01,1998.82,23.8,0,1976.79,1123.72,1333.92,1214.16,2159.33,1328.6783333333333,2290.19,280.7062423627337,0.7933533402912352,-0.6087614290087207,5,1
2026-09-19 08:45:00+00:00,urn:ngsi-ld:Building:PUNE:BLD-PHOENIX-01,2069.82,24.0,0,1914.46,1230.59,1210.75,1235.76,2105.56,1365.9650000000001,2290.19,307.6929098813644,0.7518398074789774,-0.6593458151000688,5,1
2026-09-19 09:00:00+00:00,urn:ngsi-ld:Building:PUNE:BLD-PHOENIX-01,1972.93,25.4,0,4656.34,2098.23,1224.44,1153.95,1873.17,1402.17375,2290.19,337.1358413717796,0.7071067811865476,-0.7071067811865475,5,1
2026-09-19 09:15:00+00:00,urn:ngsi-ld:Building:PUNE:BLD-PHOENIX-01,1862.03,25.7,0,4833.0,2290.19,1282.46,1294.32,2216.23,1425.2933333333333,2290.19,356.72880931746954,0.659345815100069,-0.7518398074789773,5,1
2026-09-19 09:30:00+00:00,urn:ngsi-ld:Building:PUNE:BLD-PHOENIX-01,1976.79,27.0,0,5020.15,1998.82,1123.72,1333.92,1861.15,1454.405,2290.19,362.87859180621683,0.6087614290087209,-0.793353340291235,5,1
2026-09-19 09:45:00+00:00,urn:ngsi-ld:Building:PUNE:BLD-PHOENIX-01,1914.46,27.0,0,5115.73,2069.82,1230.59,1210.75,1969.63,1479.24625,2290.19,377.7098535833831,0.5555702330196025,-0.831469612302545,5,1
2026-09-19 10:00:00+00:00,urn:ngsi-ld:Building:PUNE:BLD-PHOENIX-01,4656.34,27.3,1,5005.89,1972.93,2098.23,1224.44,4354.2,1506.8208333333332,2290.19,384.54459220035733,0.49999999999999994,-0.8660254037844387,5,1
2026-09-19 10:15:00+00:00,urn:ngsi-ld:Building:PUNE:BLD-PHOENIX-01,4833.0,28.2,1,5196.9,1862.03,2290.19,1282.46,4379.47,1644.2987500000002,4656.34,747.2993685980384,0.4422886902190017,-0.8968727415326881,5,1
2026-09-19 10:30:00+00:00,urn:ngsi-ld:Building:PUNE:BLD-PHOENIX-01,5020.15,29.6,1,4984.08,1976.79,1998.82,1123.72,4661.98,1792.03875,4833.0,986.0101880914175,0.3826834323650899,-0.9238795325112867,5,1
2026-09-19 10:45:00+00:00,urn:ngsi-ld:Building:PUNE:BLD-PHOENIX-01,5115.73,29.9,1,5042.21,1914.46,2069.82,1230.59,4557.75,1948.315416666667,5020.15,1178.1064121900295,0.32143946530316175,-0.9469301294951056,5,1
2026-09-19 11:00:00+00:00,urn:ngsi-ld:Building:PUNE:BLD-PHOENIX-01,5005.89,30.1,1,5223.5,4656.34,1972.93,2098.23,4503.97,2107.7629166666666,5115.73,1333.6797662644756,0.258819045102521,-0.9659258262890682,5,1
2026-09-19 11:15:00+00:00,urn:ngsi-ld:Building:PUNE:BLD-PHOENIX-01,5196.9,30.9,1,5416.77,4833.0,1862.03,2290.19,4741.88,2269.7766666666666,5115.73,1440.0908091254205,0.19509032201612816,-0.9807852804032304,5,1
2026-09-19 11:30:00+00:00,urn:ngsi-ld:Building:PUNE:BLD-PHOENIX-01,4984.08,31.1,1,5448.4,5020.15,1976.79,1998.82,4826.86,2429.80625,5196.9,1543.8179462415492,0.130526192220052,-0.9914448613738104,5,1
2026-09-19 11:45:00+00:00,urn:ngsi-ld:Building:PUNE:BLD-PHOENIX-01,5042.21,30.6,1,5259.13,5115.73,1914.46,2069.82,4835.33,2586.88625,5196.9,1605.3164137160538,0.06540312923014312,-0.9978589232386035,5,1
2026-09-19 12:00:00+00:00,urn:ngsi-ld:Building:PUNE:BLD-PHOENIX-01,5223.5,32.0,1,5115.76,5005.89,4656.34,1972.93,4931.81,2745.4883333333332,5196.9,1653.3404894220362,1.2246467991473532e-16,-1.0,5,1
2026-09-19 12:15:00+00:00,urn:ngsi-ld:Building:PUNE:BLD-PHOENIX-01,5416.77,32.6,1,5445.54,5196.9,4833.0,1862.03,4917.61,2915.052916666667,5223.5,1691.266515452578,-0.06540312923014287,-0.9978589232386035,5,1
2026-09-19 12:30:00+00:00,urn:ngsi-ld:Building:PUNE:BLD-PHOENIX-01,5448.4,32.9,1,5583.76,4984.08,5020.15,1976.79,4956.18,3086.8216666666667,5416.77,1728.4386130530463,-0.13052619222005177,-0.9914448613738104,5,1
2026-09-19 12:45:00+00:00,urn:ngsi-ld:Building:PUNE:BLD-PHOENIX-01,5259.13,31.9,1,5621.28,5042.21,5115.73,1914.46,4983.21,3258.258333333333,5448.4,1750.9192136695196,-0.19509032201612792,-0.9807852804032305,5,1
2026-09-19 13:00:00+00:00,urn:ngsi-ld:Building:PUNE:BLD-PHOENIX-01,5115.76,32.4,1,5402.54,5223.5,5005.89,4656.34,4987.41,3426.9408333333336,5448.4,1740.0627465745758,-0.2588190451025208,-0.9659258262890683,5,1
2026-09-19 13:15:00+00:00,urn:ngsi-ld:Building:PUNE:BLD-PHOENIX-01,5445.54,32.8,1,5412.39,5416.77,5196.9,4833.0,4968.61,3589.0791666666664,5448.4,1706.8912810693519,-0.32143946530316153,-0.9469301294951057,5,1
2026-09-19 13:30:00+00:00,urn:ngsi-ld:Building:PUNE:BLD-PHOENIX-01,5583.76,33.5,1,5301.38,5448.4,4984.08,5020.15,4983.09,3762.540833333334,5448.4,1673.4994640804439,-0.38268343236508967,-0.9238795325112868,5,1
2026-09-19 13:45:00+00:00,urn:ngsi-ld:Building:PUNE:BLD-PHOENIX-01,5621.28,33.4,1,5593.6,5259.13,5042.21,5115.73,5173.2,3948.3758333333335,5583.76,1614.316961813657,-0.44228869021900147,-0.8968727415326883,5,1
2026-09-19 14:00:00+00:00,urn:ngsi-ld:Building:PUNE:BLD-PHOENIX-01,5402.54,33.5,1,5431.86,5115.76,5223.5,5005.89,5231.54,4131.32125,5621.28,1540.0089599832877,-0.4999999999999997,-0.8660254037844388,5,1
2026-09-19 14:15:00+00:00,urn:ngsi-ld:Building:PUNE:BLD-PHOENIX-01,5412.39,32.7,1,5367.3,5445.54,5416.77,5196.9,4985.82,4269.000833333333,5621.28,1497.462139792631,-0.555570233019602,-0.8314696123025455,5,1
2026-09-19 14:30:00+00:00,urn:ngsi-ld:Building:PUNE:BLD-PHOENIX-01,5301.38,33.2,1,5561.86,5583.76,5448.4,4984.08,4864.21,4399.0925,5621.28,1453.0404413003637,-0.6087614290087207,-0.7933533402912352,5,1
2026-09-19 14:45:00+00:00,urn:ngsi-ld:Building:PUNE:BLD-PHOENIX-01,5593.6,34.2,1,5552.54,5621.28,5259.13,5042.21,5331.16,4536.699166666666,5621.28,1369.8440158516235,-0.6593458151000688,-0.7518398074789774,5,1
2026-09-19 15:00:00+00:00,urn:ngsi-ld:Building:PUNE:BLD-PHOENIX-01,5431.86,34.1,1,5353.94,5402.54,5115.76,5223.5,5044.48,4683.5233333333335,5621.28,1279.8274497340515,-0.7071067811865471,-0.7071067811865479,5,1
2026-09-19 15:15:00+00:00,urn:ngsi-ld:Building:PUNE:BLD-PHOENIX-01,5367.3,33.3,1,5504.08,5412.39,5445.54,5416.77,5168.07,4827.645416666667,5621.28,1149.4275375801903,-0.7518398074789773,-0.6593458151000691,5,1
2026-09-19 15:30:00+00:00,urn:ngsi-ld:Building:PUNE:BLD-PHOENIX-01,5561.86,33.6,1,5501.77,5301.38,5583.76,5448.4,5178.25,4973.698333333334,5621.28,963.9506941642436,-0.7933533402912349,-0.6087614290087209,5,1
2026-09-19 15:45:00+00:00,urn:ngsi-ld:Building:PUNE:BLD-PHOENIX-01,5552.54,33.2,1,5194.57,5593.6,5621.28,5259.13,5294.09,5123.076249999999,5621.28,728.3264299797753,-0.8314696123025452,-0.5555702330196022,5,1
2026-09-19 16:00:00+00:00,urn:ngsi-ld:Building:PUNE:BLD-PHOENIX-01,5353.94,33.3,1,5370.51,5431.86,5402.54,5115.76,4993.78,5274.662916666667,5621.28,258.6169225520156,-0.8660254037844385,-0.5000000000000004,5,1
2026-09-19 16:15:00+00:00,urn:ngsi-ld:Building:PUNE:BLD-PHOENIX-01,5504.08,33.0,1,5199.5,5367.3,5412.39,5445.54,4767.15,5303.729583333334,5621.28,222.8264201118012,-0.8968727415326883,-0.44228869021900136,5,1
2026-09-19 16:30:00+00:00,urn:ngsi-ld:Building:PUNE:BLD-PHOENIX-01,5501.77,33.4,1,5049.91,5561.86,5301.38,5583.76,5040.65,5331.691250000001,5621.28,202.3531721115572,-0.9238795325112868,-0.3826834323650895,5,1
2026-09-19 16:45:00+00:00,urn:ngsi-ld:Building:PUNE:BLD-PHOENIX-01,5194.57,31.9,1,5027.01,5552.54,5593.6,5621.28,4956.63,5351.75875,5621.28,193.81529367831067,-0.9469301294951056,-0.3214394653031618,5,1
2026-09-19 17:00:00+00:00,urn:ngsi-ld:Building:PUNE:BLD-PHOENIX-01,5370.51,31.9,1,5065.85,5353.94,5431.86,5402.54,4824.64,5355.04375,5621.28,190.2767102158495,-0.9659258262890683,-0.25881904510252063,5,1
2026-09-19 17:15:00+00:00,urn:ngsi-ld:Building:PUNE:BLD-PHOENIX-01,5199.5,31.4,1,4833.38,5504.08,5367.3,5412.39,4937.19,5370.23625,5621.28,175.14113349487883,-0.9807852804032303,-0.19509032201612866,5,1
2026-09-19 17:30:00+00:00,urn:ngsi-ld:Building:PUNE:BLD-PHOENIX-01,5049.91,30.7,1,5030.53,5501.77,5561.86,5301.38,4713.31,5370.3445833333335,5621.28,175.0300238339704,-0.9914448613738104,-0.13052619222005163,5,1
2026-09-19 17:45:00+00:00,urn:ngsi-ld:Building:PUNE:BLD-PHOENIX-01,5027.01,30.2,1,4919.61,5194.57,5552.54,5593.6,4487.64,5373.087500000001,5621.28,169.13001690885153,-0.9978589232386035,-0.06540312923014273,5,1
2026-09-19 18:00:00+00:00,urn:ngsi-ld:Building:PUNE:BLD-PHOENIX-01,5065.85,30.8,1,4748.12,5370.51,5353.94,5431.86,4940.67,5372.454166666666,5621.28,170.44624673305512,-1.0,-1.8369701987210297e-16,5,1
2026-09-19 18:15:00+00:00,urn:ngsi-ld:Building:PUNE:BLD-PHOENIX-01,4833.38,29.3,1,4722.43,5199.5,5504.08,5367.3,4484.95,5365.885416666667,5621.28,179.2469073647909,-0.9978589232386036,0.06540312923014237,5,1
2026-09-19 18:30:00+00:00,urn:ngsi-ld:Building:PUNE:BLD-PHOENIX-01,5030.53,29.2,1,4663.09,5049.91,5501.77,5561.86,4506.76,5341.5775,5621.28,209.1150317773454,-0.9914448613738105,0.13052619222005127,5,1
2026-09-19 18:45:00+00:00,urn:ngsi-ld:Building:PUNE:BLD-PHOENIX-01,4919.61,29.2,1,4622.06,5027.01,5194.57,5552.54,4604.59,5324.16625,5621.28,217.0787356220358,-0.9807852804032304,0.1950903220161283,5,1
2026-09-19 19:00:00+00:00,urn:ngsi-ld:Building:PUNE:BLD-PHOENIX-01,4748.12,28.0,1,4812.2,5065.85,5370.51,5353.94,4509.33,5310.019583333334,5621.28,232.0481631881013,-0.9659258262890684,0.2588190451025203,5,1
2026-09-19 19:15:00+00:00,urn:ngsi-ld:Building:PUNE:BLD-PHOENIX-01,4722.43,27.4,1,4535.59,4833.38,5199.5,5504.08,4659.42,5294.70125,5621.28,256.2971080655021,-0.9469301294951057,0.3214394653031615,5,1
2026-09-19 19:30:00+00:00,urn:ngsi-ld:Building:PUNE:BLD-PHOENIX-01,4663.09,26.5,1,4559.07,5030.53,5049.91,5501.77,4368.55,5264.571666666667,5621.28,279.2679737654076,-0.923879532511287,0.38268343236508917,5,1
2026-09-19 19:45:00+00:00,urn:ngsi-ld:Building:PUNE:BLD-PHOENIX-01,4622.06,26.1,1,4735.1,4919.61,5027.01,5194.57,4298.37,5226.210416666667,5621.28,296.2346879621193,-0.8968727415326884,0.442288690219001,5,1
2026-09-19 20:00:00+00:00,urn:ngsi-ld:Building:PUNE:BLD-PHOENIX-01,4812.2,25.1,1,4666.34,4748.12,5065.85,5370.51,4223.13,5184.57625,5593.6,308.26871651369237,-0.8660254037844386,0.5000000000000001,5,1
2026-09-19 20:15:00+00:00,urn:ngsi-ld:Building:PUNE:BLD-PHOENIX-01,4535.59,26.2,1,4584.25,4722.43,4833.38,5199.5,4353.07,5159.97875,5593.6,313.6264618010868,-0.8314696123025455,0.5555702330196018,5,1
2026-09-19 20:30:00+00:00,urn:ngsi-ld:Building:PUNE:BLD-PHOENIX-01,4559.07,23.2,1,4648.09,4663.09,5030.53,5049.91,4354.03,5123.4454166666665,5593.6,333.39057058705316,-0.7933533402912357,0.6087614290087199,5,1
2026-09-19 20:45:00+00:00,urn:ngsi-ld:Building:PUNE:BLD-PHOENIX-01,4735.1,23.3,1,4539.68,4622.06,4919.61,5027.01,4173.44,5092.515833333334,5593.6,350.1759076449256,-0.7518398074789772,0.6593458151000691,5,1
2026-09-19 21:00:00+00:00,urn:ngsi-ld:Building:PUNE:BLD-PHOENIX-01,4666.34,23.1,1,4722.59,4812.2,4748.12,5065.85,4412.82,5056.745,5561.86,340.4781995319836,-0.7071067811865477,0.7071067811865474,5,1
2026-09-19 21:15:00+00:00,urn:ngsi-ld:Building:PUNE:BLD-PHOENIX-01,4584.25,22.5,1,2108.05,4535.59,4722.43,4833.38,4457.78,5024.848333333333,5561.86,339.66553656141707,-0.6593458151000687,0.7518398074789775,5,1
2026-09-19 21:30:00+00:00,urn:ngsi-ld:Building:PUNE:BLD-PHOENIX-01,4648.09,21.4,1,1909.06,4559.07,4663.09,5030.53,4457.57,4992.22125,5561.86,342.93342454812034,-0.608761429008721,0.7933533402912349,5,1
2026-09-19 21:45:00+00:00,urn:ngsi-ld:Building:PUNE:BLD-PHOENIX-01,4539.68,20.0,1,1786.03,4735.1,4622.06,4919.61,4412.1,4954.1475,5552.54,327.3094557309456,-0.555570233019603,0.8314696123025447,5,1
2026-09-19 22:00:00+00:00,urn:ngsi-ld:Building:PUNE:BLD-PHOENIX-01,4722.59,19.7,1,1876.78,4666.34,4812.2,4748.12,4432.5,4911.945,5504.08,311.72650610545367,-0.5000000000000004,0.8660254037844384,5,1
2026-09-19 22:15:00+00:00,urn:ngsi-ld:Building:PUNE:BLD-PHOENIX-01,2108.05,19.9,0,1965.58,4584.25,4535.59,4722.43,1907.4,4885.63875,5504.08,299.1928141620603,-0.4422886902190014,0.8968727415326883,5,1
2026-09-19 22:30:00+00:00,urn:ngsi-ld:Building:PUNE:BLD-PHOENIX-01,1909.06,18.1,0,2354.78,4648.09,4559.07,4663.09,2037.67,4744.1375,5501.77,622.4378095510518,-0.38268343236508956,0.9238795325112868,5,1
2026-09-19 22:45:00+00:00,urn:ngsi-ld:Building:PUNE:BLD-PHOENIX-01,1786.03,19.1,0,1316.06,4539.68,4735.1,4622.06,2080.84,4594.441250000001,5370.51,829.7905766979067,-0.32143946530316186,0.9469301294951056,5,1
2026-09-19 23:00:00+00:00,urn:ngsi-ld:Building:PUNE:BLD-PHOENIX-01,1876.78,19.0,0,1290.54,4722.59,4666.34,4812.2,2159.11,4452.41875,5370.51,997.379939107041,-0.25881904510252157,0.9659258262890681,5,1
2026-09-19 23:15:00+00:00,urn:ngsi-ld:Building:PUNE:BLD-PHOENIX-01,1965.58,18.2,0,1262.33,2108.05,4584.25,4535.59,2072.66,4306.846666666667,5199.5,1106.5431671953324,-0.19509032201612872,0.9807852804032303,5,1
2026-09-19 23:30:00+00:00,urn:ngsi-ld:Building:PUNE:BLD-PHOENIX-01,2354.78,17.9,0,1324.15,1909.06,4648.09,4559.07,2032.12,4172.1,5065.85,1187.0864708000556,-0.13052619222005168,0.9914448613738104,5,1
2026-09-19 23:45:00+00:00,urn:ngsi-ld:Building:PUNE:BLD-PHOENIX-01,1316.06,15.5,0,1367.96,1786.03,4539.68,4735.1,1100.0,4059.802916666667,5065.85,1227.235404913719,-0.0654031292301428,0.9978589232386035,5,1
2026-09-20 00:00:00+00:00,urn:ngsi-ld:Building:PUNE:BLD-PHOENIX-01,1290.54,15.4,0,1116.74,1876.78,4722.59,4666.34,1303.81,3905.1800000000003,5065.85,1329.5846480696948,0.0,1.0,6,1
2026-09-20 00:15:00+00:00,urn:ngsi-ld:Building:PUNE:BLD-PHOENIX-01,1262.33,16.0,0,1243.6,1965.58,2108.05,4584.25,1433.1,3747.8754166666663,5030.53,1407.3503727865466,0.06540312923014306,0.9978589232386035,6,1
2026-09-20 00:30:00+00:00,urn:ngsi-ld:Building:PUNE:BLD-PHOENIX-01,1324.15,15.2,0,1366.03,2354.78,1909.06,4648.09,1262.59,3599.0816666666665,5030.53,1474.7567603113607,0.13052619222005157,0.9914448613738104,6,1
2026-09-20 00:45:00+00:00,urn:ngsi-ld:Building:PUNE:BLD-PHOENIX-01,1367.96,14.6,0,1241.93,1316.06,1786.03,4539.68,1406.94,3444.6491666666666,4919.61,1511.9345047866634,0.19509032201612825,0.9807852804032304,6,1
2026-09-20 01:00:00+00:00,urn:ngsi-ld:Building:PUNE:BLD-PHOENIX-01,1116.74,15.0,0,1395.0,1290.54,1876.78,4722.59,1264.2,3296.6637499999997,4812.2,1534.930855340601,0.25881904510252074,0.9659258262890683,6,1
2026-09-20 01:15:00+00:00,urn:ngsi-ld:Building:PUNE:BLD-PHOENIX-01,1243.6,16.0,0,1266.75,1262.33,1965.58,2108.05,1305.59,3145.3562500000003,4812.2,1564.333169316707,0.3214394653031616,0.9469301294951057,6,1
2026-09-20 01:30:00+00:00,urn:ngsi-ld:Building:PUNE:BLD-PHOENIX-01,1366.03,16.0,0,1245.2,1324.15,2354.78,1909.06,1355.49,3000.405,4812.2,1572.9981695282183,0.3826834323650898,0.9238795325112867,6,1
2026-09-20 01:45:00+00:00,urn:ngsi-ld:Building:PUNE:BLD-PHOENIX-01,1241.93,14.2,0,1250.35,1367.96,1316.06,1786.03,1280.15,2863.0275,4812.2,1565.4302495403874,0.44228869021900125,0.8968727415326884,6,1
2026-09-20 02:00:00+00:00,urn:ngsi-ld:Building:PUNE:BLD-PHOENIX-01,1395.0,14.7,0,1196.37,1116.74,1290.54,1876.78,1266.21,2722.18875,4812.2,1552.2894929252682,0.49999999999999994,0.8660254037844387,6,1
2026-09-20 02:15:00+00:00,urn:ngsi-ld:Building:PUNE:BLD-PHOENIX-01,1266.75,14.8,0,1116.8,1243.6,1262.33,1965.58,1193.08,2579.8054166666666,4735.1,1508.3476711547867,0.5555702330196022,0.8314696123025452,6,1
2026-09-20 02:30:00+00:00,urn:ngsi-ld:Building:PUNE:BLD-PHOENIX-01,1245.2,14.4,0,1392.35,1366.03,1324.15,2354.78,1103.94,2443.6037499999998,4735.1,1471.1928281908176,0.6087614290087207,0.7933533402912352,6,1
2026-09-20 02:45:00+00:00,urn:ngsi-ld:Building:PUNE:BLD-PHOENIX-01,1250.35,15.3,0,1316.92,1241.93,1367.96,1316.06,1200.81,2305.525833333333,4735.1,1418.584622155708,0.6593458151000688,0.7518398074789774,6,1
2026-09-20 03:00:00+00:00,urn:ngsi-ld:Building:PUNE:BLD-PHOENIX-01,1196.37,14.3,0,1303.99,1395.0,1116.74,1290.54,1418.06,2160.3279166666666,4722.59,1334.9707790776201,0.7071067811865476,0.7071067811865476,6,1
2026-09-20 03:15:00+00:00,urn:ngsi-ld:Building:PUNE:BLD-PHOENIX-01,1116.8,14.4,0,1204.26,1266.75,1243.6,1262.33,1163.35,2015.7458333333334,4722.59,1235.9964009794044,0.7518398074789774,0.6593458151000688,6,1
2026-09-20 03:30:00+00:00,urn:ngsi-ld:Building:PUNE:BLD-PHOENIX-01,1392.35,14.4,0,1202.9,1245.2,1366.03,1324.15,1380.6,1871.2687500000002,4722.59,1119.9131617900223,0.7933533402912352,0.6087614290087207,6,1
2026-09-20 03:45:00+00:00,urn:ngsi-ld:Building:PUNE:BLD-PHOENIX-01,1316.92,14.9,0,1337.61,1250.35,1241.93,1367.96,1252.67,1735.6129166666667,4722.59,953.7954630043195,0.8314696123025451,0.5555702330196024,6,1
2026-09-20 04:00:00+00:00,urn:ngsi-ld:Building:PUNE:BLD-PHOENIX-01,1303.99,13.7,0,1220.18,1196.37,1395.0,1116.74,1356.87,1601.33125,4722.59,746.1042888772023,0.8660254037844386,0.5000000000000001,6,1
2026-09-20 04:15:00+00:00,urn:ngsi-ld:Building:PUNE:BLD-PHOENIX-01,1204.26,15.4,0,1110.36,1116.8,1266.75,1243.6,1287.24,1458.8895833333336,2354.78,340.24617559076586,0.8968727415326884,0.44228869021900125,6,1
2026-09-20 04:30:00+00:00,urn:ngsi-ld:Building:PUNE:BLD-PHOENIX-01,1202.9,15.9,0,1403.28,1392.35,1245.2,1366.03,1269.51,1421.2316666666666,2354.78,314.30003041491375,0.9238795325112867,0.38268343236508984,6,1
2026-09-20 04:45:00+00:00,urn:ngsi-ld:Building:PUNE:BLD-PHOENIX-01,1337.61,14.8,0,1118.64,1316.92,1250.35,1241.93,1288.99,1391.8083333333334,2354.78,299.344091853357,0.9469301294951056,0.3214394653031617,6,1
2026-09-20 05:00:00+00:00,urn:ngsi-ld:Building:PUNE:BLD-PHOENIX-01,1220.18,16.6,0,1244.93,1303.99,1196.37,1395.0,1117.56,1373.1241666666665,2354.78,287.42535858161796,0.9659258262890683,0.25881904510252074,6,1
2026-09-20 05:15:00+00:00,urn:ngsi-ld:Building:PUNE:BLD-PHOENIX-01,1110.36,16.3,0,1307.64,1204.26,1116.8,1266.75,1356.19,1345.7658333333334,2354.78,267.9930225716254,0.9807852804032304,0.19509032201612833,6,1
2026-09-20 05:30:00+00:00,urn:ngsi-ld:Building:PUNE:BLD-PHOENIX-01,1403.28,17.4,0,1301.8,1202.9,1392.35,1245.2,1214.16,1310.1316666666667,2354.78,237.06880642480988,0.9914448613738104,0.1305261922200517,6,1
2026-09-20 05:45:00+00:00,urn:ngsi-ld:Building:PUNE:BLD-PHOENIX-01,1118.64,17.9,0,1114.94,1337.61,1316.92,1250.35,1235.76,1270.4858333333334,1403.28,86.55249670694218,0.9978589232386035,0.06540312923014327,6,1
2026-09-20 06:00:00+00:00,urn:ngsi-ld:Building:PUNE:BLD-PHOENIX-01,1244.93,18.4,0,1289.04,1220.18,1303.99,1196.37,1153.95,1262.26,1403.28,91.28476852789105,1.0,6.123233995736766e-17,6,1
2026-09-20 06:15:00+00:00,urn:ngsi-ld:Building:PUNE:BLD-PHOENIX-01,1307.64,19.2,0,1316.93,1110.36,1204.26,1116.8,1294.32,1260.3595833333331,1403.28,91.14508231510275,0.9978589232386035,-0.06540312923014314,6,1
2026-09-20 06:30:00+00:00,urn:ngsi-ld:Building:PUNE:BLD-PHOENIX-01,1301.8,17.5,0,1254.46,1403.28,1202.9,1392.35,1333.92,1262.2475,1403.28,91.65550161370682,0.9914448613738104,-0.1305261922200516,6,1
2026-09-20 06:45:00+00:00,urn:ngsi-ld:Building:PUNE:BLD-PHOENIX-01,1114.94,19.2,0,1156.96,1118.64,1337.61,1316.92,1210.75,1261.31625,1403.28,91.11113132058411,0.9807852804032304,-0.1950903220161282,6,1
2026-09-20 07:00:00+00:00,urn:ngsi-ld:Building:PUNE:BLD-PHOENIX-01,1289.04,20.3,0,1906.43,1244.93,1220.18,1303.99,1224.44,1250.77375,1403.28,92.85662945167297,0.9659258262890683,-0.25881904510252063,6,1
2026-09-20 07:15:00+00:00,urn:ngsi-ld:Building:PUNE:BLD-PHOENIX-01,1316.93,20.0,0,2034.31,1307.64,1110.36,1204.26,1282.46,1257.9529166666669,1403.28,88.6067086711338,0.9469301294951057,-0.3214394653031616,6,1
2026-09-20 07:30:00+00:00,urn:ngsi-ld:Building:PUNE:BLD-PHOENIX-01,1254.46,22.0,0,1887.73,1301.8,1403.28,1202.9,1123.72,1261.0083333333334,1403.28,89.35144565452174,0.9238795325112868,-0.3826834323650895,6,1
2026-09-20 07:45:00+00:00,urn:ngsi-ld:Building:PUNE:BLD-PHOENIX-01,1156.96,21.6,0,2108.29,1114.94,1118.64,1337.61,1230.59,1256.3595833333334,1403.28,86.50693073395577,0.8968727415326884,-0.44228869021900113,6,1
2026-09-20 08:00:00+00:00,urn:ngsi-ld:Building:PUNE:BLD-PHOENIX-01,1906.43,23.4,0,2097.37,1289.04,1244.93,1220.18,2098.23,1252.8191666666667,1403.28,88.83070453854188,0.8660254037844387,-0.4999999999999998,6,1
2026-09-20 08:15:00+00:00,urn:ngsi-ld:Building:PUNE:BLD-PHOENIX-01,2034.31,24.0,0,1988.84,1316.93,1307.64,1110.36,2290.19,1274.12875,1906.43,158.4687509261119,0.8314696123025451,-0.5555702330196023,6,1
2026-09-20 08:30:00+00:00,urn:ngsi-ld:Building:PUNE:BLD-PHOENIX-01,1887.73,23.9,0,1840.79,1254.46,1301.8,1403.28,1998.82,1306.1104166666667,2034.31,221.73791563516463,0.7933533402912352,-0.6087614290087207,6,1
2026-09-20 08:45:00+00:00,urn:ngsi-ld:Building:PUNE:BLD-PHOENIX-01,2108.29,24.5,0,2203.85,1156.96,1114.94,1118.64,2069.82,1332.8825,2034.31,250.93101151766479,0.7518398074789774,-0.6593458151000688,6,1
2026-09-20 09:00:00+00:00,urn:ngsi-ld:Building:PUNE:BLD-PHOENIX-01,2097.37,24.4,0,4859.47,1906.43,1289.04,1244.93,1972.93,1368.63,2108.29,295.76742741842554,0.7071067811865476,-0.7071067811865475,6,1
2026-09-20 09:15:00+00:00,urn:ngsi-ld:Building:PUNE:BLD-PHOENIX-01,1988.84,25.9,0,4706.98,2034.31,1316.93,1307.64,1862.03,1406.1716666666664,2108.29,328.34009238385977,0.659345815100069,-0.7518398074789773,6,1
2026-09-20 09:30:00+00:00,urn:ngsi-ld:Building:PUNE:BLD-PHOENIX-01,1840.79,27.0,0,4882.01,1887.73,1254.46,1301.8,1976.79,1442.5066666666664,2108.29,342.8554535034798,0.6087614290087209,-0.793353340291235,6,1
2026-09-20 09:45:00+00:00,urn:ngsi-ld:Building:PUNE:BLD-PHOENIX-01,2203.85,27.3,0,4928.22,2108.29,1156.96,1114.94,1914.46,1461.1916666666666,2108.29,352.09816114832734,0.5555702330196025,-0.831469612302545,6,1
2026-09-20 10:00:00+00:00,urn:ngsi-ld:Building:PUNE:BLD-PHOENIX-01,4859.47,28.5,1,5111.38,2097.37,1906.43,1289.04,4656.34,1498.1470833333333,2203.85,381.6059808057931,0.49999999999999994,-0.8660254037844387,6,1
2026-09-20 10:15:00+00:00,urn:ngsi-ld:Building:PUNE:BLD-PHOENIX-01,4706.98,28.0,1,4804.82,1988.84,2034.31,1316.93,4833.0,1646.292083333333,4859.47,782.50989875654,0.4422886902190017,-0.8968727415326881,6,1
2026-09-20 10:30:00+00:00,urn:ngsi-ld:Building:PUNE:BLD-PHOENIX-01,4882.01,28.6,1,5125.42,1840.79,1887.73,1254.46,5020.15,1792.2387500000002,4859.47,994.432499518368,0.3826834323650899,-0.9238795325112867,6,1
2026-09-20 10:45:00+00:00,urn:ngsi-ld:Building:PUNE:BLD-PHOENIX-01,4928.22,28.8,1,5136.19,2203.85,2108.29,1156.96,5115.73,1945.5349999999999,4882.01,1168.0526409928689,0.32143946530316175,-0.9469301294951056,6,1
2026-09-20 11:00:00+00:00,urn:ngsi-ld:Building:PUNE:BLD-PHOENIX-01,5111.38,31.1,1,5214.01,4859.47,2097.37,1906.43,5005.89,2095.1437499999997,4928.22,1308.3283507684298,0.258819045102521,-0.9659258262890682,6,1
2026-09-20 11:15:00+00:00,urn:ngsi-ld:Building:PUNE:BLD-PHOENIX-01,4804.82,29.5,1,5124.74,4706.98,1988.84,2034.31,5196.9,2257.2770833333334,5111.38,1430.5799525412226,0.19509032201612816,-0.9807852804032304,6,1
2026-09-20 11:30:00+00:00,urn:ngsi-ld:Building:PUNE:BLD-PHOENIX-01,5125.42,31.2,1,5357.53,4882.01,1840.79,1887.73,4984.08,2411.212916666667,5111.38,1498.9373533258345,0.130526192220052,-0.9914448613738104,6,1
2026-09-20 11:45:00+00:00,urn:ngsi-ld:Building:PUNE:BLD-PHOENIX-01,5136.19,31.7,1,5339.41,4928.22,2203.85,2108.29,5042.21,2566.3020833333335,5125.42,1580.4571585103988,0.06540312923014312,-0.9978589232386035,6,1
2026-09-20 12:00:00+00:00,urn:ngsi-ld:Building:PUNE:BLD-PHOENIX-01,5214.01,32.0,1,5177.36,5111.38,4859.47,2097.37,5223.5,2733.7000000000003,5136.19,1632.369576440013,1.2246467991473532e-16,-1.0,6,1
2026-09-20 12:15:00+00:00,urn:ngsi-ld:Building:PUNE:BLD-PHOENIX-01,5124.74,31.5,1,5428.0,4804.82,4706.98,1988.84,5416.77,2899.0783333333334,5214.01,1675.4701057617951,-0.06540312923014287,-0.9978589232386035,6,1
2026-09-20 12:30:00+00:00,urn:ngsi-ld:Building:PUNE:BLD-PHOENIX-01,5357.53,31.5,1,5241.64,5125.42,4882.01,1840.79,5448.4,3058.1241666666665,5214.01,1698.8410597814234,-0.13052619222005177,-0.9914448613738104,6,1
2026-09-20 12:45:00+00:00,urn:ngsi-ld:Building:PUNE:BLD-PHOENIX-01,5339.41,32.5,1,5434.64,5136.19,4928.22,2203.85,5259.13,3227.1129166666665,5357.53,1718.146392913719,-0.19509032201612792,-0.9807852804032305,6,1
2026-09-20 13:00:00+00:00,urn:ngsi-ld:Building:PUNE:BLD-PHOENIX-01,5177.36,32.5,1,5535.12,5214.01,5111.38,4859.47,5115.76,3403.1324999999997,5357.53,1708.718776582516,-0.2588190451025208,-0.9659258262890683,6,1
2026-09-20 13:15:00+00:00,urn:ngsi-ld:Building:PUNE:BLD-PHOENIX-01,5428.0,32.9,1,5507.93,5124.74,4804.82,4706.98,5445.54,3565.1458333333335,5357.53,1683.7082929237313,-0.32143946530316153,-0.9469301294951057,6,1
2026-09-20 13:30:00+00:00,urn:ngsi-ld:Building:PUNE:BLD-PHOENIX-01,5241.64,32.9,1,5226.43,5357.53,5125.42,4882.01,5583.76,3736.4404166666664,5428.0,1653.8971151232063,-0.38268343236508967,-0.9238795325112868,6,1
2026-09-20 13:45:00+00:00,urn:ngsi-ld:Building:PUNE:BLD-PHOENIX-01,5434.64,33.4,1,5193.82,5339.41,5136.19,4928.22,5621.28,3902.5729166666665,5428.0,1592.8732470396399,-0.44228869021900147,-0.8968727415326883,6,1
2026-09-20 14:00:00+00:00,urn:ngsi-ld:Building:PUNE:BLD-PHOENIX-01,5535.12,34.4,1,5470.6,5177.36,5214.01,5111.38,5402.54,4080.809583333333,5434.64,1509.4346624034586,-0.4999999999999997,-0.8660254037844388,6,1
2026-09-20 14:15:00+00:00,urn:ngsi-ld:Building:PUNE:BLD-PHOENIX-01,5507.93,33.9,1,5135.69,5428.0,5124.74,4804.82,5412.39,4232.005,5535.12,1463.1932013148235,-0.555570233019602,-0.8314696123025455,6,1
2026-09-20 14:30:00+00:00,urn:ngsi-ld:Building:PUNE:BLD-PHOENIX-01,5226.43,32.8,1,5417.15,5241.64,5357.53,5125.42,5301.38,4376.739166666667,5535.12,1407.0762118536802,-0.6087614290087207,-0.7933533402912352,6,1
2026-09-20 14:45:00+00:00,urn:ngsi-ld:Building:PUNE:BLD-PHOENIX-01,5193.82,32.8,1,5343.42,5434.64,5339.41,5136.19,5593.6,4515.8516666666665,5535.12,1312.1375308008849,-0.6593458151000688,-0.7518398074789774,6,1
2026-09-20 15:00:00+00:00,urn:ngsi-ld:Building:PUNE:BLD-PHOENIX-01,5470.6,33.9,1,5049.01,5535.12,5177.36,5214.01,5431.86,4644.415416666667,5535.12,1213.4358919415583,-0.7071067811865471,-0.7071067811865479,6,1
2026-09-20 15:15:00+00:00,urn:ngsi-ld:Building:PUNE:BLD-PHOENIX-01,5135.69,33.4,1,5205.2,5507.93,5428.0,5124.74,5367.3,4784.966666666667,5535.12,1095.1839668121208,-0.7518398074789773,-0.6593458151000691,6,1
2026-09-20 15:30:00+00:00,urn:ngsi-ld:Building:PUNE:BLD-PHOENIX-01,5417.15,34.4,1,5046.71,5226.43,5241.64,5357.53,5561.86,4916.085416666666,5535.12,920.2767463908127,-0.7933533402912349,-0.6087614290087209,6,1
2026-09-20 15:45:00+00:00,urn:ngsi-ld:Building:PUNE:BLD-PHOENIX-01,5343.42,34.2,1,5334.61,5193.82,5434.64,5339.41,5552.54,5065.100416666667,5535.12,650.7389178029189,-0.8314696123025452,-0.5555702330196022,6,1
2026-09-20 16:00:00+00:00,urn:ngsi-ld:Building:PUNE:BLD-PHOENIX-01,5049.01,32.3,1,5231.63,5470.6,5535.12,5177.36,5353.94,5195.9158333333335,5535.12,230.27487225183356,-0.8660254037844385,-0.5000000000000004,6,1
2026-09-20 16:15:00+00:00,urn:ngsi-ld:Building:PUNE:BLD-PHOENIX-01,5205.2,32.7,1,5019.0,5135.69,5507.93,5428.0,5504.08,5203.813333333333,5535.12,221.31018160960565,-0.8968727415326883,-0.44228869021900136,6,1
2026-09-20 16:30:00+00:00,urn:ngsi-ld:Building:PUNE:BLD-PHOENIX-01,5046.71,31.6,1,5005.11,5417.15,5226.43,5241.64,5501.77,5224.572499999999,5535.12,194.41265489880416,-0.9238795325112868,-0.3826834323650895,6,1
2026-09-20 16:45:00+00:00,urn:ngsi-ld:Building:PUNE:BLD-PHOENIX-01,5334.61,32.4,1,5154.0,5343.42,5193.82,5434.64,5194.57,5231.435,5535.12,184.4463156962807,-0.9469301294951056,-0.3214394653031618,6,1
2026-09-20 17:00:00+00:00,urn:ngsi-ld:Building:PUNE:BLD-PHOENIX-01,5231.63,32.6,1,4958.39,5049.01,5470.6,5535.12,5370.51,5248.367916666667,5535.12,173.74326061327878,-0.9659258262890683,-0.25881904510252063,6,1
2026-09-20 17:15:00+00:00,urn:ngsi-ld:Building:PUNE:BLD-PHOENIX-01,5019.0,31.3,1,4976.67,5205.2,5135.69,5507.93,5199.5,5253.378333333333,5535.12,171.33827968109534,-0.9807852804032303,-0.19509032201612866,6,1
2026-09-20 17:30:00+00:00,urn:ngsi-ld:Building:PUNE:BLD-PHOENIX-01,5005.11,30.5,1,4761.54,5046.71,5417.15,5226.43,5049.91,5262.302500000001,5535.12,151.37396632332178,-0.9914448613738104,-0.13052619222005163,6,1
2026-09-20 17:45:00+00:00,urn:ngsi-ld:Building:PUNE:BLD-PHOENIX-01,5154.0,30.5,1,4915.08,5334.61,5343.42,5193.82,5027.01,5257.289583333333,5535.12,157.95319145602127,-0.9978589232386035,-0.06540312923014273,6,1
2026-09-20 18:00:00+00:00,urn:ngsi-ld:Building:PUNE:BLD-PHOENIX-01,4958.39,30.4,1,4760.88,5231.63,5049.01,5470.6,5065.85,5258.031666666667,5535.12,157.40038372609126,-1.0,-1.8369701987210297e-16,6,1
2026-09-20 18:15:00+00:00,urn:ngsi-ld:Building:PUNE:BLD-PHOENIX-01,4976.67,29.9,1,4882.37,5019.0,5205.2,5135.69,4833.38,5247.380833333334,5535.12,168.74819336666076,-0.9978589232386036,0.06540312923014237,6,1
2026-09-20 18:30:00+00:00,urn:ngsi-ld:Building:PUNE:BLD-PHOENIX-01,4761.54,28.6,1,4609.3,5005.11,5046.71,5417.15,5030.53,5241.21125,5535.12,175.97887282568144,-0.9914448613738105,0.13052619222005127,6,1
2026-09-20 18:45:00+00:00,urn:ngsi-ld:Building:PUNE:BLD-PHOENIX-01,4915.08,27.9,1,4629.65,5154.0,5334.61,5343.42,4919.61,5216.378333333333,5535.12,199.3501672427915,-0.9807852804032304,0.1950903220161283,6,1
2026-09-20 19:00:00+00:00,urn:ngsi-ld:Building:PUNE:BLD-PHOENIX-01,4760.88,27.8,1,4583.38,4958.39,5231.63,5049.01,4748.12,5198.697916666667,5535.12,206.64744337158237,-0.9659258262890684,0.2588190451025203,6,1
2026-09-20 19:15:00+00:00,urn:ngsi-ld:Building:PUNE:BLD-PHOENIX-01,4882.37,26.9,1,4787.95,4976.67,5019.0,5205.2,4722.43,5181.3445833333335,5535.12,225.17381883068407,-0.9469301294951057,0.3214394653031615,6,1
2026-09-20 19:30:00+00:00,urn:ngsi-ld:Building:PUNE:BLD-PHOENIX-01,4609.3,27.2,1,4542.83,4761.54,5005.11,5046.71,4663.09,5158.61,5535.12,226.72689528041516,-0.923879532511287,0.38268343236508917,6,1
2026-09-20 19:45:00+00:00,urn:ngsi-ld:Building:PUNE:BLD-PHOENIX-01,4629.65,25.7,1,4608.5,4915.08,5154.0,5334.61,4622.06,5132.2625,5535.12,251.99239749146398,-0.8968727415326884,0.442288690219001,6,1
2026-09-20 20:00:00+00:00,urn:ngsi-ld:Building:PUNE:BLD-PHOENIX-01,4583.38,25.3,1,4745.16,4760.88,4958.39,5231.63,4812.2,5098.72125,5535.12,263.3142175575638,-0.8660254037844386,0.5000000000000001,6,1
2026-09-20 20:15:00+00:00,urn:ngsi-ld:Building:PUNE:BLD-PHOENIX-01,4787.95,24.9,1,4624.89,4882.37,4976.67,5019.0,4535.59,5059.065416666667,5507.93,266.38329421083847,-0.8314696123025455,0.5555702330196018,6,1
2026-09-20 20:30:00+00:00,urn:ngsi-ld:Building:PUNE:BLD-PHOENIX-01,4542.83,23.2,1,4512.09,4609.3,4761.54,5005.11,4559.07,5029.06625,5470.6,253.88346538990243,-0.7933533402912357,0.6087614290087199,6,1
2026-09-20 20:45:00+00:00,urn:ngsi-ld:Building:PUNE:BLD-PHOENIX-01,4608.5,23.1,1,4696.65,4629.65,4915.08,5154.0,4735.1,5000.582916666667,5470.6,268.693194708097,-0.7518398074789772,0.6593458151000691,6,1
2026-09-20 21:00:00+00:00,urn:ngsi-ld:Building:PUNE:BLD-PHOENIX-01,4745.16,24.0,1,4629.97,4583.38,4760.88,4958.39,4666.34,4976.194583333333,5470.6,276.8316251879146,-0.7071067811865477,0.7071067811865474,6,1
2026-09-20 21:15:00+00:00,urn:ngsi-ld:Building:PUNE:BLD-PHOENIX-01,4624.89,22.7,1,2066.15,4787.95,4882.37,4976.67,4584.25,4945.9679166666665,5417.15,259.56777198259346,-0.6593458151000687,0.7518398074789775,6,1
2026-09-20 21:30:00+00:00,urn:ngsi-ld:Building:PUNE:BLD-PHOENIX-01,4512.09,21.4,1,1910.33,4542.83,4609.3,4761.54,4648.09,4924.684583333334,5417.15,264.2347344770956,-0.608761429008721,0.7933533402912349,6,1
2026-09-20 21:45:00+00:00,urn:ngsi-ld:Building:PUNE:BLD-PHOENIX-01,4696.65,21.4,1,2048.05,4608.5,4629.65,4915.08,4539.68,4886.97375,5343.42,255.32940527558432,-0.555570233019603,0.8314696123025447,6,1
2026-09-20 22:00:00+00:00,urn:ngsi-ld:Building:PUNE:BLD-PHOENIX-01,4629.97,21.1,1,1851.96,4745.16,4583.38,4760.88,4722.59,4860.025000000001,5334.61,238.64579239136097,-0.5000000000000004,0.8660254037844384,6,1
2026-09-20 22:15:00+00:00,urn:ngsi-ld:Building:PUNE:BLD-PHOENIX-01,2066.15,19.7,0,2187.53,4624.89,4787.95,4882.37,2108.05,4842.565,5334.61,239.54533578357461,-0.4422886902190014,0.8968727415326883,6,1
2026-09-20 22:30:00+00:00,urn:ngsi-ld:Building:PUNE:BLD-PHOENIX-01,1910.33,19.8,0,2083.76,4512.09,4542.83,4609.3,1909.06,4711.77125,5334.61,607.4248298336026,-0.38268343236508956,0.9238795325112868,6,1
2026-09-20 22:45:00+00:00,urn:ngsi-ld:Building:PUNE:BLD-PHOENIX-01,2048.05,19.2,0,1245.92,4696.65,4608.5,4629.65,1786.03,4581.08875,5334.61,829.1486566578454,-0.32143946530316186,0.9469301294951056,6,1
2026-09-20 23:00:00+00:00,urn:ngsi-ld:Building:PUNE:BLD-PHOENIX-01,1851.96,17.6,0,1207.13,4629.97,4745.16,4583.38,1876.78,4444.14875,5231.63,960.313397433193,-0.25881904510252157,0.9659258262890681,6,1
2026-09-20 23:15:00+00:00,urn:ngsi-ld:Building:PUNE:BLD-PHOENIX-01,2187.53,17.7,0,1185.64,2066.15,4624.89,4787.95,1965.58,4303.329166666666,5154.0,1080.1375509222541,-0.19509032201612872,0.9807852804032303,6,1
2026-09-20 23:30:00+00:00,urn:ngsi-ld:Building:PUNE:BLD-PHOENIX-01,2083.76,18.3,0,1372.27,1910.33,4512.09,4542.83,2354.78,4185.35125,5154.0,1150.8863201758631,-0.13052619222005168,0.9914448613738104,6,1
2026-09-20 23:45:00+00:00,urn:ngsi-ld:Building:PUNE:BLD-PHOENIX-01,1245.92,18.0,0,1173.86,2048.05,4696.65,4608.5,1316.06,4063.6283333333336,5154.0,1213.215105779992,-0.0654031292301428,0.9978589232386035,6,1
2026-09-21 00:00:00+00:00,urn:ngsi-ld:Building:PUNE:BLD-PHOENIX-01,1207.13,17.0,0,1230.59,1851.96,4629.97,4745.16,1290.54,3900.7916666666665,4976.67,1318.2280876819552,0.0,1.0,0,0
2026-09-21 00:15:00+00:00,urn:ngsi-ld:Building:PUNE:BLD-PHOENIX-01,1185.64,15.8,0,1448.91,2187.53,2066.15,4624.89,1262.33,3744.4891666666663,4976.67,1406.7948356363795,0.06540312923014306,0.9978589232386035,0,0
2026-09-21 00:30:00+00:00,urn:ngsi-ld:Building:PUNE:BLD-PHOENIX-01,1372.27,14.5,0,1216.33,2083.76,1910.33,4512.09,1324.15,3586.529583333333,4915.08,1473.671240144915,0.13052619222005157,0.9914448613738104,0,0
2026-09-21 00:45:00+00:00,urn:ngsi-ld:Building:PUNE:BLD-PHOENIX-01,1173.86,15.1,0,1343.89,1245.92,2048.05,4696.65,1367.96,3445.31,4915.08,1517.9065099612048,0.19509032201612825,0.9807852804032304,0,0
2026-09-21 01:00:00+00:00,urn:ngsi-ld:Building:PUNE:BLD-PHOENIX-01,1230.59,14.5,0,1189.53,1207.13,1851.96,4629.97,1116.74,3289.4258333333332,4882.37,1552.1232059201332,0.25881904510252074,0.9659258262890683,0,0
2026-09-21 01:15:00+00:00,urn:ngsi-ld:Building:PUNE:BLD-PHOENIX-01,1448.91,16.1,0,1204.65,1185.64,2187.53,2066.15,1243.6,3142.330416666666,4882.37,1573.7427889353137,0.3214394653031616,0.9469301294951057,0,0
2026-09-21 01:30:00+00:00,urn:ngsi-ld:Building:PUNE:BLD-PHOENIX-01,1216.33,13.8,0,1301.96,1372.27,2083.76,1910.33,1366.03,2999.2695833333332,4787.95,1564.720668485838,0.3826834323650898,0.9238795325112867,0,0
2026-09-21 01:45:00+00:00,urn:ngsi-ld:Building:PUNE:BLD-PHOENIX-01,1343.89,14.1,0,1100.0,1173.86,1245.92,2048.05,1241.93,2857.8958333333335,4787.95,1566.2065281323798,0.44228869021900125,0.8968727415326884,0,0
2026-09-21 02:00:00+00:00,urn:ngsi-ld:Building:PUNE:BLD-PHOENIX-01,1189.53,14.8,0,1447.91,1230.59,1207.13,1851.96,1395.0,2720.9891666666667,4787.95,1548.1029741728237,0.49999999999999994,0.8660254037844387,0,0
2026-09-21 02:15:00+00:00,urn:ngsi-ld:Building:PUNE:BLD-PHOENIX-01,1204.65,14.6,0,1100.0,1448.91,1185.64,2187.53,1266.75,2579.57875,4787.95,1525.4260509524688,0.5555702330196022,0.8314696123025452,0,0
2026-09-21 02:30:00+00:00,urn:ngsi-ld:Building:PUNE:BLD-PHOENIX-01,1301.96,15.5,0,1135.86,1216.33,1372.27,2083.76,1245.2,2430.2745833333333,4745.16,1474.386984163035,0.6087614290087207,0.7933533402912352,0,0
2026-09-21 02:45:00+00:00,urn:ngsi-ld:Building:PUNE:BLD-PHOENIX-01,1100.0,14.9,0,1273.21,1343.89,1173.86,1245.92,1250.35,2295.2383333333332,4745.16,1419.8952655425433,0.6593458151000688,0.7518398074789774,0,0
2026-09-21 03:00:00+00:00,urn:ngsi-ld:Building:PUNE:BLD-PHOENIX-01,1447.91,14.5,0,1253.25,1189.53,1230.59,1207.13,1196.37,2149.0508333333332,4745.16,1350.2797663219237,0.7071067811865476,0.7071067811865476,0,0
2026-09-21 03:15:00+00:00,urn:ngsi-ld:Building:PUNE:BLD-PHOENIX-01,1100.0,15.5,0,1146.93,1204.65,1448.91,1185.64,1116.8,2011.6654166666667,4696.65,1237.6994241877078,0.7518398074789774,0.6593458151000688,0,0
2026-09-21 03:30:00+00:00,urn:ngsi-ld:Building:PUNE:BLD-PHOENIX-01,1135.86,14.6,0,1330.34,1301.96,1216.33,1372.27,1392.35,1864.795,4696.65,1117.415222591066,0.7933533402912352,0.6087614290087207,0,0
2026-09-21 03:45:00+00:00,urn:ngsi-ld:Building:PUNE:BLD-PHOENIX-01,1273.21,16.0,0,1213.79,1100.0,1343.89,1173.86,1316.92,1724.1187500000003,4696.65,972.8131768956603,0.8314696123025451,0.5555702330196024,0,0
2026-09-21 04:00:00+00:00,urn:ngsi-ld:Building:PUNE:BLD-PHOENIX-01,1253.25,14.8,0,1112.11,1447.91,1189.53,1230.59,1303.99,1581.475416666667,4629.97,741.486513694687,0.8660254037844386,0.5000000000000001,0,0
2026-09-21 04:15:00+00:00,urn:ngsi-ld:Building:PUNE:BLD-PHOENIX-01,1146.93,13.9,0,1256.27,1100.0,1204.65,1448.91,1204.26,1440.7787500000002,2187.53,360.2397270093033,0.8968727415326884,0.44228869021900125,0,0
2026-09-21 04:30:00+00:00,urn:ngsi-ld:Building:PUNE:BLD-PHOENIX-01,1330.34,15.8,0,1228.14,1135.86,1301.96,1216.33,1202.9,1402.4779166666667,2187.53,339.1051008421817,0.9238795325112867,0.38268343236508984,0,0
2026-09-21 04:45:00+00:00,urn:ngsi-ld:Building:PUNE:BLD-PHOENIX-01,1213.79,14.9,0,1331.22,1273.21,1100.0,1343.89,1337.61,1378.3116666666667,2187.53,321.5516831629145,0.9469301294951056,0.3214394653031617,0,0
2026-09-21 05:00:00+00:00,urn:ngsi-ld:Building:PUNE:BLD-PHOENIX-01,1112.11,17.1,0,1229.02,1253.25,1447.91,1189.53,1220.18,1343.5508333333335,2187.53,289.49840613684313,0.9659258262890683,0.25881904510252074,0,0
2026-09-21 05:15:00+00:00,urn:ngsi-ld:Building:PUNE:BLD-PHOENIX-01,1256.27,17.0,0,1236.8,1146.93,1100.0,1204.65,1110.36,1312.72375,2187.53,271.8609047770032,0.9807852804032304,0.19509032201612833,0,0
2026-09-21 05:30:00+00:00,urn:ngsi-ld:Building:PUNE:BLD-PHOENIX-01,1228.14,18.3,0,1302.65,1330.34,1135.86,1301.96,1403.28,1273.92125,2083.76,197.99625822792044,0.9914448613738104,0.1305261922200517,0,0
2026-09-21 05:45:00+00:00,urn:ngsi-ld:Building:PUNE:BLD-PHOENIX-01,1331.22,17.6,0,1262.99,1213.79,1273.21,1100.0,1118.64,1238.2704166666667,1448.91,97.22485728303359,0.9978589232386035,0.06540312923014327,0,0
2026-09-21 06:00:00+00:00,urn:ngsi-ld:Building:PUNE:BLD-PHOENIX-01,1229.02,17.4,0,1171.02,1112.11,1253.25,1447.91,1244.93,1241.8245833333333,1448.91,99.05848395403343,1.0,6.123233995736766e-17,0,0
2026-09-21 06:15:00+00:00,urn:ngsi-ld:Building:PUNE:BLD-PHOENIX-01,1236.8,18.4,0,1231.65,1256.27,1146.93,1100.0,1307.64,1242.7366666666667,1448.91,98.82564627814608,0.9978589232386035,-0.06540312923014314,0,0
2026-09-21 06:30:00+00:00,urn:ngsi-ld:Building:PUNE:BLD-PHOENIX-01,1302.65,19.8,0,1100.0,1228.14,1330.34,1135.86,1301.8,1244.8683333333333,1448.91,98.08954447955355,0.9914448613738104,-0.1305261922200516,0,0
2026-09-21 06:45:00+00:00,urn:ngsi-ld:Building:PUNE:BLD-PHOENIX-01,1262.99,19.3,0,1176.44,1331.22,1213.79,1273.21,1114.94,1241.9675,1448.91,95.14324012392447,0.9807852804032304,-0.1950903220161282,0,0
2026-09-21 07:00:00+00:00,urn:ngsi-ld:Building:PUNE:BLD-PHOENIX-01,1171.02,21.3,0,1990.97,1229.02,1112.11,1253.25,1289.04,1245.68125,1448.91,94.10302833502365,0.9659258262890683,-0.25881904510252063,0,0
2026-09-21 07:15:00+00:00,urn:ngsi-ld:Building:PUNE:BLD-PHOENIX-01,1231.65,21.0,0,2165.25,1236.8,1256.27,1146.93,1316.93,1243.1991666666668,1448.91,95.29643393636987,0.9469301294951057,-0.3214394653031616,0,0
2026-09-21 07:30:00+00:00,urn:ngsi-ld:Building:PUNE:BLD-PHOENIX-01,1100.0,21.5,0,2069.82,1302.65,1228.14,1330.34,1254.46,1234.1466666666668,1447.91,84.62760561340716,0.9238795325112868,-0.3826834323650895,0,0
2026-09-21 07:45:00+00:00,urn:ngsi-ld:Building:PUNE:BLD-PHOENIX-01,1176.44,23.0,0,2022.59,1262.99,1331.22,1213.79,1156.96,1229.2995833333332,1447.91,88.91524075727149,0.8968727415326884,-0.44228869021900113,0,0
2026-09-21 08:00:00+00:00,urn:ngsi-ld:Building:PUNE:BLD-PHOENIX-01,1990.97,23.4,0,1987.15,1171.02,1229.02,1112.11,1906.43,1222.3225,1447.91,86.0563567238522,0.8660254037844387,-0.4999999999999998,0,0
2026-09-21 08:15:00+00:00,urn:ngsi-ld:Building:PUNE:BLD-PHOENIX-01,2165.25,23.0,0,1984.13,1231.65,1236.8,1256.27,2034.31,1255.7158333333334,1990.97,178.55846666187858,0.8314696123025451,-0.5555702330196023,0,0
2026-09-21 08:30:00+00:00,urn:ngsi-ld:Building:PUNE:BLD-PHOENIX-01,2069.82,24.6,0,2020.0,1100.0,1302.65,1228.14,1887.73,1295.7408333333333,2165.25,257.03227376298884,0.7933533402912352,-0.6087614290087207,0,0
2026-09-21 08:45:00+00:00,urn:ngsi-ld:Building:PUNE:BLD-PHOENIX-01,2022.59,25.1,0,2122.08,1176.44,1262.99,1331.22,2108.29,1327.735,2165.25,301.7414241279408,0.7518398074789774,-0.6593458151000688,0,0
2026-09-21 09:00:00+00:00,urn:ngsi-ld:Building:PUNE:BLD-PHOENIX-01,1987.15,25.2,0,4396.43,1990.97,1171.02,1229.02,2097.37,1366.1762500000002,2165.25,329.0035106038377,0.7071067811865476,-0.7071067811865475,0,0
2026-09-21 09:15:00+00:00,urn:ngsi-ld:Building:PUNE:BLD-PHOENIX-01,1984.13,26.4,0,4571.04,2165.25,1231.65,1236.8,1988.84,1388.6445833333335,2165.25,352.4083783485141,0.659345815100069,-0.7518398074789773,0,0
2026-09-21 09:30:00+00:00,urn:ngsi-ld:Building:PUNE:BLD-PHOENIX-01,2020.0,27.3,0,4493.52,2069.82,1100.0,1302.65,1840.79,1425.4833333333333,2165.25,366.8387419640587,0.6087614290087209,-0.793353340291235,0,0
2026-09-21 09:45:00+00:00,urn:ngsi-ld:Building:PUNE:BLD-PHOENIX-01,2122.08,27.1,0,4694.81,2022.59,1176.44,1262.99,2203.85,1462.3225,2165.25,380.62435269307196,0.5555702330196025,-0.831469612302545,0,0
2026-09-21 10:00:00+00:00,urn:ngsi-ld:Building:PUNE:BLD-PHOENIX-01,4396.43,27.6,1,4834.97,1987.15,1990.97,1171.02,4859.47,1497.6920833333334,2165.25,401.1730025700883,0.49999999999999994,-0.8660254037844387,0,0
2026-09-21 10:15:00+00:00,urn:ngsi-ld:Building:PUNE:BLD-PHOENIX-01,4571.04,28.2,1,4691.95,1984.13,2165.25,1231.65,4706.98,1628.6579166666668,4396.43,711.1807476240492,0.4422886902190017,-0.8968727415326881,0,0
2026-09-21 10:30:00+00:00,urn:ngsi-ld:Building:PUNE:BLD-PHOENIX-01,4493.52,28.4,1,4640.63,2020.0,2069.82,1100.0,4882.01,1771.3291666666667,4571.04,922.4241165439377,0.3826834323650899,-0.9238795325112867,0,0
2026-09-21 10:45:00+00:00,urn:ngsi-ld:Building:PUNE:BLD-PHOENIX-01,4694.81,29.3,1,4704.44,2122.08,2022.59,1176.44,4928.22,1903.1283333333333,4571.04,1070.7346272928876,0.32143946530316175,-0.9469301294951056,0,0
2026-09-21 11:00:00+00:00,urn:ngsi-ld:Building:PUNE:BLD-PHOENIX-01,4834.97,29.7,1,4946.96,4396.43,1987.15,1990.97,5111.38,2048.1708333333336,4694.81,1201.1276244462758,0.258819045102521,-0.9659258262890682,0,0
2026-09-21 11:15:00+00:00,urn:ngsi-ld:Building:PUNE:BLD-PHOENIX-01,4691.95,30.2,1,4996.46,4571.04,1984.13,2165.25,4804.82,2203.2900000000004,4834.97,1310.4069544727008,0.19509032201612816,-0.9807852804032304,0,0
2026-09-21 11:30:00+00:00,urn:ngsi-ld:Building:PUNE:BLD-PHOENIX-01,4640.63,30.6,1,5177.43,4493.52,2020.0,2069.82,5125.42,2346.443333333333,4834.97,1387.8287633461846,0.130526192220052,-0.9914448613738104,0,0
2026-09-21 11:45:00+00:00,urn:ngsi-ld:Building:PUNE:BLD-PHOENIX-01,4704.44,30.5,1,4878.92,4694.81,2122.08,2022.59,5136.19,2488.630416666667,4834.97,1442.0254124380738,0.06540312923014312,-0.9978589232386035,0,0
2026-09-21 12:00:00+00:00,urn:ngsi-ld:Building:PUNE:BLD-PHOENIX-01,4946.96,32.2,1,5162.39,4834.97,4396.43,1987.15,5214.01,2629.18125,4834.97,1487.9685893666692,1.2246467991473532e-16,-1.0,0,0
2026-09-21 12:15:00+00:00,urn:ngsi-ld:Building:PUNE:BLD-PHOENIX-01,4996.46,31.6,1,5089.3,4691.95,4571.04,1984.13,5124.74,2784.095416666667,4946.96,1528.8365462550357,-0.06540312923014287,-0.9978589232386035,0,0
2026-09-21 12:30:00+00:00,urn:ngsi-ld:Building:PUNE:BLD-PHOENIX-01,5177.43,33.2,1,5075.49,4640.63,4493.52,2020.0,5357.53,2940.7479166666667,4996.46,1555.7791430354625,-0.13052619222005177,-0.9914448613738104,0,0
2026-09-21 12:45:00+00:00,urn:ngsi-ld:Building:PUNE:BLD-PHOENIX-01,4878.92,32.0,1,5179.67,4704.44,4694.81,2122.08,5339.41,3102.197083333334,5177.43,1579.2695479803544,-0.19509032201612792,-0.9807852804032305,0,0
2026-09-21 13:00:00+00:00,urn:ngsi-ld:Building:PUNE:BLD-PHOENIX-01,5162.39,33.9,1,5009.27,4946.96,4834.97,4396.43,5177.36,3252.8608333333336,5177.43,1568.6243637240993,-0.2588190451025208,-0.9659258262890683,0,0
2026-09-21 13:15:00+00:00,urn:ngsi-ld:Building:PUNE:BLD-PHOENIX-01,5089.3,32.8,1,4924.83,4996.46,4691.95,4571.04,5428.0,3419.1679166666668,5177.43,1549.7803820933968,-0.32143946530316153,-0.9469301294951057,0,0
2026-09-21 13:30:00+00:00,urn:ngsi-ld:Building:PUNE:BLD-PHOENIX-01,5075.49,33.8,1,5103.97,5177.43,4640.63,4493.52,5241.64,3579.9033333333336,5177.43,1512.6407647401354,-0.38268343236508967,-0.9238795325112868,0,0
2026-09-21 13:45:00+00:00,urn:ngsi-ld:Building:PUNE:BLD-PHOENIX-01,5179.67,33.4,1,5011.34,4878.92,4704.44,4694.81,5434.64,3745.54875,5177.43,1445.445999320121,-0.44228869021900147,-0.8968727415326883,0,0
2026-09-21 14:00:00+00:00,urn:ngsi-ld:Building:PUNE:BLD-PHOENIX-01,5009.27,32.7,1,4982.75,5162.39,4946.96,4834.97,5535.12,3912.35,5179.67,1364.8198698187887,-0.4999999999999997,-0.8660254037844388,0,0
2026-09-21 14:15:00+00:00,urn:ngsi-ld:Building:PUNE:BLD-PHOENIX-01,4924.83,32.8,1,5213.58,5089.3,4996.46,4691.95,5507.93,4038.1124999999997,5179.67,1318.3456167625238,-0.555570233019602,-0.8314696123025455,0,0
2026-09-21 14:30:00+00:00,urn:ngsi-ld:Building:PUNE:BLD-PHOENIX-01,5103.97,33.2,1,5035.56,5075.49,5177.43,4640.63,5226.43,4153.095,5179.67,1267.248978213284,-0.6087614290087207,-0.7933533402912352,0,0
2026-09-21 14:45:00+00:00,urn:ngsi-ld:Building:PUNE:BLD-PHOENIX-01,5011.34,33.3,1,4872.58,5179.67,4878.92,4704.44,5193.82,4279.517916666667,5179.67,1199.9402489000272,-0.6593458151000688,-0.7518398074789774,0,0
2026-09-21 15:00:00+00:00,urn:ngsi-ld:Building:PUNE:BLD-PHOENIX-01,4982.75,33.4,1,5346.06,5009.27,5162.39,4946.96,5470.6,4404.049166666667,5179.67,1107.0200695047217,-0.7071067811865471,-0.7071067811865479,0,0
2026-09-21 15:15:00+00:00,urn:ngsi-ld:Building:PUNE:BLD-PHOENIX-01,5213.58,33.6,1,4965.05,4924.83,5089.3,4996.46,5135.69,4528.865833333333,5179.67,984.7961884613383,-0.7518398074789773,-0.6593458151000691,0,0
2026-09-21 15:30:00+00:00,urn:ngsi-ld:Building:PUNE:BLD-PHOENIX-01,5035.56,33.1,1,5158.75,5103.97,5075.49,5177.43,5417.15,4663.4262499999995,5213.58,830.5194326853194,-0.7933533402912349,-0.6087614290087209,0,0
2026-09-21 15:45:00+00:00,urn:ngsi-ld:Building:PUNE:BLD-PHOENIX-01,4872.58,33.2,1,4775.87,5011.34,5179.67,4878.92,5343.42,4789.074583333333,5213.58,612.7776831486666,-0.8314696123025452,-0.5555702330196022,0,0
2026-09-21 16:00:00+00:00,urn:ngsi-ld:Building:PUNE:BLD-PHOENIX-01,5346.06,33.1,1,5154.95,4982.75,5009.27,5162.39,5049.01,4903.67875,5213.58,229.86891660274827,-0.8660254037844385,-0.5000000000000004,0,0
2026-09-21 16:15:00+00:00,urn:ngsi-ld:Building:PUNE:BLD-PHOENIX-01,4965.05,32.4,1,4759.65,5213.58,4924.83,5089.3,5205.2,4943.246666666667,5346.06,220.29017702286825,-0.8968727415326883,-0.44228869021900136,0,0
2026-09-21 16:30:00+00:00,urn:ngsi-ld:Building:PUNE:BLD-PHOENIX-01,5158.75,32.7,1,4675.3,5035.56,5103.97,5075.49,5046.71,4959.663750000001,5346.06,205.5329885468302,-0.9238795325112868,-0.3826834323650895,0,0
2026-09-21 16:45:00+00:00,urn:ngsi-ld:Building:PUNE:BLD-PHOENIX-01,4775.87,32.5,1,4719.59,4872.58,5011.34,5179.67,5334.61,4987.381666666667,5346.06,183.62463665973385,-0.9469301294951056,-0.3214394653031618,0,0
2026-09-21 17:00:00+00:00,urn:ngsi-ld:Building:PUNE:BLD-PHOENIX-01,5154.95,31.9,1,4593.71,5346.06,4982.75,5009.27,5231.63,4990.759166666667,5346.06,178.68838435566175,-0.9659258262890683,-0.25881904510252063,0,0
2026-09-21 17:15:00+00:00,urn:ngsi-ld:Building:PUNE:BLD-PHOENIX-01,4759.65,31.5,1,4715.44,4965.05,5213.58,4924.83,5019.0,5004.091666666667,5346.06,178.49633075435273,-0.9807852804032303,-0.19509032201612866,0,0
2026-09-21 17:30:00+00:00,urn:ngsi-ld:Building:PUNE:BLD-PHOENIX-01,4675.3,30.9,1,4505.26,5158.75,5035.56,5103.97,5005.11,5006.912499999999,5346.06,173.82274330231968,-0.9914448613738104,-0.13052619222005163,0,0
2026-09-21 17:45:00+00:00,urn:ngsi-ld:Building:PUNE:BLD-PHOENIX-01,4719.59,31.0,1,4231.37,4775.87,4872.58,5011.34,5154.0,5008.357083333333,5346.06,170.7634846284218,-0.9978589232386035,-0.06540312923014273,0,0
2026-09-21 18:00:00+00:00,urn:ngsi-ld:Building:PUNE:BLD-PHOENIX-01,4593.71,29.8,1,4360.64,5154.95,5346.06,4982.75,4958.39,5008.988333333334,5346.06,169.61531003159814,-1.0,-1.8369701987210297e-16,0,0
2026-09-21 18:15:00+00:00,urn:ngsi-ld:Building:PUNE:BLD-PHOENIX-01,4715.44,29.0,1,4370.58,4759.65,4965.05,5213.58,4976.67,4994.269583333334,5346.06,189.40459451019544,-0.9978589232386036,0.06540312923014237,0,0
2026-09-21 18:30:00+00:00,urn:ngsi-ld:Building:PUNE:BLD-PHOENIX-01,4505.26,28.8,1,4327.96,4675.3,5158.75,5035.56,4761.54,4982.560416666667,5346.06,197.76522513764996,-0.9914448613738105,0.13052619222005127,0,0
2026-09-21 18:45:00+00:00,urn:ngsi-ld:Building:PUNE:BLD-PHOENIX-01,4231.37,27.5,1,4247.44,4719.59,4775.87,4872.58,4915.08,4954.553333333333,5346.06,215.74652501948734,-0.9807852804032304,0.1950903220161283,0,0
2026-09-21 19:00:00+00:00,urn:ngsi-ld:Building:PUNE:BLD-PHOENIX-01,4360.64,26.9,1,4549.26,4593.71,5154.95,5346.06,4760.88,4927.5720833333335,5346.06,261.298843937952,-0.9659258262890684,0.2588190451025203,0,0
2026-09-21 19:15:00+00:00,urn:ngsi-ld:Building:PUNE:BLD-PHOENIX-01,4370.58,27.6,1,4317.11,4715.44,4759.65,4965.05,4882.37,4894.1658333333335,5346.06,280.5167627777138,-0.9469301294951057,0.3214394653031615,0,0
2026-09-21 19:30:00+00:00,urn:ngsi-ld:Building:PUNE:BLD-PHOENIX-01,4327.96,27.4,1,4212.54,4505.26,4675.3,5158.75,4609.3,4864.219166666667,5346.06,296.677511946794,-0.923879532511287,0.38268343236508917,0,0
2026-09-21 19:45:00+00:00,urn:ngsi-ld:Building:PUNE:BLD-PHOENIX-01,4247.44,25.7,1,4466.04,4231.37,4719.59,4775.87,4629.65,4833.0720833333335,5346.06,312.3583999048778,-0.8968727415326884,0.442288690219001,0,0
2026-09-21 20:00:00+00:00,urn:ngsi-ld:Building:PUNE:BLD-PHOENIX-01,4549.26,25.8,1,4402.27,4360.64,4593.71,5154.95,4583.38,4794.229166666667,5346.06,325.0874797840282,-0.8660254037844386,0.5000000000000001,0,0
2026-09-21 20:15:00+00:00,urn:ngsi-ld:Building:PUNE:BLD-PHOENIX-01,4317.11,23.6,1,4535.1,4370.58,4715.44,4759.65,4787.95,4775.062083333333,5346.06,325.4183448902891,-0.8314696123025455,0.5555702330196018,0,0
2026-09-21 20:30:00+00:00,urn:ngsi-ld:Building:PUNE:BLD-PHOENIX-01,4212.54,24.8,1,4299.42,4327.96,4505.26,4675.3,4542.83,4749.7404166666665,5346.06,336.7061988489503,-0.7933533402912357,0.6087614290087199,0,0
2026-09-21 20:45:00+00:00,urn:ngsi-ld:Building:PUNE:BLD-PHOENIX-01,4466.04,23.7,1,4442.81,4247.44,4231.37,4719.59,4608.5,4712.5975,5346.06,344.9971556058085,-0.7518398074789772,0.6593458151000691,0,0
2026-09-21 21:00:00+00:00,urn:ngsi-ld:Building:PUNE:BLD-PHOENIX-01,4402.27,22.8,1,4326.01,4549.26,4360.64,4593.71,4745.16,4689.876666666667,5346.06,342.4136646967025,-0.7071067811865477,0.7071067811865474,0,0
2026-09-21 21:15:00+00:00,urn:ngsi-ld:Building:PUNE:BLD-PHOENIX-01,4535.1,23.2,1,2002.21,4317.11,4370.58,4715.44,4624.89,4665.69,5346.06,341.32648133551066,-0.6593458151000687,0.7518398074789775,0,0
2026-09-21 21:30:00+00:00,urn:ngsi-ld:Building:PUNE:BLD-PHOENIX-01,4299.42,21.5,1,2293.63,4212.54,4327.96,4505.26,4512.09,4637.42,5346.06,321.4962508538076,-0.608761429008721,0.7933533402912349,0,0
2026-09-21 21:45:00+00:00,urn:ngsi-ld:Building:PUNE:BLD-PHOENIX-01,4442.81,20.4,1,2008.64,4466.04,4247.44,4231.37,4696.65,4606.7475,5346.06,316.94366461772825,-0.555570233019603,0.8314696123025447,0,0
2026-09-21 22:00:00+00:00,urn:ngsi-ld:Building:PUNE:BLD-PHOENIX-01,4326.01,19.5,1,2072.76,4402.27,4549.26,4360.64,4629.97,4588.840416666667,5346.06,313.3922565770221,-0.5000000000000004,0.8660254037844384,0,0
2026-09-21 22:15:00+00:00,urn:ngsi-ld:Building:PUNE:BLD-PHOENIX-01,2002.21,19.9,0,2065.65,4535.1,4317.11,4370.58,2066.15,4546.338333333334,5158.75,272.770195485023,-0.4422886902190014,0.8968727415326883,0,0
2026-09-21 22:30:00+00:00,urn:ngsi-ld:Building:PUNE:BLD-PHOENIX-01,2293.63,19.4,0,1880.55,4299.42,4212.54,4327.96,1910.33,4422.886666666666,5158.75,576.4503187663323,-0.38268343236508956,0.9238795325112868,0,0
2026-09-21 22:45:00+00:00,urn:ngsi-ld:Building:PUNE:BLD-PHOENIX-01,2008.64,18.6,0,1100.0,4442.81,4466.04,4247.44,2048.05,4303.506666666667,5154.95,700.7134684433996,-0.32143946530316186,0.9469301294951056,0,0
2026-09-21 23:00:00+00:00,urn:ngsi-ld:Building:PUNE:BLD-PHOENIX-01,2072.76,18.8,0,1120.59,4326.01,4402.27,4549.26,1851.96,4188.205416666667,5154.95,834.506003646208,-0.25881904510252157,0.9659258262890681,0,0
2026-09-21 23:15:00+00:00,urn:ngsi-ld:Building:PUNE:BLD-PHOENIX-01,2065.65,18.6,0,1252.87,2002.21,4535.1,4317.11,2187.53,4059.780833333333,4759.65,912.7572053895743,-0.19509032201612872,0.9807852804032303,0,0
2026-09-21 23:30:00+00:00,urn:ngsi-ld:Building:PUNE:BLD-PHOENIX-01,1880.55,17.1,0,1169.83,2293.63,4299.42,4212.54,2083.76,3947.5308333333337,4719.59,985.6851710487315,-0.13052619222005168,0.9914448613738104,0,0
2026-09-21 23:45:00+00:00,urn:ngsi-ld:Building:PUNE:BLD-PHOENIX-01,1100.0,15.9,0,1173.57,2008.64,4442.81,4466.04,1245.92,3831.0829166666667,4719.59,1058.373442108546,-0.0654031292301428,0.9978589232386035,0,0
2026-09-22 00:00:00+00:00,urn:ngsi-ld:Building:PUNE:BLD-PHOENIX-01,1120.59,16.7,0,1362.89,2072.76,4326.01,4402.27,1207.13,3680.266666666667,4715.44,1177.451669059506,0.0,1.0,1,0
2026-09-22 00:15:00+00:00,urn:ngsi-ld:Building:PUNE:BLD-PHOENIX-01,1252.87,16.9,0,1227.68,2065.65,2002.21,4535.1,1185.64,3535.5533333333333,4715.44,1270.0904640963201,0.06540312923014306,0.9978589232386035,1,0
2026-09-22 00:30:00+00:00,urn:ngsi-ld:Building:PUNE:BLD-PHOENIX-01,1169.83,15.6,0,1250.85,1880.55,2293.63,4299.42,1372.27,3391.279583333333,4549.26,1325.6817408789402,0.13052619222005157,0.9914448613738104,1,0
2026-09-22 00:45:00+00:00,urn:ngsi-ld:Building:PUNE:BLD-PHOENIX-01,1173.57,15.9,0,1172.4,1100.0,2008.64,4442.81,1173.86,3252.3033333333333,4549.26,1377.6362573710035,0.19509032201612825,0.9807852804032304,1,0
2026-09-22 01:00:00+00:00,urn:ngsi-ld:Building:PUNE:BLD-PHOENIX-01,1362.89,14.6,0,1194.94,1120.59,2072.76,4326.01,1230.59,3124.8950000000004,4549.26,1423.7771207021058,0.25881904510252074,0.9659258262890683,1,0
2026-09-22 01:15:00+00:00,urn:ngsi-ld:Building:PUNE:BLD-PHOENIX-01,1227.68,15.2,0,1232.06,1252.87,2065.65,2002.21,1448.91,2999.9887500000004,4549.26,1442.030691663102,0.3214394653031616,0.9469301294951057,1,0
2026-09-22 01:30:00+00:00,urn:ngsi-ld:Building:PUNE:BLD-PHOENIX-01,1250.85,15.2,0,1319.75,1169.83,1880.55,2293.63,1216.33,2869.0345833333336,4549.26,1454.8029889240745,0.3826834323650898,0.9238795325112867,1,0
2026-09-22 01:45:00+00:00,urn:ngsi-ld:Building:PUNE:BLD-PHOENIX-01,1172.4,14.9,0,1170.14,1173.57,1100.0,2008.64,1343.89,2740.8216666666667,4549.26,1456.229835355567,0.44228869021900125,0.8968727415326884,1,0
2026-09-22 02:00:00+00:00,urn:ngsi-ld:Building:PUNE:BLD-PHOENIX-01,1194.94,15.8,0,1425.41,1362.89,1120.59,2072.76,1189.53,2612.695,4549.26,1453.1820521636046,0.49999999999999994,0.8660254037844387,1,0
2026-09-22 02:15:00+00:00,urn:ngsi-ld:Building:PUNE:BLD-PHOENIX-01,1232.06,15.5,0,1253.3,1227.68,1252.87,2065.65,1204.65,2472.931666666667,4535.1,1419.7505914057901,0.5555702330196022,0.8314696123025452,1,0
2026-09-22 02:30:00+00:00,urn:ngsi-ld:Building:PUNE:BLD-PHOENIX-01,1319.75,15.0,0,1217.09,1250.85,1169.83,1880.55,1301.96,2344.3879166666666,4535.1,1384.7478962737548,0.6087614290087207,0.7933533402912352,1,0
2026-09-22 02:45:00+00:00,urn:ngsi-ld:Building:PUNE:BLD-PHOENIX-01,1170.14,15.2,0,1154.6,1172.4,1173.57,1100.0,1100.0,2223.855,4535.1,1340.2519096634442,0.6593458151000688,0.7518398074789774,1,0
2026-09-22 03:00:00+00:00,urn:ngsi-ld:Building:PUNE:BLD-PHOENIX-01,1425.41,15.2,0,1403.04,1194.94,1362.89,1120.59,1447.91,2086.5258333333336,4535.1,1267.394240468677,0.7071067811865476,0.7071067811865476,1,0
2026-09-22 03:15:00+00:00,urn:ngsi-ld:Building:PUNE:BLD-PHOENIX-01,1253.3,14.5,0,1451.44,1232.06,1227.68,1252.87,1100.0,1962.49,4535.1,1173.0635011278143,0.7518398074789774,0.6593458151000688,1,0
2026-09-22 03:30:00+00:00,urn:ngsi-ld:Building:PUNE:BLD-PHOENIX-01,1217.09,14.5,0,1262.0,1319.75,1250.85,1169.83,1135.86,1825.7483333333332,4442.81,1044.3567383371108,0.7933533402912352,0.6087614290087207,1,0
2026-09-22 03:45:00+00:00,urn:ngsi-ld:Building:PUNE:BLD-PHOENIX-01,1154.6,16.0,0,1263.61,1170.14,1172.4,1173.57,1273.21,1697.3179166666669,4442.81,907.4860510365369,0.8314696123025451,0.5555702330196024,1,0
2026-09-22 04:00:00+00:00,urn:ngsi-ld:Building:PUNE:BLD-PHOENIX-01,1403.04,14.7,0,1315.07,1425.41,1194.94,1362.89,1253.25,1560.3091666666667,4326.01,699.3013243225384,0.8660254037844386,0.5000000000000001,1,0
2026-09-22 04:15:00+00:00,urn:ngsi-ld:Building:PUNE:BLD-PHOENIX-01,1451.44,15.9,0,1244.53,1253.3,1232.06,1227.68,1146.93,1438.5187500000002,2293.63,376.8955931809479,0.8968727415326884,0.44228869021900125,1,0
2026-09-22 04:30:00+00:00,urn:ngsi-ld:Building:PUNE:BLD-PHOENIX-01,1262.0,15.5,0,1165.0,1217.09,1319.75,1250.85,1330.34,1415.57,2293.63,357.34140769319345,0.9238795325112867,0.38268343236508984,1,0
2026-09-22 04:45:00+00:00,urn:ngsi-ld:Building:PUNE:BLD-PHOENIX-01,1263.61,15.7,0,1138.75,1154.6,1170.14,1172.4,1213.79,1372.5854166666668,2072.76,305.3997005775236,0.9469301294951056,0.3214394653031617,1,0
2026-09-22 05:00:00+00:00,urn:ngsi-ld:Building:PUNE:BLD-PHOENIX-01,1315.07,15.4,0,1447.07,1403.04,1425.41,1194.94,1112.11,1341.5425,2072.76,274.20785339413953,0.9659258262890683,0.25881904510252074,1,0
2026-09-22 05:15:00+00:00,urn:ngsi-ld:Building:PUNE:BLD-PHOENIX-01,1244.53,17.1,0,1107.01,1451.44,1253.3,1232.06,1256.27,1309.9720833333333,2065.65,225.68446131282016,0.9807852804032304,0.19509032201612833,1,0
2026-09-22 05:30:00+00:00,urn:ngsi-ld:Building:PUNE:BLD-PHOENIX-01,1165.0,17.0,0,1290.04,1262.0,1217.09,1319.75,1228.14,1275.75875,1880.55,158.3351220426484,0.9914448613738104,0.1305261922200517,1,0
2026-09-22 05:45:00+00:00,urn:ngsi-ld:Building:PUNE:BLD-PHOENIX-01,1138.75,18.2,0,1117.06,1263.61,1154.6,1170.14,1331.22,1245.9441666666664,1451.44,93.66254635956238,0.9978589232386035,0.06540312923014327,1,0
2026-09-22 06:00:00+00:00,urn:ngsi-ld:Building:PUNE:BLD-PHOENIX-01,1447.07,18.5,0,1249.05,1315.07,1403.04,1425.41,1229.02,1247.55875,1451.44,91.34259306064557,1.0,6.123233995736766e-17,1,0
2026-09-22 06:15:00+00:00,urn:ngsi-ld:Building:PUNE:BLD-PHOENIX-01,1107.01,19.6,0,1225.94,1244.53,1451.44,1253.3,1236.8,1261.1620833333334,1451.44,95.81282776859184,0.9978589232386035,-0.06540312923014314,1,0
2026-09-22 06:30:00+00:00,urn:ngsi-ld:Building:PUNE:BLD-PHOENIX-01,1290.04,18.9,0,1129.63,1165.0,1262.0,1217.09,1302.65,1255.0845833333333,1451.44,100.85501759312442,0.9914448613738104,-0.1305261922200516,1,0
2026-09-22 06:45:00+00:00,urn:ngsi-ld:Building:PUNE:BLD-PHOENIX-01,1117.06,19.8,0,1318.56,1138.75,1263.61,1154.6,1262.99,1260.0933333333335,1451.44,99.41160166150195,0.9807852804032304,-0.1950903220161282,1,0
2026-09-22 07:00:00+00:00,urn:ngsi-ld:Building:PUNE:BLD-PHOENIX-01,1249.05,20.6,0,1959.05,1447.07,1315.07,1403.04,1171.02,1257.73875,1451.44,102.18068401270205,0.9659258262890683,-0.25881904510252063,1,0
2026-09-22 07:15:00+00:00,urn:ngsi-ld:Building:PUNE:BLD-PHOENIX-01,1225.94,22.1,0,1918.75,1107.01,1244.53,1451.44,1231.65,1252.9954166666666,1451.44,99.69938471645573,0.9469301294951057,-0.3214394653031616,1,0
2026-09-22 07:30:00+00:00,urn:ngsi-ld:Building:PUNE:BLD-PHOENIX-01,1129.63,22.2,0,2129.51,1290.04,1165.0,1262.0,1100.0,1252.9229166666667,1451.44,99.71922480368838,0.9238795325112868,-0.3826834323650895,1,0
2026-09-22 07:45:00+00:00,urn:ngsi-ld:Building:PUNE:BLD-PHOENIX-01,1318.56,21.5,0,2026.34,1117.06,1138.75,1263.61,1176.44,1247.8720833333334,1451.44,102.84958024376206,0.8968727415326884,-0.44228869021900113,1,0
2026-09-22 08:00:00+00:00,urn:ngsi-ld:Building:PUNE:BLD-PHOENIX-01,1959.05,23.4,0,1988.41,1249.05,1447.07,1315.07,1990.97,1253.9620833333333,1451.44,102.51308790150028,0.8660254037844387,-0.4999999999999998,1,0
2026-09-22 08:15:00+00:00,urn:ngsi-ld:Building:PUNE:BLD-PHOENIX-01,1918.75,23.4,0,2056.93,1225.94,1107.01,1244.53,2165.25,1285.8,1959.05,175.82639125241533,0.8314696123025451,-0.5555702330196023,1,0
2026-09-22 08:30:00+00:00,urn:ngsi-ld:Building:PUNE:BLD-PHOENIX-01,2129.51,23.9,0,2020.1,1129.63,1290.04,1165.0,2069.82,1314.4120833333334,1959.05,217.60886732605232,0.7933533402912352,-0.6087614290087207,1,0
2026-09-22 08:45:00+00:00,urn:ngsi-ld:Building:PUNE:BLD-PHOENIX-01,2026.34,24.4,0,1953.65,1318.56,1117.06,1138.75,2022.59,1348.1520833333334,2129.51,273.9539836157303,0.7518398074789774,-0.6593458151000688,1,0
2026-09-22 09:00:00+00:00,urn:ngsi-ld:Building:PUNE:BLD-PHOENIX-01,1988.41,24.6,0,4503.41,1959.05,1249.05,1447.07,1987.15,1383.8270833333333,2129.51,303.8788139241887,0.7071067811865476,-0.7071067811865475,1,0
2026-09-22 09:15:00+00:00,urn:ngsi-ld:Building:PUNE:BLD-PHOENIX-01,2056.93,26.9,0,4609.6,1918.75,1225.94,1107.01,1984.13,1407.2854166666666,2129.51,328.00172283451,0.659345815100069,-0.7518398074789773,1,0
2026-09-22 09:30:00+00:00,urn:ngsi-ld:Building:PUNE:BLD-PHOENIX-01,2020.1,25.9,0,4609.65,2129.51,1129.63,1290.04,2020.0,1440.7699999999998,2129.51,351.75802914723175,0.6087614290087209,-0.793353340291235,1,0
2026-09-22 09:45:00+00:00,urn:ngsi-ld:Building:PUNE:BLD-PHOENIX-01,1953.65,26.1,0,4447.02,2026.34,1318.56,1117.06,2122.08,1474.2287500000002,2129.51,367.3996846382186,0.5555702330196025,-0.831469612302545,1,0
2026-09-22 10:00:00+00:00,urn:ngsi-ld:Building:PUNE:BLD-PHOENIX-01,4503.41,28.5,1,4807.87,1988.41,1959.05,1249.05,4396.43,1507.5224999999998,2129.51,373.33263967356567,0.49999999999999994,-0.8660254037844387,1,0
2026-09-22 10:15:00+00:00,urn:ngsi-ld:Building:PUNE:BLD-PHOENIX-01,4609.6,29.3,1,4684.2,2056.93,1918.75,1225.94,4571.04,1636.7045833333334,4503.41,715.3469830179224,0.4422886902190017,-0.8968727415326881,1,0
2026-09-22 10:30:00+00:00,urn:ngsi-ld:Building:PUNE:BLD-PHOENIX-01,4609.65,28.7,1,4838.3,2020.1,2129.51,1129.63,4493.52,1768.2945833333333,4609.6,936.1761251703294,0.3826834323650899,-0.9238795325112867,1,0
2026-09-22 10:45:00+00:00,urn:ngsi-ld:Building:PUNE:BLD-PHOENIX-01,4447.02,27.7,1,4782.7,1953.65,2026.34,1318.56,4694.81,1907.78,4609.65,1093.6140723467154,0.32143946530316175,-0.9469301294951056,1,0
2026-09-22 11:00:00+00:00,urn:ngsi-ld:Building:PUNE:BLD-PHOENIX-01,4807.87,29.8,1,5003.9,4503.41,1988.41,1959.05,4834.97,2040.4220833333336,4609.65,1199.969939054553,0.258819045102521,-0.9659258262890682,1,0
2026-09-22 11:15:00+00:00,urn:ngsi-ld:Building:PUNE:BLD-PHOENIX-01,4684.2,30.8,1,4956.42,4609.6,2056.93,1918.75,4691.95,2185.9554166666667,4807.87,1314.5118809160194,0.19509032201612816,-0.9807852804032304,1,0
2026-09-22 11:30:00+00:00,urn:ngsi-ld:Building:PUNE:BLD-PHOENIX-01,4838.3,31.5,1,5117.1,4609.65,2020.1,2129.51,4640.63,2329.275,4807.87,1392.598857132572,0.130526192220052,-0.9914448613738104,1,0
2026-09-22 11:45:00+00:00,urn:ngsi-ld:Building:PUNE:BLD-PHOENIX-01,4782.7,30.6,1,5173.75,4447.02,1953.65,2026.34,4704.44,2482.329166666667,4838.3,1459.334013871651,0.06540312923014312,-0.9978589232386035,1,0
2026-09-22 12:00:00+00:00,urn:ngsi-ld:Building:PUNE:BLD-PHOENIX-01,5003.9,31.4,1,5072.26,4807.87,4503.41,1988.41,4946.96,2634.160416666667,4838.3,1502.394003832545,1.2246467991473532e-16,-1.0,1,0
2026-09-22 12:15:00+00:00,urn:ngsi-ld:Building:PUNE:BLD-PHOENIX-01,4956.42,32.1,1,5116.39,4684.2,4609.6,2056.93,4996.46,2782.361666666667,5003.9,1554.7217487206258,-0.06540312923014287,-0.9978589232386035,1,0
2026-09-22 12:30:00+00:00,urn:ngsi-ld:Building:PUNE:BLD-PHOENIX-01,5117.1,32.8,1,5226.12,4838.3,4609.65,2020.1,5177.43,2942.7537500000003,5003.9,1572.8261050810581,-0.13052619222005177,-0.9914448613738104,1,0
2026-09-22 12:45:00+00:00,urn:ngsi-ld:Building:PUNE:BLD-PHOENIX-01,5173.75,33.0,1,5187.64,4782.7,4447.02,1953.65,4878.92,3102.214583333333,5117.1,1591.8684360318846,-0.19509032201612792,-0.9807852804032305,1,0
2026-09-22 13:00:00+00:00,urn:ngsi-ld:Building:PUNE:BLD-PHOENIX-01,5072.26,33.1,1,5195.86,5003.9,4807.87,4503.41,5162.39,3271.2433333333333,5173.75,1587.283168739062,-0.2588190451025208,-0.9659258262890683,1,0
2026-09-22 13:15:00+00:00,urn:ngsi-ld:Building:PUNE:BLD-PHOENIX-01,5116.39,33.7,1,5180.37,4956.42,4684.2,4609.6,5089.3,3430.5437500000003,5173.75,1567.234020686882,-0.32143946530316153,-0.9469301294951057,1,0
2026-09-22 13:30:00+00:00,urn:ngsi-ld:Building:PUNE:BLD-PHOENIX-01,5226.12,33.2,1,5106.8,5117.1,4838.3,4609.65,5075.49,3592.6458333333335,5173.75,1530.0506779442107,-0.38268343236508967,-0.9238795325112868,1,0
2026-09-22 13:45:00+00:00,urn:ngsi-ld:Building:PUNE:BLD-PHOENIX-01,5187.64,34.3,1,5030.55,5173.75,4782.7,4447.02,5179.67,3763.3329166666667,5226.12,1470.6821797870882,-0.44228869021900147,-0.8968727415326883,1,0
2026-09-22 14:00:00+00:00,urn:ngsi-ld:Building:PUNE:BLD-PHOENIX-01,5195.86,33.1,1,5122.27,5072.26,5003.9,4807.87,5009.27,3924.544583333333,5226.12,1401.4718182495326,-0.4999999999999997,-0.8660254037844388,1,0
2026-09-22 14:15:00+00:00,urn:ngsi-ld:Building:PUNE:BLD-PHOENIX-01,5180.37,34.0,1,5136.47,5116.39,4956.42,4684.2,4924.83,4059.411666666667,5226.12,1359.2096444902713,-0.555570233019602,-0.8314696123025455,1,0
2026-09-22 14:30:00+00:00,urn:ngsi-ld:Building:PUNE:BLD-PHOENIX-01,5106.8,33.3,1,5241.34,5226.12,5117.1,4838.3,5103.97,4195.3125,5226.12,1297.5265443284638,-0.6087614290087207,-0.7933533402912352,1,0
2026-09-22 14:45:00+00:00,urn:ngsi-ld:Building:PUNE:BLD-PHOENIX-01,5030.55,33.5,1,5092.26,5187.64,5173.75,4782.7,5011.34,4319.36625,5226.12,1232.109424290094,-0.6593458151000688,-0.7518398074789774,1,0
2026-09-22 15:00:00+00:00,urn:ngsi-ld:Building:PUNE:BLD-PHOENIX-01,5122.27,33.5,1,4902.32,5195.86,5072.26,5003.9,4982.75,4444.541666666667,5226.12,1138.0363193053122,-0.7071067811865471,-0.7071067811865479,1,0
2026-09-22 15:15:00+00:00,urn:ngsi-ld:Building:PUNE:BLD-PHOENIX-01,5136.47,33.1,1,5045.13,5180.37,5116.39,4956.42,5213.58,4575.119166666666,5226.12,1017.3587841110844,-0.7518398074789773,-0.6593458151000691,1,0
2026-09-22 15:30:00+00:00,urn:ngsi-ld:Building:PUNE:BLD-PHOENIX-01,5241.34,33.9,1,5268.53,5106.8,5226.12,5117.1,5035.56,4703.433333333333,5226.12,869.3856918920859,-0.7933533402912349,-0.6087614290087209,1,0
2026-09-22 15:45:00+00:00,urn:ngsi-ld:Building:PUNE:BLD-PHOENIX-01,5092.26,32.8,1,4986.12,5030.55,5187.64,5173.75,4872.58,4837.651666666667,5241.34,660.7255698598944,-0.8314696123025452,-0.5555702330196022,1,0
2026-09-22 16:00:00+00:00,urn:ngsi-ld:Building:PUNE:BLD-PHOENIX-01,4902.32,32.8,1,4787.68,5122.27,5195.86,5072.26,5346.06,4968.427083333333,5241.34,244.74895468944266,-0.8660254037844385,-0.5000000000000004,1,0
2026-09-22 16:15:00+00:00,urn:ngsi-ld:Building:PUNE:BLD-PHOENIX-01,5045.13,32.9,1,4623.5,5136.47,5180.37,5116.39,4965.05,4985.048333333333,5241.34,224.5039018479291,-0.8968727415326883,-0.44228869021900136,1,0
2026-09-22 16:30:00+00:00,urn:ngsi-ld:Building:PUNE:BLD-PHOENIX-01,5268.53,33.8,1,4574.2,5241.34,5106.8,5226.12,5158.75,5003.1954166666665,5241.34,209.96798940254945,-0.9238795325112868,-0.3826834323650895,1,0
2026-09-22 16:45:00+00:00,urn:ngsi-ld:Building:PUNE:BLD-PHOENIX-01,4986.12,32.3,1,4664.25,5092.26,5030.55,5187.64,4775.87,5030.64875,5268.53,199.06594876888565,-0.9469301294951056,-0.3214394653031618,1,0
2026-09-22 17:00:00+00:00,urn:ngsi-ld:Building:PUNE:BLD-PHOENIX-01,4787.68,31.6,1,4592.34,4902.32,5122.27,5195.86,5154.95,5053.11125,5268.53,156.13226737538452,-0.9659258262890683,-0.25881904510252063,1,0
2026-09-22 17:15:00+00:00,urn:ngsi-ld:Building:PUNE:BLD-PHOENIX-01,4623.5,30.1,1,4752.17,5045.13,5136.47,5180.37,4759.65,5052.2699999999995,5268.53,157.55896701544538,-0.9807852804032303,-0.19509032201612866,1,0
2026-09-22 17:30:00+00:00,urn:ngsi-ld:Building:PUNE:BLD-PHOENIX-01,4574.2,30.7,1,4543.71,5268.53,5241.34,5106.8,4675.3,5049.740833333333,5268.53,164.07656134226397,-0.9914448613738104,-0.13052619222005163,1,0
2026-09-22 17:45:00+00:00,urn:ngsi-ld:Building:PUNE:BLD-PHOENIX-01,4664.25,29.9,1,4480.79,4986.12,5092.26,5030.55,4719.59,5038.736666666667,5268.53,186.23400092750748,-0.9978589232386035,-0.06540312923014273,1,0
2026-09-22 18:00:00+00:00,urn:ngsi-ld:Building:PUNE:BLD-PHOENIX-01,4592.34,29.7,1,4297.03,4787.68,4902.32,5122.27,4593.71,5033.80125,5268.53,194.69175861422633,-1.0,-1.8369701987210297e-16,1,0
2026-09-22 18:15:00+00:00,urn:ngsi-ld:Building:PUNE:BLD-PHOENIX-01,4752.17,29.1,1,4386.02,4623.5,5045.13,5136.47,4715.44,5016.652916666667,5268.53,214.55197429468998,-0.9978589232386036,0.06540312923014237,1,0
2026-09-22 18:30:00+00:00,urn:ngsi-ld:Building:PUNE:BLD-PHOENIX-01,4543.71,29.1,1,4345.9,4574.2,5268.53,5241.34,4505.26,5008.1425,5268.53,220.9990752341855,-0.9914448613738105,0.13052619222005127,1,0
2026-09-22 18:45:00+00:00,urn:ngsi-ld:Building:PUNE:BLD-PHOENIX-01,4480.79,28.2,1,4162.59,4664.25,4986.12,5092.26,4231.37,4984.25125,5268.53,238.97065539907828,-0.9807852804032304,0.1950903220161283,1,0
2026-09-22 19:00:00+00:00,urn:ngsi-ld:Building:PUNE:BLD-PHOENIX-01,4297.03,27.2,1,4432.46,4592.34,4787.68,4902.32,4360.64,4955.377916666667,5268.53,256.31297056157086,-0.9659258262890684,0.2588190451025203,1,0
2026-09-22 19:15:00+00:00,urn:ngsi-ld:Building:PUNE:BLD-PHOENIX-01,4386.02,27.7,1,4561.83,4752.17,4623.5,5045.13,4370.58,4923.076666666667,5268.53,287.85076554215595,-0.9469301294951057,0.3214394653031615,1,0
2026-09-22 19:30:00+00:00,urn:ngsi-ld:Building:PUNE:BLD-PHOENIX-01,4345.9,25.8,1,4487.65,4543.71,4574.2,5268.53,4327.96,4892.644583333334,5268.53,304.6429550770809,-0.923879532511287,0.38268343236508917,1,0
2026-09-22 19:45:00+00:00,urn:ngsi-ld:Building:PUNE:BLD-PHOENIX-01,4162.59,25.9,1,4422.02,4480.79,4664.25,4986.12,4247.44,4855.96875,5268.53,315.5402252082498,-0.8968727415326884,0.442288690219001,1,0
2026-09-22 20:00:00+00:00,urn:ngsi-ld:Building:PUNE:BLD-PHOENIX-01,4432.46,25.2,1,4442.51,4297.03,4592.34,4787.68,4549.26,4813.258333333333,5268.53,337.31661916118975,-0.8660254037844386,0.5000000000000001,1,0
2026-09-22 20:15:00+00:00,urn:ngsi-ld:Building:PUNE:BLD-PHOENIX-01,4561.83,24.9,1,4360.23,4386.02,4752.17,4623.5,4317.11,4781.45,5268.53,335.6588841433576,-0.8314696123025455,0.5555702330196018,1,0
2026-09-22 20:30:00+00:00,urn:ngsi-ld:Building:PUNE:BLD-PHOENIX-01,4487.65,24.8,1,4387.81,4345.9,4543.71,4574.2,4212.54,4755.677500000001,5268.53,327.34059150320513,-0.7933533402912357,0.6087614290087199,1,0
2026-09-22 20:45:00+00:00,urn:ngsi-ld:Building:PUNE:BLD-PHOENIX-01,4422.02,25.1,1,4284.74,4162.59,4480.79,4664.25,4466.04,4729.879583333333,5268.53,322.83201959184254,-0.7518398074789772,0.6593458151000691,1,0
2026-09-22 21:00:00+00:00,urn:ngsi-ld:Building:PUNE:BLD-PHOENIX-01,4442.51,22.9,1,4336.92,4432.46,4297.03,4592.34,4402.27,4704.524166666667,5268.53,322.08674823810355,-0.7071067811865477,0.7071067811865474,1,0
2026-09-22 21:15:00+00:00,urn:ngsi-ld:Building:PUNE:BLD-PHOENIX-01,4360.23,21.8,1,1911.72,4561.83,4386.02,4752.17,4535.1,4676.200833333333,5268.53,313.52857585482036,-0.6593458151000687,0.7518398074789775,1,0
2026-09-22 21:30:00+00:00,urn:ngsi-ld:Building:PUNE:BLD-PHOENIX-01,4387.81,21.2,1,1966.12,4487.65,4345.9,4543.71,4299.42,4643.8575,5268.53,303.87265166229804,-0.608761429008721,0.7933533402912349,1,0
2026-09-22 21:45:00+00:00,urn:ngsi-ld:Building:PUNE:BLD-PHOENIX-01,4284.74,20.6,1,2070.8,4422.02,4162.59,4480.79,4442.81,4608.29375,5268.53,279.9074218661879,-0.555570233019603,0.8314696123025447,1,0
2026-09-22 22:00:00+00:00,urn:ngsi-ld:Building:PUNE:BLD-PHOENIX-01,4336.92,20.6,1,2121.52,4442.51,4432.46,4297.03,4326.01,4574.647083333333,5268.53,267.4599630742141,-0.5000000000000004,0.8660254037844384,1,0
2026-09-22 22:15:00+00:00,urn:ngsi-ld:Building:PUNE:BLD-PHOENIX-01,1911.72,18.6,0,2107.8,4360.23,4561.83,4386.02,2002.21,4551.08875,5268.53,262.19192080071247,-0.4422886902190014,0.8968727415326883,1,0
2026-09-22 22:30:00+00:00,urn:ngsi-ld:Building:PUNE:BLD-PHOENIX-01,1966.12,18.6,0,2154.44,4387.81,4487.65,4345.9,2293.63,4420.53,5268.53,585.8558372011179,-0.38268343236508956,0.9238795325112868,1,0
2026-09-22 22:45:00+00:00,urn:ngsi-ld:Building:PUNE:BLD-PHOENIX-01,2070.8,19.0,0,1285.73,4284.74,4422.02,4162.59,2008.64,4282.9295833333335,4986.12,744.3945272821787,-0.32143946530316186,0.9469301294951056,1,0
2026-09-22 23:00:00+00:00,urn:ngsi-ld:Building:PUNE:BLD-PHOENIX-01,2121.52,18.9,0,1100.0,4336.92,4442.51,4432.46,2072.76,4161.457916666667,4787.68,854.3939024828253,-0.25881904510252157,0.9659258262890681,1,0
2026-09-22 23:15:00+00:00,urn:ngsi-ld:Building:PUNE:BLD-PHOENIX-01,2107.8,18.4,0,1220.95,1911.72,4360.23,4561.83,2065.65,4050.3679166666666,4752.17,938.6103170111818,-0.19509032201612872,0.9807852804032303,1,0
2026-09-22 23:30:00+00:00,urn:ngsi-ld:Building:PUNE:BLD-PHOENIX-01,2154.44,17.4,0,1399.28,1966.12,4387.81,4487.65,1880.55,3945.5470833333334,4752.17,1009.609190018294,-0.13052619222005168,0.9914448613738104,1,0
2026-09-22 23:45:00+00:00,urn:ngsi-ld:Building:PUNE:BLD-PHOENIX-01,1285.73,17.4,0,1384.06,2070.8,4284.74,4422.02,1100.0,3844.7237499999997,4752.17,1063.4856207274422,-0.0654031292301428,0.9978589232386035,1,0
2026-09-23 00:00:00+00:00,urn:ngsi-ld:Building:PUNE:BLD-PHOENIX-01,1100.0,17.2,0,1141.58,2121.52,4336.92,4442.51,1120.59,3703.952083333333,4752.17,1168.6905372587264,0.0,1.0,2,0
2026-09-23 00:15:00+00:00,urn:ngsi-ld:Building:PUNE:BLD-PHOENIX-01,1220.95,15.9,0,1219.77,2107.8,1911.72,4360.23,1252.87,3558.4379166666663,4752.17,1266.5841184615253,0.06540312923014306,0.9978589232386035,2,0
2026-09-23 00:30:00+00:00,urn:ngsi-ld:Building:PUNE:BLD-PHOENIX-01,1399.28,16.5,0,1311.74,2154.44,1966.12,4387.81,1169.83,3411.3037499999996,4561.83,1325.6122938339086,0.13052619222005157,0.9914448613738104,2,0
2026-09-23 00:45:00+00:00,urn:ngsi-ld:Building:PUNE:BLD-PHOENIX-01,1384.06,14.6,0,1350.13,1285.73,2070.8,4284.74,1173.57,3280.2858333333334,4561.83,1363.6686758087149,0.19509032201612825,0.9807852804032304,2,0
2026-09-23 01:00:00+00:00,urn:ngsi-ld:Building:PUNE:BLD-PHOENIX-01,1141.58,14.5,0,1246.24,1100.0,2121.52,4336.92,1362.89,3151.255416666667,4561.83,1391.3632932018127,0.25881904510252074,0.9659258262890683,2,0
2026-09-23 01:15:00+00:00,urn:ngsi-ld:Building:PUNE:BLD-PHOENIX-01,1219.77,14.9,0,1410.36,1220.95,2107.8,1911.72,1227.68,3019.7783333333336,4561.83,1427.0163192804637,0.3214394653031616,0.9469301294951057,2,0
2026-09-23 01:30:00+00:00,urn:ngsi-ld:Building:PUNE:BLD-PHOENIX-01,1311.74,13.9,0,1159.09,1399.28,2154.44,1966.12,1250.85,2887.8512499999997,4561.83,1441.5019012046564,0.3826834323650898,0.9238795325112867,2,0
2026-09-23 01:45:00+00:00,urn:ngsi-ld:Building:PUNE:BLD-PHOENIX-01,1350.13,15.1,0,1146.87,1384.06,1285.73,2070.8,1172.4,2761.427916666667,4561.83,1441.1192768273224,0.44228869021900125,0.8968727415326884,2,0
2026-09-23 02:00:00+00:00,urn:ngsi-ld:Building:PUNE:BLD-PHOENIX-01,1246.24,14.3,0,1238.02,1141.58,1100.0,2121.52,1194.94,2644.242083333333,4561.83,1436.5704309070086,0.49999999999999994,0.8660254037844387,2,0
2026-09-23 02:15:00+00:00,urn:ngsi-ld:Building:PUNE:BLD-PHOENIX-01,1410.36,14.5,0,1256.12,1219.77,1220.95,2107.8,1232.06,2511.482916666667,4561.83,1411.129403727753,0.5555702330196022,0.8314696123025452,2,0
2026-09-23 02:30:00+00:00,urn:ngsi-ld:Building:PUNE:BLD-PHOENIX-01,1159.09,12.8,0,1227.55,1311.74,1399.28,2154.44,1319.75,2380.1716666666666,4487.65,1357.65634881415,0.6087614290087207,0.7933533402912352,2,0
2026-09-23 02:45:00+00:00,urn:ngsi-ld:Building:PUNE:BLD-PHOENIX-01,1146.87,14.5,0,1234.25,1350.13,1384.06,1285.73,1170.14,2241.481666666667,4442.51,1301.8756542294539,0.6593458151000688,0.7518398074789774,2,0
2026-09-23 03:00:00+00:00,urn:ngsi-ld:Building:PUNE:BLD-PHOENIX-01,1238.02,14.4,0,1100.0,1246.24,1141.58,1100.0,1425.41,2105.0170833333336,4442.51,1233.2130239531411,0.7071067811865476,0.7071067811865476,2,0
2026-09-23 03:15:00+00:00,urn:ngsi-ld:Building:PUNE:BLD-PHOENIX-01,1256.12,14.3,0,1207.15,1410.36,1219.77,1220.95,1253.3,1971.4966666666667,4387.81,1139.0055980190991,0.7518398074789774,0.6593458151000688,2,0
2026-09-23 03:30:00+00:00,urn:ngsi-ld:Building:PUNE:BLD-PHOENIX-01,1227.55,15.2,0,1306.15,1159.09,1311.74,1399.28,1217.09,1842.1587500000003,4387.81,1026.6643755441296,0.7933533402912352,0.6087614290087207,2,0
2026-09-23 03:45:00+00:00,urn:ngsi-ld:Building:PUNE:BLD-PHOENIX-01,1234.25,14.7,0,1153.95,1146.87,1350.13,1384.06,1154.6,1710.4812499999998,4336.92,877.8477265464218,0.8314696123025451,0.5555702330196024,2,0
2026-09-23 04:00:00+00:00,urn:ngsi-ld:Building:PUNE:BLD-PHOENIX-01,1100.0,15.2,0,1131.97,1238.02,1246.24,1141.58,1403.04,1583.3774999999998,4336.92,689.5632482341421,0.8660254037844386,0.5000000000000001,2,0
2026-09-23 04:15:00+00:00,urn:ngsi-ld:Building:PUNE:BLD-PHOENIX-01,1207.15,15.8,0,1368.95,1256.12,1410.36,1219.77,1451.44,1448.5058333333334,2154.44,370.16627281495175,0.8968727415326884,0.44228869021900125,2,0
2026-09-23 04:30:00+00:00,urn:ngsi-ld:Building:PUNE:BLD-PHOENIX-01,1306.15,16.5,0,1140.93,1227.55,1159.09,1311.74,1262.0,1419.14875,2154.44,359.62128346979074,0.9238795325112867,0.38268343236508984,2,0
2026-09-23 04:45:00+00:00,urn:ngsi-ld:Building:PUNE:BLD-PHOENIX-01,1153.95,16.8,0,1242.76,1234.25,1146.87,1350.13,1263.61,1391.6499999999999,2154.44,340.71373756457245,0.9469301294951056,0.3214394653031617,2,0
2026-09-23 05:00:00+00:00,urn:ngsi-ld:Building:PUNE:BLD-PHOENIX-01,1131.97,16.2,0,1100.0,1100.0,1238.02,1246.24,1315.07,1353.4479166666667,2154.44,311.3927730581832,0.9659258262890683,0.25881904510252074,2,0
2026-09-23 05:15:00+00:00,urn:ngsi-ld:Building:PUNE:BLD-PHOENIX-01,1368.95,16.4,0,1296.51,1207.15,1256.12,1410.36,1244.53,1312.2166666666667,2154.44,267.72170158851895,0.9807852804032304,0.19509032201612833,2,0
2026-09-23 05:30:00+00:00,urn:ngsi-ld:Building:PUNE:BLD-PHOENIX-01,1140.93,18.2,0,1207.55,1306.15,1227.55,1159.09,1165.0,1281.4312499999999,2154.44,208.10145354595045,0.9914448613738104,0.1305261922200517,2,0
2026-09-23 05:45:00+00:00,urn:ngsi-ld:Building:PUNE:BLD-PHOENIX-01,1242.76,17.5,0,1289.49,1153.95,1234.25,1146.87,1138.75,1239.2016666666666,1410.36,95.74403442271843,0.9978589232386035,0.06540312923014327,2,0
2026-09-23 06:00:00+00:00,urn:ngsi-ld:Building:PUNE:BLD-PHOENIX-01,1100.0,18.6,0,1215.25,1131.97,1100.0,1238.02,1447.07,1237.4112499999999,1410.36,95.2365486707695,1.0,6.123233995736766e-17,2,0
2026-09-23 06:15:00+00:00,urn:ngsi-ld:Building:PUNE:BLD-PHOENIX-01,1296.51,17.8,0,1277.09,1368.95,1207.15,1256.12,1107.01,1237.4112499999999,1410.36,95.2365486707695,0.9978589232386035,-0.06540312923014314,2,0
2026-09-23 06:30:00+00:00,urn:ngsi-ld:Building:PUNE:BLD-PHOENIX-01,1207.55,18.1,0,1253.58,1140.93,1306.15,1227.55,1290.04,1240.5595833333334,1410.36,95.91522663175698,0.9914448613738104,-0.1305261922200516,2,0
2026-09-23 06:45:00+00:00,urn:ngsi-ld:Building:PUNE:BLD-PHOENIX-01,1289.49,19.9,0,1413.23,1242.76,1153.95,1234.25,1117.06,1232.5708333333334,1410.36,89.917736554608,0.9807852804032304,-0.1950903220161282,2,0
2026-09-23 07:00:00+00:00,urn:ngsi-ld:Building:PUNE:BLD-PHOENIX-01,1215.25,20.3,0,2165.38,1100.0,1131.97,1100.0,1249.05,1228.6304166666666,1410.36,84.9239464605241,0.9659258262890683,-0.25881904510252063,2,0
2026-09-23 07:15:00+00:00,urn:ngsi-ld:Building:PUNE:BLD-PHOENIX-01,1277.09,21.5,0,2000.2,1296.51,1368.95,1207.15,1225.94,1231.7,1410.36,82.94914314101457,0.9469301294951057,-0.3214394653031616,2,0
2026-09-23 07:30:00+00:00,urn:ngsi-ld:Building:PUNE:BLD-PHOENIX-01,1253.58,21.2,0,2036.36,1207.55,1140.93,1306.15,1129.63,1234.0883333333334,1410.36,83.4146051056407,0.9238795325112868,-0.3826834323650895,2,0
2026-09-23 07:45:00+00:00,urn:ngsi-ld:Building:PUNE:BLD-PHOENIX-01,1413.23,22.4,0,2170.26,1289.49,1242.76,1153.95,1318.56,1231.665,1410.36,81.89152915795702,0.8968727415326884,-0.44228869021900113,2,0
2026-09-23 08:00:00+00:00,urn:ngsi-ld:Building:PUNE:BLD-PHOENIX-01,2165.38,23.2,0,2020.96,1215.25,1100.0,1131.97,1959.05,1234.2941666666666,1413.23,86.7302442567933,0.8660254037844387,-0.4999999999999998,2,0
2026-09-23 08:15:00+00:00,urn:ngsi-ld:Building:PUNE:BLD-PHOENIX-01,2000.2,23.0,0,2071.18,1277.09,1296.51,1368.95,1918.75,1272.5916666666667,2165.38,208.99203990805518,0.8314696123025451,-0.5555702330196023,2,0
2026-09-23 08:30:00+00:00,urn:ngsi-ld:Building:PUNE:BLD-PHOENIX-01,2036.36,23.9,0,1922.29,1253.58,1207.55,1140.93,2129.51,1297.1683333333333,2165.38,255.4215565051997,0.7933533402912352,-0.6087614290087207,2,0
2026-09-23 08:45:00+00:00,urn:ngsi-ld:Building:PUNE:BLD-PHOENIX-01,2170.26,24.0,0,2044.49,1413.23,1289.49,1242.76,2026.34,1333.7212499999998,2165.38,294.5738160876818,0.7518398074789774,-0.6593458151000688,2,0
2026-09-23 09:00:00+00:00,urn:ngsi-ld:Building:PUNE:BLD-PHOENIX-01,2020.96,25.8,0,4406.41,2165.38,1215.25,1100.0,1988.41,1376.3625,2170.26,337.3194153688543,0.7071067811865476,-0.7071067811865475,2,0
2026-09-23 09:15:00+00:00,urn:ngsi-ld:Building:PUNE:BLD-PHOENIX-01,2071.18,26.2,0,4247.24,2000.2,1277.09,1296.51,2056.93,1408.985,2170.26,360.42648368167073,0.659345815100069,-0.7518398074789773,2,0
2026-09-23 09:30:00+00:00,urn:ngsi-ld:Building:PUNE:BLD-PHOENIX-01,1922.29,26.9,0,4553.11,2036.36,1253.58,1207.55,2020.1,1442.9458333333334,2170.26,383.0836635936362,0.6087614290087209,-0.793353340291235,2,0
2026-09-23 09:45:00+00:00,urn:ngsi-ld:Building:PUNE:BLD-PHOENIX-01,2044.49,27.0,0,4783.5,2170.26,1413.23,1289.49,1953.65,1471.8933333333332,2170.26,392.2391476113062,0.5555702330196025,-0.831469612302545,2,0
2026-09-23 10:00:00+00:00,urn:ngsi-ld:Building:PUNE:BLD-PHOENIX-01,4406.41,28.0,1,4672.62,2020.96,2165.38,1215.25,4503.41,1505.6533333333334,2170.26,405.539067518854,0.49999999999999994,-0.8660254037844387,2,0
2026-09-23 10:15:00+00:00,urn:ngsi-ld:Building:PUNE:BLD-PHOENIX-01,4247.24,26.7,1,4745.46,2071.18,2000.2,1277.09,4609.6,1643.4204166666666,4406.41,709.4684066837873,0.4422886902190017,-0.8968727415326881,2,0
2026-09-23 10:30:00+00:00,urn:ngsi-ld:Building:PUNE:BLD-PHOENIX-01,4553.11,28.7,1,4664.36,1922.29,2036.36,1253.58,4609.65,1770.090833333333,4406.41,879.2635194095668,0.3826834323650899,-0.9238795325112867,2,0
2026-09-23 10:45:00+00:00,urn:ngsi-ld:Building:PUNE:BLD-PHOENIX-01,4783.5,30.3,1,4961.58,2044.49,2170.26,1413.23,4447.02,1905.3808333333334,4553.11,1039.9011890305285,0.32143946530316175,-0.9469301294951056,2,0
2026-09-23 11:00:00+00:00,urn:ngsi-ld:Building:PUNE:BLD-PHOENIX-01,4672.62,29.8,1,4812.05,4406.41,2020.96,2165.38,4807.87,2056.612083333333,4783.5,1180.311185286689,0.258819045102521,-0.9659258262890682,2,0
2026-09-23 11:15:00+00:00,urn:ngsi-ld:Building:PUNE:BLD-PHOENIX-01,4745.46,30.9,1,4924.73,4247.24,2071.18,2000.2,4684.2,2204.1391666666664,4783.5,1277.0258591706695,0.19509032201612816,-0.9807852804032304,2,0
2026-09-23 11:30:00+00:00,urn:ngsi-ld:Building:PUNE:BLD-PHOENIX-01,4664.36,30.6,1,4852.1,4553.11,1922.29,2036.36,4838.3,2344.827083333333,4783.5,1364.0416688633375,0.130526192220052,-0.9914448613738104,2,0
2026-09-23 11:45:00+00:00,urn:ngsi-ld:Building:PUNE:BLD-PHOENIX-01,4961.58,32.0,1,4974.21,4783.5,2044.49,2170.26,4782.7,2491.6366666666668,4783.5,1417.401388106349,0.06540312923014312,-0.9978589232386035,2,0
2026-09-23 12:00:00+00:00,urn:ngsi-ld:Building:PUNE:BLD-PHOENIX-01,4812.05,31.1,1,4856.1,4672.62,4406.41,2020.96,5003.9,2646.5875,4961.58,1476.9579027360112,1.2246467991473532e-16,-1.0,2,0
2026-09-23 12:15:00+00:00,urn:ngsi-ld:Building:PUNE:BLD-PHOENIX-01,4924.73,32.2,1,5027.66,4745.46,4247.24,2071.18,4956.42,2801.25625,4961.58,1502.106689876685,-0.06540312923014287,-0.9978589232386035,2,0
2026-09-23 12:30:00+00:00,urn:ngsi-ld:Building:PUNE:BLD-PHOENIX-01,4852.1,31.9,1,5056.96,4664.36,4553.11,1922.29,5117.1,2952.432083333333,4961.58,1526.4600136718157,-0.13052619222005177,-0.9914448613738104,2,0
2026-09-23 12:45:00+00:00,urn:ngsi-ld:Building:PUNE:BLD-PHOENIX-01,4974.21,32.7,1,5194.77,4961.58,4783.5,2044.49,5173.75,3104.2883333333334,4961.58,1526.6120631295837,-0.19509032201612792,-0.9807852804032305,2,0
2026-09-23 13:00:00+00:00,urn:ngsi-ld:Building:PUNE:BLD-PHOENIX-01,4856.1,32.5,1,5103.43,4812.05,4672.62,4406.41,5072.26,3257.818333333333,4974.21,1521.43982130963,-0.2588190451025208,-0.9659258262890683,2,0
2026-09-23 13:15:00+00:00,urn:ngsi-ld:Building:PUNE:BLD-PHOENIX-01,5027.66,33.0,1,4956.87,4924.73,4745.46,4247.24,5116.39,3409.5204166666663,4974.21,1490.1125482222462,-0.32143946530316153,-0.9469301294951057,2,0
2026-09-23 13:30:00+00:00,urn:ngsi-ld:Building:PUNE:BLD-PHOENIX-01,5056.96,33.0,1,5058.44,4852.1,4664.36,4553.11,5226.12,3565.7941666666666,5027.66,1452.9582258153555,-0.38268343236508967,-0.9238795325112868,2,0
2026-09-23 13:45:00+00:00,urn:ngsi-ld:Building:PUNE:BLD-PHOENIX-01,5194.77,33.8,1,5050.03,4974.21,4961.58,4783.5,5187.64,3724.2683333333334,5056.96,1396.1051201721982,-0.44228869021900147,-0.8968727415326883,2,0
2026-09-23 14:00:00+00:00,urn:ngsi-ld:Building:PUNE:BLD-PHOENIX-01,5103.43,33.8,1,4863.74,4856.1,4812.05,4672.62,5195.86,3881.8325,5194.77,1336.0415319281697,-0.4999999999999997,-0.8660254037844388,2,0
2026-09-23 14:15:00+00:00,urn:ngsi-ld:Building:PUNE:BLD-PHOENIX-01,4956.87,33.1,1,5087.98,5027.66,4924.73,4745.46,5180.37,4004.25125,5194.77,1306.198920942862,-0.555570233019602,-0.8314696123025455,2,0
2026-09-23 14:30:00+00:00,urn:ngsi-ld:Building:PUNE:BLD-PHOENIX-01,5058.44,33.1,1,4898.6,5056.96,4852.1,4664.36,5106.8,4127.445833333333,5194.77,1247.059055576336,-0.6087614290087207,-0.7933533402912352,2,0
2026-09-23 14:45:00+00:00,urn:ngsi-ld:Building:PUNE:BLD-PHOENIX-01,5050.03,33.0,1,5199.33,5194.77,4974.21,4961.58,5030.55,4253.365833333333,5194.77,1177.361908981699,-0.6593458151000688,-0.7518398074789774,2,0
2026-09-23 15:00:00+00:00,urn:ngsi-ld:Building:PUNE:BLD-PHOENIX-01,4863.74,32.8,1,4966.05,5103.43,4856.1,4812.05,5122.27,4373.35625,5194.77,1100.0388050064985,-0.7071067811865471,-0.7071067811865479,2,0
2026-09-23 15:15:00+00:00,urn:ngsi-ld:Building:PUNE:BLD-PHOENIX-01,5087.98,33.8,1,4886.78,4956.87,5027.66,4924.73,5136.47,4491.805416666667,5194.77,982.4978537690071,-0.7518398074789773,-0.6593458151000691,2,0
2026-09-23 15:30:00+00:00,urn:ngsi-ld:Building:PUNE:BLD-PHOENIX-01,4898.6,32.7,1,5319.04,5058.44,5056.96,4852.1,5241.34,4617.505416666667,5194.77,842.3242099457343,-0.7933533402912349,-0.6087614290087209,2,0
2026-09-23 15:45:00+00:00,urn:ngsi-ld:Building:PUNE:BLD-PHOENIX-01,5199.33,33.2,1,4717.38,5050.03,5194.77,4974.21,5092.26,4741.518333333333,5194.77,617.3033520969755,-0.8314696123025452,-0.5555702330196022,2,0
2026-09-23 16:00:00+00:00,urn:ngsi-ld:Building:PUNE:BLD-PHOENIX-01,4966.05,32.5,1,4796.98,4863.74,5103.43,4856.1,4902.32,4872.97,5199.33,236.4023441177473,-0.8660254037844385,-0.5000000000000004,2,0
2026-09-23 16:15:00+00:00,urn:ngsi-ld:Building:PUNE:BLD-PHOENIX-01,4886.78,33.2,1,4874.63,5087.98,4956.87,5027.66,5045.13,4896.288333333333,5199.33,215.01419080910318,-0.8968727415326883,-0.44228869021900136,2,0
2026-09-23 16:30:00+00:00,urn:ngsi-ld:Building:PUNE:BLD-PHOENIX-01,5319.04,33.4,1,4683.21,4898.6,5058.44,5056.96,5268.53,4922.935833333333,5199.33,164.8582894730779,-0.9238795325112868,-0.3826834323650895,2,0
2026-09-23 16:45:00+00:00,urn:ngsi-ld:Building:PUNE:BLD-PHOENIX-01,4717.38,30.3,1,4762.36,5199.33,5050.03,5194.77,4986.12,4954.849583333334,5319.04,164.28812763692252,-0.9469301294951056,-0.3214394653031618,2,0
2026-09-23 17:00:00+00:00,urn:ngsi-ld:Building:PUNE:BLD-PHOENIX-01,4796.98,31.1,1,4432.0,4966.05,4863.74,5103.43,4787.68,4952.094583333333,5319.04,167.80326303976798,-0.9659258262890683,-0.25881904510252063,2,0
2026-09-23 17:15:00+00:00,urn:ngsi-ld:Building:PUNE:BLD-PHOENIX-01,4874.63,30.9,1,4688.43,4886.78,5087.98,4956.87,4623.5,4957.27625,5319.04,160.56186755089533,-0.9807852804032303,-0.19509032201612866,2,0
2026-09-23 17:30:00+00:00,urn:ngsi-ld:Building:PUNE:BLD-PHOENIX-01,4683.21,30.6,1,4503.98,5319.04,4898.6,5058.44,4574.2,4962.658333333333,5319.04,155.22937884946023,-0.9914448613738104,-0.13052619222005163,2,0
2026-09-23 17:45:00+00:00,urn:ngsi-ld:Building:PUNE:BLD-PHOENIX-01,4762.36,30.2,1,4694.43,4717.38,5199.33,5050.03,4664.25,4963.44375,5319.04,153.69455190521333,-0.9978589232386035,-0.06540312923014273,2,0
2026-09-23 18:00:00+00:00,urn:ngsi-ld:Building:PUNE:BLD-PHOENIX-01,4432.0,29.1,1,4318.85,4796.98,4966.05,4863.74,4592.34,4955.142916666667,5319.04,159.0848639394071,-1.0,-1.8369701987210297e-16,2,0
2026-09-23 18:15:00+00:00,urn:ngsi-ld:Building:PUNE:BLD-PHOENIX-01,4688.43,30.5,1,4312.1,4874.63,4886.78,5087.98,4752.17,4939.3075,5319.04,189.88194717524271,-0.9978589232386036,0.06540312923014237,2,0
2026-09-23 18:30:00+00:00,urn:ngsi-ld:Building:PUNE:BLD-PHOENIX-01,4503.98,28.7,1,4186.41,4683.21,5319.04,4898.6,4543.71,4929.461666666667,5319.04,196.6755201200976,-0.9914448613738105,0.13052619222005127,2,0
2026-09-23 18:45:00+00:00,urn:ngsi-ld:Building:PUNE:BLD-PHOENIX-01,4694.43,28.5,1,4246.8,4762.36,4717.38,5199.33,4480.79,4914.956666666667,5319.04,214.64524073697197,-0.9807852804032304,0.1950903220161283,2,0
2026-09-23 19:00:00+00:00,urn:ngsi-ld:Building:PUNE:BLD-PHOENIX-01,4318.85,28.0,1,4522.96,4432.0,4796.98,4966.05,4297.03,4903.299166666667,5319.04,218.84368487116356,-0.9659258262890684,0.2588190451025203,2,0
2026-09-23 19:15:00+00:00,urn:ngsi-ld:Building:PUNE:BLD-PHOENIX-01,4312.1,26.2,1,4391.7,4688.43,4874.63,4886.78,4386.02,4880.913750000001,5319.04,249.24715735703293,-0.9469301294951057,0.3214394653031615,2,0
2026-09-23 19:30:00+00:00,urn:ngsi-ld:Building:PUNE:BLD-PHOENIX-01,4186.41,26.3,1,4409.25,4503.98,4683.21,5319.04,4345.9,4851.09875,5319.04,272.6309453441723,-0.923879532511287,0.38268343236508917,2,0
2026-09-23 19:45:00+00:00,urn:ngsi-ld:Building:PUNE:BLD-PHOENIX-01,4246.8,26.3,1,4246.71,4694.43,4762.36,4717.38,4162.59,4814.825833333333,5319.04,300.5350617455867,-0.8968727415326884,0.442288690219001,2,0
2026-09-23 20:00:00+00:00,urn:ngsi-ld:Building:PUNE:BLD-PHOENIX-01,4522.96,26.1,1,4305.75,4318.85,4432.0,4796.98,4432.46,4775.327083333334,5319.04,310.5564839960847,-0.8660254037844386,0.5000000000000001,2,0
2026-09-23 20:15:00+00:00,urn:ngsi-ld:Building:PUNE:BLD-PHOENIX-01,4391.7,24.5,1,4440.22,4312.1,4688.43,4874.63,4561.83,4751.140833333333,5319.04,306.4694333707642,-0.8314696123025455,0.5555702330196018,2,0
2026-09-23 20:30:00+00:00,urn:ngsi-ld:Building:PUNE:BLD-PHOENIX-01,4409.25,23.3,1,4514.83,4186.41,4503.98,4683.21,4487.65,4727.592083333334,5319.04,311.6439571185875,-0.7933533402912357,0.6087614290087199,2,0
2026-09-23 20:45:00+00:00,urn:ngsi-ld:Building:PUNE:BLD-PHOENIX-01,4246.71,23.1,1,4503.47,4246.8,4694.43,4762.36,4422.02,4700.5425000000005,5319.04,309.8475085846333,-0.7518398074789772,0.6593458151000691,2,0
2026-09-23 21:00:00+00:00,urn:ngsi-ld:Building:PUNE:BLD-PHOENIX-01,4305.75,22.6,1,4349.9,4522.96,4318.85,4432.0,4442.51,4667.070833333333,5319.04,313.8166158889429,-0.7071067811865477,0.7071067811865474,2,0
2026-09-23 21:15:00+00:00,urn:ngsi-ld:Building:PUNE:BLD-PHOENIX-01,4440.22,22.0,1,2017.35,4391.7,4312.1,4688.43,4360.23,4643.82125,5319.04,319.23556260044336,-0.6593458151000687,0.7518398074789775,2,0
2026-09-23 21:30:00+00:00,urn:ngsi-ld:Building:PUNE:BLD-PHOENIX-01,4514.83,21.1,1,2192.48,4409.25,4186.41,4503.98,4387.81,4616.83125,5319.04,307.20722033966183,-0.608761429008721,0.7933533402912349,2,0
2026-09-23 21:45:00+00:00,urn:ngsi-ld:Building:PUNE:BLD-PHOENIX-01,4503.47,20.2,1,2011.54,4246.71,4246.8,4694.43,4284.74,4600.840833333334,5319.04,301.84421101129567,-0.555570233019603,0.8314696123025447,2,0
2026-09-23 22:00:00+00:00,urn:ngsi-ld:Building:PUNE:BLD-PHOENIX-01,4349.9,19.8,1,1975.7,4305.75,4522.96,4318.85,4336.92,4571.846666666667,5319.04,273.9917686270508,-0.5000000000000004,0.8660254037844384,2,0
2026-09-23 22:15:00+00:00,urn:ngsi-ld:Building:PUNE:BLD-PHOENIX-01,2017.35,19.5,0,1941.1,4440.22,4391.7,4312.1,1911.72,4546.17375,5319.04,264.13846340614697,-0.4422886902190014,0.8968727415326883,2,0
2026-09-23 22:30:00+00:00,urn:ngsi-ld:Building:PUNE:BLD-PHOENIX-01,2192.48,19.7,0,2073.71,4514.83,4409.25,4186.41,1966.12,4426.614166666667,5319.04,572.582214578366,-0.38268343236508956,0.9238795325112868,2,0
2026-09-23 22:45:00+00:00,urn:ngsi-ld:Building:PUNE:BLD-PHOENIX-01,2011.54,19.4,0,1245.6,4503.47,4246.71,4246.8,2070.8,4296.340833333333,4874.63,701.8046067718908,-0.32143946530316186,0.9469301294951056,2,0
